Order_Item_ID,Order_ID,Product_ID,Quantity,Unit_Price,Discount
1,1,21,3,17242.26,0.05
2,2,126,1,1621.66,0.1
3,2,138,2,49356.42,0.2
4,3,6,3,21794.83,0.2
5,4,185,3,25661.22,0.05
6,4,147,1,31001.46,0.15
7,5,13,2,15039.84,0.1
8,6,109,2,36362.87,0.2
9,7,96,1,14581.98,0.1
10,8,138,1,49356.42,0.15
11,8,193,3,12185.72,0.0
12,9,172,1,17664.71,0.05
13,9,82,3,30777.11,0.15
14,10,191,1,25668.57,0.0
15,11,150,1,27289.27,0.05
16,11,21,3,17242.26,0.05
17,12,122,3,11268.33,0.1
18,12,79,2,18307.97,0.0
19,12,35,1,29269.09,0.15
20,13,16,3,23743.03,0.2
21,14,137,1,13836.35,0.2
22,15,11,2,26704.67,0.0
23,15,73,1,49942.04,0.1
24,16,119,1,16619.7,0.15
25,17,88,3,12091.36,0.2
26,18,98,2,3308.53,0.05
27,19,21,2,17242.26,0.2
28,19,56,3,44872.49,0.2
29,19,177,2,4661.0,0.2
30,20,91,1,19812.47,0.2
31,21,2,3,40309.91,0.1
32,22,193,2,12185.72,0.0
33,23,75,2,40963.99,0.05
34,24,86,2,8655.62,0.15
35,25,125,3,6198.59,0.05
36,26,30,1,8833.65,0.15
37,27,101,3,28858.95,0.2
38,28,35,3,29269.09,0.05
39,29,47,2,44066.13,0.0
40,30,140,3,30777.61,0.15
41,30,153,2,42981.95,0.0
42,30,108,2,50140.67,0.05
43,31,134,1,20156.16,0.15
44,32,66,3,47190.57,0.15
45,32,18,1,5102.7,0.0
46,33,160,2,23328.29,0.05
47,33,179,2,36065.25,0.2
48,33,119,3,16619.7,0.1
49,34,68,1,10784.99,0.1
50,35,10,3,18200.22,0.2
51,35,49,1,26129.96,0.05
52,35,172,2,17664.71,0.05
53,36,37,2,29778.23,0.15
54,37,35,3,29269.09,0.0
55,38,67,3,21572.02,0.1
56,39,136,3,42539.86,0.05
57,40,55,3,28833.78,0.15
58,40,6,3,21794.83,0.0
59,41,103,2,41454.92,0.2
60,42,178,3,2898.19,0.05
61,42,1,1,40696.64,0.2
62,43,72,3,19963.16,0.2
63,44,70,2,18353.81,0.1
64,45,181,1,40139.53,0.1
65,46,117,1,36095.84,0.15
66,47,69,1,9019.63,0.0
67,48,109,3,36362.87,0.0
68,48,142,1,19228.31,0.15
69,49,70,3,18353.81,0.0
70,49,199,1,7411.65,0.1
71,50,152,3,2563.86,0.0
72,50,129,3,48499.86,0.15
73,50,195,1,24840.62,0.2
74,51,167,3,39773.19,0.1
75,52,57,1,46927.83,0.15
76,52,188,2,43924.5,0.15
77,52,60,2,10418.46,0.0
78,53,25,3,38481.68,0.0
79,53,60,3,10418.46,0.0
80,54,29,1,30681.71,0.2
81,54,90,3,37188.84,0.15
82,55,48,2,18097.56,0.05
83,55,140,2,30777.61,0.1
84,55,33,1,12098.86,0.0
85,56,18,1,5102.7,0.0
86,56,168,3,2470.72,0.0
87,56,44,3,30820.13,0.1
88,57,35,1,29269.09,0.1
89,58,17,1,30784.12,0.15
90,58,6,3,21794.83,0.2
91,59,70,3,18353.81,0.05
92,59,26,1,5340.38,0.1
93,60,200,1,20299.02,0.2
94,61,16,2,23743.03,0.2
95,61,160,2,23328.29,0.0
96,62,37,3,29778.23,0.15
97,62,193,1,12185.72,0.2
98,62,71,3,45760.82,0.2
99,63,191,2,25668.57,0.1
100,64,148,1,21684.4,0.05
101,64,105,2,17777.23,0.0
102,64,53,2,50251.89,0.1
103,65,48,1,18097.56,0.1
104,65,75,3,40963.99,0.05
105,66,26,1,5340.38,0.2
106,67,14,1,10524.66,0.1
107,67,10,2,18200.22,0.2
108,68,177,2,4661.0,0.05
109,69,4,1,41885.03,0.2
110,70,178,3,2898.19,0.05
111,71,39,1,11770.94,0.0
112,72,200,2,20299.02,0.15
113,72,61,3,20943.29,0.05
114,73,93,1,34455.75,0.15
115,74,150,2,27289.27,0.15
116,74,8,2,43782.92,0.2
117,74,3,2,23359.03,0.0
118,75,127,1,40465.67,0.05
119,76,145,1,12372.58,0.0
120,77,56,2,44872.49,0.0
121,77,158,1,17342.07,0.0
122,78,44,1,30820.13,0.0
123,78,42,1,35391.16,0.2
124,79,145,3,12372.58,0.2
125,79,11,2,26704.67,0.0
126,80,127,1,40465.67,0.0
127,80,37,1,29778.23,0.1
128,81,182,2,29776.4,0.15
129,82,127,3,40465.67,0.05
130,82,29,3,30681.71,0.0
131,83,2,2,40309.91,0.1
132,84,105,1,17777.23,0.05
133,85,195,2,24840.62,0.05
134,85,78,1,22980.54,0.1
135,86,166,2,23654.57,0.0
136,87,47,1,44066.13,0.2
137,88,22,1,36885.18,0.0
138,89,79,2,18307.97,0.15
139,89,190,1,25334.25,0.15
140,90,54,1,11768.03,0.15
141,90,173,3,26855.55,0.1
142,91,58,1,4945.79,0.15
143,92,167,2,39773.19,0.2
144,93,185,1,25661.22,0.05
145,93,143,2,33742.3,0.1
146,94,92,3,40516.93,0.1
147,94,150,1,27289.27,0.15
148,95,28,1,18136.06,0.2
149,96,82,3,30777.11,0.0
150,96,138,1,49356.42,0.15
151,97,104,3,31127.57,0.1
152,98,138,2,49356.42,0.15
153,98,106,3,36075.95,0.15
154,99,132,2,30606.19,0.05
155,99,173,1,26855.55,0.15
156,100,16,1,23743.03,0.2
157,101,80,2,19270.14,0.1
158,102,192,1,28177.04,0.15
159,103,143,3,33742.3,0.0
160,103,23,3,26378.92,0.0
161,104,159,3,3070.84,0.05
162,105,77,1,6283.7,0.0
163,106,189,3,24813.39,0.2
164,107,197,3,26851.86,0.05
165,107,52,1,15906.74,0.1
166,107,101,1,28858.95,0.1
167,108,131,2,30688.69,0.1
168,109,11,3,26704.67,0.05
169,110,147,3,31001.46,0.15
170,111,111,1,3742.68,0.05
171,112,3,1,23359.03,0.05
172,112,44,1,30820.13,0.15
173,113,191,1,25668.57,0.1
174,113,38,2,45352.89,0.0
175,114,195,1,24840.62,0.0
176,114,56,1,44872.49,0.2
177,114,1,3,40696.64,0.15
178,115,75,3,40963.99,0.15
179,116,152,1,2563.86,0.2
180,117,133,3,21014.51,0.2
181,118,146,1,40286.57,0.1
182,118,24,1,29603.93,0.15
183,119,6,1,21794.83,0.15
184,119,149,3,5864.85,0.05
185,120,36,2,39563.63,0.05
186,120,176,2,33751.54,0.2
187,121,198,3,26983.92,0.15
188,121,148,3,21684.4,0.2
189,122,3,3,23359.03,0.1
190,123,22,3,36885.18,0.15
191,124,67,2,21572.02,0.05
192,125,6,3,21794.83,0.2
193,126,176,1,33751.54,0.05
194,127,25,3,38481.68,0.05
195,128,22,1,36885.18,0.1
196,128,25,1,38481.68,0.2
197,128,134,3,20156.16,0.1
198,129,85,1,23127.94,0.2
199,129,129,2,48499.86,0.05
200,130,49,1,26129.96,0.0
201,130,163,2,35870.08,0.05
202,130,67,2,21572.02,0.05
203,130,171,2,9250.53,0.15
204,131,115,2,31652.31,0.15
205,132,156,2,15379.26,0.2
206,132,153,3,42981.95,0.1
207,132,65,2,10714.5,0.15
208,133,184,1,22608.18,0.0
209,134,36,2,39563.63,0.0
210,135,181,3,40139.53,0.0
211,135,198,3,26983.92,0.2
212,136,36,3,39563.63,0.05
213,137,153,2,42981.95,0.0
214,138,101,1,28858.95,0.0
215,139,129,1,48499.86,0.15
216,140,84,1,8374.62,0.15
217,141,92,3,40516.93,0.05
218,142,41,1,7052.31,0.1
219,143,5,1,4803.48,0.2
220,143,3,1,23359.03,0.2
221,143,76,1,12285.91,0.2
222,143,23,3,26378.92,0.1
223,144,30,3,8833.65,0.15
224,145,161,2,42411.41,0.1
225,145,46,3,44085.92,0.0
226,145,162,2,48984.46,0.15
227,146,9,1,11984.47,0.15
228,147,57,2,46927.83,0.15
229,147,15,2,38205.74,0.0
230,148,33,3,12098.86,0.05
231,149,118,1,29041.54,0.0
232,150,191,1,25668.57,0.05
233,151,33,2,12098.86,0.0
234,151,146,2,40286.57,0.0
235,151,189,1,24813.39,0.0
236,151,161,3,42411.41,0.1
237,152,184,2,22608.18,0.15
238,152,96,2,14581.98,0.1
239,152,3,1,23359.03,0.1
240,153,186,1,8577.37,0.1
241,154,37,2,29778.23,0.05
242,154,113,3,27795.82,0.1
243,155,7,1,30948.06,0.2
244,156,61,1,20943.29,0.1
245,157,191,3,25668.57,0.05
246,158,80,2,19270.14,0.05
247,158,126,2,1621.66,0.2
248,158,39,2,11770.94,0.0
249,159,105,3,17777.23,0.05
250,160,82,1,30777.11,0.05
251,161,172,2,17664.71,0.15
252,161,47,1,44066.13,0.2
253,162,108,3,50140.67,0.15
254,163,179,1,36065.25,0.1
255,163,103,1,41454.92,0.2
256,163,40,2,25646.78,0.15
257,164,114,3,41748.5,0.1
258,164,131,2,30688.69,0.15
259,164,70,1,18353.81,0.05
260,165,164,2,42804.34,0.0
261,165,54,1,11768.03,0.15
262,166,28,3,18136.06,0.15
263,166,131,2,30688.69,0.05
264,166,78,1,22980.54,0.05
265,166,129,2,48499.86,0.1
266,167,79,2,18307.97,0.15
267,167,14,3,10524.66,0.15
268,168,29,1,30681.71,0.0
269,169,164,2,42804.34,0.1
270,170,193,1,12185.72,0.1
271,170,92,2,40516.93,0.2
272,171,5,3,4803.48,0.1
273,171,103,2,41454.92,0.0
274,172,26,3,5340.38,0.2
275,172,172,2,17664.71,0.05
276,173,21,3,17242.26,0.05
277,174,1,3,40696.64,0.15
278,175,58,2,4945.79,0.2
279,176,129,3,48499.86,0.0
280,176,46,3,44085.92,0.2
281,177,108,3,50140.67,0.0
282,178,104,2,31127.57,0.0
283,178,67,1,21572.02,0.0
284,178,199,1,7411.65,0.0
285,178,5,1,4803.48,0.1
286,179,169,3,5915.86,0.1
287,180,186,1,8577.37,0.05
288,181,31,1,41690.09,0.1
289,181,182,3,29776.4,0.2
290,181,103,2,41454.92,0.0
291,182,62,1,10449.51,0.0
292,182,128,3,44820.77,0.2
293,183,15,1,38205.74,0.05
294,184,179,1,36065.25,0.0
295,185,141,3,17316.48,0.2
296,185,152,1,2563.86,0.0
297,186,71,1,45760.82,0.0
298,187,122,1,11268.33,0.05
299,188,177,2,4661.0,0.0
300,189,120,3,22355.5,0.2
301,189,196,2,6975.02,0.0
302,190,27,2,39548.82,0.05
303,190,162,2,48984.46,0.2
304,191,14,1,10524.66,0.2
305,191,185,3,25661.22,0.1
306,191,130,3,27639.1,0.15
307,191,67,3,21572.02,0.1
308,192,3,1,23359.03,0.05
309,192,161,2,42411.41,0.1
310,192,31,1,41690.09,0.1
311,193,181,1,40139.53,0.0
312,194,43,3,51003.27,0.2
313,195,114,3,41748.5,0.0
314,195,134,2,20156.16,0.05
315,196,154,1,36128.53,0.05
316,196,195,2,24840.62,0.0
317,197,28,3,18136.06,0.2
318,197,110,1,28191.63,0.2
319,197,8,2,43782.92,0.05
320,198,52,3,15906.74,0.2
321,199,151,2,22108.82,0.15
322,199,163,2,35870.08,0.0
323,199,99,3,34928.44,0.05
324,200,59,1,34215.94,0.15
325,201,144,1,9261.62,0.1
326,201,28,3,18136.06,0.0
327,201,2,3,40309.91,0.2
328,202,91,2,19812.47,0.2
329,203,44,3,30820.13,0.1
330,204,76,1,12285.91,0.05
331,204,50,2,25321.56,0.05
332,205,32,2,42924.05,0.2
333,206,99,3,34928.44,0.15
334,207,117,2,36095.84,0.15
335,207,67,1,21572.02,0.15
336,208,175,1,23206.0,0.15
337,208,92,3,40516.93,0.0
338,209,94,3,7289.85,0.05
339,210,15,3,38205.74,0.0
340,211,77,2,6283.7,0.0
341,211,38,1,45352.89,0.15
342,212,56,1,44872.49,0.2
343,212,51,2,24437.01,0.05
344,212,94,2,7289.85,0.05
345,213,178,3,2898.19,0.2
346,213,29,1,30681.71,0.2
347,214,139,2,15424.8,0.2
348,215,7,1,30948.06,0.1
349,216,190,1,25334.25,0.0
350,216,109,2,36362.87,0.05
351,216,154,1,36128.53,0.05
352,217,19,2,13411.65,0.15
353,218,196,3,6975.02,0.15
354,218,183,3,15207.74,0.1
355,219,63,1,33772.34,0.2
356,220,60,1,10418.46,0.0
357,220,80,1,19270.14,0.1
358,220,141,1,17316.48,0.0
359,221,71,2,45760.82,0.05
360,221,128,2,44820.77,0.2
361,221,108,3,50140.67,0.15
362,222,32,1,42924.05,0.2
363,222,82,2,30777.11,0.1
364,222,121,3,28507.38,0.0
365,223,198,1,26983.92,0.15
366,224,85,1,23127.94,0.2
367,224,26,2,5340.38,0.2
368,224,35,2,29269.09,0.2
369,225,93,2,34455.75,0.05
370,226,164,1,42804.34,0.2
371,227,59,3,34215.94,0.15
372,228,76,2,12285.91,0.15
373,229,95,2,26129.21,0.15
374,229,198,2,26983.92,0.15
375,230,92,1,40516.93,0.15
376,231,118,1,29041.54,0.0
377,232,119,2,16619.7,0.15
378,232,32,2,42924.05,0.15
379,233,165,1,36704.4,0.15
380,234,16,1,23743.03,0.15
381,234,56,2,44872.49,0.1
382,235,136,2,42539.86,0.1
383,235,5,1,4803.48,0.1
384,235,199,3,7411.65,0.1
385,235,48,3,18097.56,0.15
386,236,99,1,34928.44,0.2
387,236,13,1,15039.84,0.1
388,237,193,2,12185.72,0.2
389,238,38,2,45352.89,0.05
390,239,77,2,6283.7,0.15
391,239,12,2,20855.6,0.1
392,240,115,3,31652.31,0.15
393,241,37,1,29778.23,0.05
394,241,123,2,42594.36,0.05
395,242,103,2,41454.92,0.05
396,242,122,2,11268.33,0.2
397,243,136,2,42539.86,0.2
398,244,156,2,15379.26,0.0
399,244,14,2,10524.66,0.2
400,245,134,3,20156.16,0.05
401,245,101,1,28858.95,0.0
402,245,152,3,2563.86,0.1
403,246,200,2,20299.02,0.0
404,246,61,2,20943.29,0.0
405,247,155,1,3806.76,0.15
406,247,198,1,26983.92,0.2
407,248,22,2,36885.18,0.2
408,249,110,1,28191.63,0.1
409,249,66,1,47190.57,0.1
410,249,199,2,7411.65,0.15
411,250,122,3,11268.33,0.2
412,251,128,2,44820.77,0.1
413,251,182,1,29776.4,0.15
414,251,87,1,31914.35,0.2
415,252,8,3,43782.92,0.1
416,252,62,1,10449.51,0.05
417,253,104,3,31127.57,0.05
418,254,53,1,50251.89,0.0
419,255,45,1,26285.18,0.15
420,255,165,1,36704.4,0.0
421,256,119,3,16619.7,0.15
422,256,95,2,26129.21,0.2
423,257,126,1,1621.66,0.15
424,258,200,2,20299.02,0.05
425,259,140,1,30777.61,0.1
426,259,96,2,14581.98,0.2
427,260,142,1,19228.31,0.0
428,261,27,2,39548.82,0.2
429,262,150,1,27289.27,0.05
430,263,47,3,44066.13,0.15
431,264,146,2,40286.57,0.05
432,264,141,3,17316.48,0.15
433,264,4,2,41885.03,0.15
434,264,25,1,38481.68,0.0
435,265,7,1,30948.06,0.15
436,266,195,1,24840.62,0.05
437,267,21,1,17242.26,0.15
438,267,103,1,41454.92,0.1
439,268,9,3,11984.47,0.05
440,268,75,1,40963.99,0.05
441,269,118,1,29041.54,0.1
442,270,97,1,2156.33,0.15
443,270,148,1,21684.4,0.2
444,270,58,2,4945.79,0.15
445,271,62,3,10449.51,0.0
446,272,145,1,12372.58,0.15
447,273,84,1,8374.62,0.05
448,273,67,2,21572.02,0.2
449,274,141,1,17316.48,0.2
450,274,84,1,8374.62,0.2
451,275,119,3,16619.7,0.05
452,276,127,1,40465.67,0.2
453,276,47,1,44066.13,0.15
454,276,139,1,15424.8,0.1
455,276,23,3,26378.92,0.0
456,277,198,3,26983.92,0.15
457,278,111,3,3742.68,0.15
458,279,166,2,23654.57,0.05
459,280,43,3,51003.27,0.1
460,281,53,3,50251.89,0.15
461,282,192,3,28177.04,0.2
462,283,116,3,8921.83,0.0
463,284,140,2,30777.61,0.1
464,285,108,2,50140.67,0.1
465,285,192,2,28177.04,0.0
466,286,140,1,30777.61,0.0
467,287,44,1,30820.13,0.05
468,287,153,1,42981.95,0.0
469,288,199,3,7411.65,0.0
470,288,77,2,6283.7,0.1
471,288,61,3,20943.29,0.2
472,289,150,1,27289.27,0.1
473,289,58,1,4945.79,0.05
474,289,45,1,26285.18,0.05
475,290,43,1,51003.27,0.1
476,291,40,2,25646.78,0.1
477,292,16,1,23743.03,0.2
478,293,58,2,4945.79,0.0
479,293,87,1,31914.35,0.15
480,293,73,3,49942.04,0.2
481,294,144,3,9261.62,0.05
482,294,73,3,49942.04,0.05
483,295,63,1,33772.34,0.1
484,295,50,1,25321.56,0.15
485,296,152,1,2563.86,0.2
486,296,110,1,28191.63,0.1
487,296,34,3,1910.97,0.2
488,297,60,2,10418.46,0.0
489,297,32,1,42924.05,0.2
490,297,33,1,12098.86,0.15
491,297,69,2,9019.63,0.2
492,298,157,3,46646.8,0.2
493,299,15,1,38205.74,0.05
494,300,128,2,44820.77,0.05
495,301,118,2,29041.54,0.2
496,302,41,1,7052.31,0.0
497,303,153,2,42981.95,0.0
498,304,115,3,31652.31,0.0
499,304,88,3,12091.36,0.05
500,305,115,1,31652.31,0.05
501,306,96,1,14581.98,0.15
502,307,109,2,36362.87,0.15
503,308,171,3,9250.53,0.15
504,309,27,1,39548.82,0.0
505,310,109,1,36362.87,0.0
506,310,31,1,41690.09,0.2
507,310,115,3,31652.31,0.05
508,311,137,2,13836.35,0.05
509,311,69,2,9019.63,0.0
510,312,181,1,40139.53,0.0
511,313,59,2,34215.94,0.1
512,314,25,2,38481.68,0.05
513,315,36,3,39563.63,0.0
514,315,26,2,5340.38,0.05
515,316,13,2,15039.84,0.15
516,316,133,3,21014.51,0.15
517,317,67,3,21572.02,0.05
518,317,120,2,22355.5,0.1
519,318,40,3,25646.78,0.05
520,318,24,3,29603.93,0.1
521,318,129,3,48499.86,0.1
522,319,139,3,15424.8,0.05
523,319,29,3,30681.71,0.0
524,320,139,2,15424.8,0.15
525,321,127,3,40465.67,0.15
526,322,51,1,24437.01,0.05
527,322,54,3,11768.03,0.2
528,323,111,3,3742.68,0.0
529,323,91,1,19812.47,0.1
530,323,25,2,38481.68,0.2
531,323,92,3,40516.93,0.1
532,324,71,2,45760.82,0.2
533,324,15,2,38205.74,0.2
534,324,134,3,20156.16,0.05
535,325,139,2,15424.8,0.15
536,325,44,3,30820.13,0.15
537,326,45,1,26285.18,0.2
538,327,124,1,11084.62,0.2
539,328,93,1,34455.75,0.1
540,328,79,3,18307.97,0.1
541,329,150,2,27289.27,0.05
542,330,45,2,26285.18,0.0
543,330,47,1,44066.13,0.2
544,331,187,3,24661.99,0.15
545,332,77,2,6283.7,0.05
546,333,49,2,26129.96,0.05
547,333,151,3,22108.82,0.0
548,334,44,1,30820.13,0.05
549,335,23,3,26378.92,0.05
550,335,74,3,29336.62,0.0
551,335,146,1,40286.57,0.2
552,336,107,1,16984.11,0.15
553,336,101,1,28858.95,0.05
554,337,1,2,40696.64,0.1
555,338,14,2,10524.66,0.15
556,338,149,1,5864.85,0.05
557,339,73,3,49942.04,0.0
558,340,60,3,10418.46,0.0
559,341,195,1,24840.62,0.2
560,342,95,1,26129.21,0.2
561,343,35,2,29269.09,0.15
562,343,42,1,35391.16,0.0
563,344,57,3,46927.83,0.0
564,344,98,2,3308.53,0.0
565,344,2,3,40309.91,0.05
566,345,169,1,5915.86,0.1
567,346,103,1,41454.92,0.15
568,347,15,2,38205.74,0.05
569,347,122,2,11268.33,0.1
570,348,135,3,6436.82,0.1
571,349,147,2,31001.46,0.05
572,350,52,2,15906.74,0.15
573,351,109,3,36362.87,0.05
574,352,173,1,26855.55,0.15
575,352,29,1,30681.71,0.0
576,352,53,3,50251.89,0.2
577,353,183,1,15207.74,0.15
578,354,52,3,15906.74,0.0
579,355,71,2,45760.82,0.0
580,356,51,2,24437.01,0.15
581,356,118,3,29041.54,0.15
582,356,46,3,44085.92,0.1
583,357,108,1,50140.67,0.15
584,358,54,2,11768.03,0.05
585,358,65,3,10714.5,0.0
586,358,155,2,3806.76,0.15
587,359,122,2,11268.33,0.0
588,359,84,3,8374.62,0.2
589,360,23,2,26378.92,0.2
590,361,49,2,26129.96,0.05
591,361,45,1,26285.18,0.05
592,362,57,2,46927.83,0.1
593,363,69,1,9019.63,0.15
594,364,69,2,9019.63,0.15
595,365,51,2,24437.01,0.2
596,365,129,2,48499.86,0.15
597,366,3,2,23359.03,0.1
598,366,43,3,51003.27,0.1
599,367,97,1,2156.33,0.15
600,367,195,3,24840.62,0.2
601,368,177,2,4661.0,0.05
602,369,112,3,14176.68,0.1
603,370,4,1,41885.03,0.2
604,371,129,2,48499.86,0.1
605,372,69,1,9019.63,0.0
606,373,72,1,19963.16,0.1
607,374,155,1,3806.76,0.2
608,374,5,1,4803.48,0.15
609,375,68,3,10784.99,0.15
610,376,126,3,1621.66,0.15
611,377,76,2,12285.91,0.2
612,377,57,3,46927.83,0.1
613,378,118,1,29041.54,0.15
614,379,22,2,36885.18,0.1
615,379,139,2,15424.8,0.1
616,380,120,2,22355.5,0.05
617,380,34,2,1910.97,0.2
618,380,174,1,538.14,0.1
619,381,178,3,2898.19,0.1
620,381,23,3,26378.92,0.2
621,382,16,2,23743.03,0.15
622,382,39,3,11770.94,0.05
623,383,29,3,30681.71,0.1
624,383,3,2,23359.03,0.0
625,384,167,2,39773.19,0.0
626,384,144,2,9261.62,0.05
627,385,193,2,12185.72,0.0
628,386,10,1,18200.22,0.05
629,387,109,3,36362.87,0.2
630,388,7,2,30948.06,0.15
631,389,171,1,9250.53,0.15
632,389,55,2,28833.78,0.0
633,390,35,1,29269.09,0.05
634,391,122,3,11268.33,0.1
635,392,158,3,17342.07,0.15
636,392,5,3,4803.48,0.2
637,393,56,3,44872.49,0.1
638,394,12,2,20855.6,0.05
639,394,100,3,15290.28,0.15
640,395,175,1,23206.0,0.2
641,396,129,2,48499.86,0.15
642,396,194,1,50025.77,0.1
643,397,164,1,42804.34,0.1
644,397,83,3,16031.85,0.05
645,398,31,3,41690.09,0.15
646,399,166,3,23654.57,0.15
647,400,196,3,6975.02,0.15
648,400,20,3,27656.21,0.15
649,401,101,1,28858.95,0.05
650,402,196,2,6975.02,0.05
651,402,18,3,5102.7,0.0
652,403,149,3,5864.85,0.05
653,404,131,1,30688.69,0.2
654,404,158,3,17342.07,0.05
655,405,144,1,9261.62,0.15
656,406,197,1,26851.86,0.15
657,406,53,1,50251.89,0.15
658,407,2,2,40309.91,0.1
659,407,137,3,13836.35,0.1
660,408,151,2,22108.82,0.05
661,409,184,3,22608.18,0.2
662,410,171,1,9250.53,0.0
663,411,61,2,20943.29,0.2
664,411,84,3,8374.62,0.0
665,412,92,3,40516.93,0.2
666,413,116,1,8921.83,0.0
667,413,7,3,30948.06,0.1
668,413,98,3,3308.53,0.15
669,413,154,1,36128.53,0.0
670,414,156,3,15379.26,0.05
671,415,70,3,18353.81,0.1
672,415,60,3,10418.46,0.05
673,415,144,1,9261.62,0.05
674,416,178,3,2898.19,0.0
675,416,174,2,538.14,0.2
676,417,121,3,28507.38,0.0
677,418,97,3,2156.33,0.1
678,419,174,2,538.14,0.2
679,419,30,3,8833.65,0.0
680,420,167,2,39773.19,0.2
681,421,169,3,5915.86,0.0
682,421,37,2,29778.23,0.0
683,421,168,1,2470.72,0.15
684,422,30,1,8833.65,0.2
685,422,122,1,11268.33,0.15
686,423,11,1,26704.67,0.05
687,423,115,1,31652.31,0.2
688,424,9,3,11984.47,0.0
689,424,133,2,21014.51,0.05
690,425,136,1,42539.86,0.2
691,426,141,2,17316.48,0.1
692,426,45,3,26285.18,0.1
693,426,167,1,39773.19,0.0
694,427,133,3,21014.51,0.2
695,428,145,3,12372.58,0.15
696,428,48,3,18097.56,0.1
697,428,165,1,36704.4,0.0
698,429,1,2,40696.64,0.2
699,430,185,2,25661.22,0.0
700,430,154,1,36128.53,0.15
701,431,34,1,1910.97,0.2
702,432,35,1,29269.09,0.05
703,433,117,3,36095.84,0.05
704,433,15,2,38205.74,0.05
705,434,68,2,10784.99,0.05
706,434,72,2,19963.16,0.2
707,435,167,1,39773.19,0.1
708,436,134,3,20156.16,0.15
709,437,21,3,17242.26,0.1
710,437,46,3,44085.92,0.05
711,437,3,2,23359.03,0.05
712,438,96,2,14581.98,0.2
713,438,56,1,44872.49,0.2
714,439,40,1,25646.78,0.15
715,440,3,1,23359.03,0.2
716,441,146,3,40286.57,0.0
717,441,116,1,8921.83,0.2
718,441,104,2,31127.57,0.15
719,442,194,2,50025.77,0.05
720,443,35,3,29269.09,0.1
721,444,91,1,19812.47,0.15
722,445,193,1,12185.72,0.2
723,446,95,2,26129.21,0.0
724,446,200,1,20299.02,0.15
725,447,70,3,18353.81,0.05
726,447,131,1,30688.69,0.1
727,448,146,1,40286.57,0.2
728,448,116,2,8921.83,0.1
729,448,128,3,44820.77,0.15
730,449,51,1,24437.01,0.05
731,450,98,2,3308.53,0.15
732,451,160,2,23328.29,0.1
733,451,136,3,42539.86,0.0
734,452,149,2,5864.85,0.2
735,453,171,1,9250.53,0.0
736,453,45,2,26285.18,0.05
737,454,100,1,15290.28,0.15
738,454,48,3,18097.56,0.2
739,455,99,2,34928.44,0.15
740,456,117,3,36095.84,0.2
741,457,49,2,26129.96,0.15
742,458,152,3,2563.86,0.05
743,458,154,3,36128.53,0.2
744,459,188,1,43924.5,0.05
745,459,141,2,17316.48,0.2
746,460,103,3,41454.92,0.15
747,460,143,3,33742.3,0.15
748,461,48,2,18097.56,0.15
749,462,32,1,42924.05,0.1
750,463,13,3,15039.84,0.1
751,464,64,1,43716.56,0.2
752,464,25,3,38481.68,0.05
753,464,84,3,8374.62,0.0
754,465,33,2,12098.86,0.0
755,466,18,2,5102.7,0.1
756,467,169,3,5915.86,0.15
757,468,38,3,45352.89,0.0
758,468,158,2,17342.07,0.05
759,468,186,1,8577.37,0.1
760,469,145,1,12372.58,0.1
761,469,19,1,13411.65,0.0
762,470,148,2,21684.4,0.1
763,471,163,3,35870.08,0.15
764,472,152,3,2563.86,0.2
765,473,84,3,8374.62,0.15
766,474,191,3,25668.57,0.05
767,475,3,2,23359.03,0.2
768,476,167,3,39773.19,0.05
769,476,39,1,11770.94,0.1
770,476,15,1,38205.74,0.0
771,477,125,2,6198.59,0.2
772,477,110,1,28191.63,0.2
773,478,144,1,9261.62,0.2
774,478,159,3,3070.84,0.0
775,478,103,3,41454.92,0.1
776,479,34,1,1910.97,0.0
777,480,94,1,7289.85,0.0
778,481,105,2,17777.23,0.0
779,482,111,2,3742.68,0.05
780,482,147,3,31001.46,0.1
781,482,86,1,8655.62,0.1
782,483,79,2,18307.97,0.1
783,484,42,2,35391.16,0.05
784,485,169,3,5915.86,0.2
785,485,50,2,25321.56,0.15
786,485,124,1,11084.62,0.0
787,486,126,2,1621.66,0.05
788,487,19,2,13411.65,0.0
789,487,128,1,44820.77,0.15
790,488,148,3,21684.4,0.05
791,489,38,3,45352.89,0.2
792,489,178,3,2898.19,0.0
793,489,86,3,8655.62,0.05
794,490,50,1,25321.56,0.15
795,491,77,3,6283.7,0.05
796,492,80,2,19270.14,0.1
797,492,71,3,45760.82,0.2
798,493,70,2,18353.81,0.15
799,494,192,3,28177.04,0.15
800,495,199,1,7411.65,0.0
801,495,58,3,4945.79,0.15
802,495,81,2,23072.5,0.1
803,496,194,3,50025.77,0.0
804,497,162,3,48984.46,0.2
805,497,9,2,11984.47,0.0
806,498,62,3,10449.51,0.05
807,499,152,2,2563.86,0.1
808,499,89,2,48825.23,0.05
809,499,21,2,17242.26,0.0
810,500,19,2,13411.65,0.2
811,500,143,1,33742.3,0.1
812,501,190,1,25334.25,0.0
813,502,116,2,8921.83,0.1
814,503,159,3,3070.84,0.1
815,503,101,1,28858.95,0.2
816,504,102,3,1008.25,0.15
817,504,13,2,15039.84,0.0
818,505,3,3,23359.03,0.05
819,506,4,2,41885.03,0.1
820,506,184,1,22608.18,0.2
821,506,80,2,19270.14,0.0
822,507,64,1,43716.56,0.05
823,507,155,1,3806.76,0.2
824,507,183,1,15207.74,0.05
825,507,140,3,30777.61,0.15
826,508,42,3,35391.16,0.0
827,509,96,3,14581.98,0.2
828,510,72,3,19963.16,0.0
829,511,137,1,13836.35,0.05
830,511,139,2,15424.8,0.1
831,512,179,2,36065.25,0.0
832,513,98,3,3308.53,0.2
833,513,73,1,49942.04,0.05
834,513,178,3,2898.19,0.05
835,513,112,2,14176.68,0.15
836,514,15,1,38205.74,0.2
837,515,77,3,6283.7,0.0
838,515,68,2,10784.99,0.15
839,515,6,1,21794.83,0.2
840,515,129,3,48499.86,0.2
841,516,11,1,26704.67,0.0
842,516,153,3,42981.95,0.0
843,517,158,3,17342.07,0.1
844,517,24,1,29603.93,0.0
845,518,175,1,23206.0,0.15
846,519,25,2,38481.68,0.2
847,520,87,3,31914.35,0.0
848,521,103,1,41454.92,0.05
849,522,29,3,30681.71,0.15
850,522,153,1,42981.95,0.1
851,523,176,1,33751.54,0.1
852,523,173,1,26855.55,0.2
853,523,41,2,7052.31,0.0
854,523,38,2,45352.89,0.15
855,524,94,2,7289.85,0.15
856,524,183,3,15207.74,0.0
857,524,72,3,19963.16,0.05
858,525,51,1,24437.01,0.1
859,525,21,2,17242.26,0.0
860,525,114,3,41748.5,0.2
861,526,63,3,33772.34,0.1
862,527,125,2,6198.59,0.15
863,528,105,1,17777.23,0.05
864,529,195,3,24840.62,0.15
865,530,94,1,7289.85,0.15
866,530,60,1,10418.46,0.2
867,530,4,2,41885.03,0.0
868,531,125,3,6198.59,0.15
869,532,100,3,15290.28,0.15
870,533,14,2,10524.66,0.05
871,534,102,1,1008.25,0.15
872,535,95,1,26129.21,0.2
873,535,12,3,20855.6,0.0
874,536,110,1,28191.63,0.2
875,536,69,3,9019.63,0.2
876,537,56,3,44872.49,0.0
877,538,43,3,51003.27,0.05
878,538,16,3,23743.03,0.0
879,539,35,1,29269.09,0.2
880,540,41,3,7052.31,0.05
881,541,118,2,29041.54,0.2
882,541,194,2,50025.77,0.2
883,542,29,3,30681.71,0.05
884,543,11,3,26704.67,0.2
885,543,13,2,15039.84,0.0
886,543,160,1,23328.29,0.15
887,544,127,2,40465.67,0.1
888,545,70,3,18353.81,0.2
889,546,12,3,20855.6,0.2
890,546,82,3,30777.11,0.1
891,546,74,3,29336.62,0.1
892,547,58,1,4945.79,0.2
893,547,132,1,30606.19,0.2
894,547,24,1,29603.93,0.2
895,548,90,2,37188.84,0.2
896,548,162,1,48984.46,0.1
897,549,73,2,49942.04,0.15
898,549,196,1,6975.02,0.05
899,549,85,3,23127.94,0.1
900,550,127,3,40465.67,0.15
901,551,180,2,21897.02,0.15
902,552,105,1,17777.23,0.15
903,553,80,2,19270.14,0.0
904,553,139,2,15424.8,0.0
905,554,164,1,42804.34,0.15
906,555,104,1,31127.57,0.1
907,555,5,1,4803.48,0.1
908,555,34,3,1910.97,0.1
909,556,96,1,14581.98,0.0
910,557,59,3,34215.94,0.0
911,558,25,2,38481.68,0.15
912,559,135,2,6436.82,0.2
913,560,34,1,1910.97,0.1
914,561,54,1,11768.03,0.2
915,562,114,3,41748.5,0.1
916,563,97,2,2156.33,0.1
917,564,175,2,23206.0,0.15
918,565,82,2,30777.11,0.0
919,565,186,3,8577.37,0.0
920,566,135,3,6436.82,0.2
921,566,164,2,42804.34,0.15
922,567,77,3,6283.7,0.05
923,567,184,2,22608.18,0.1
924,567,104,2,31127.57,0.0
925,568,50,3,25321.56,0.2
926,568,83,2,16031.85,0.1
927,569,144,2,9261.62,0.2
928,569,118,1,29041.54,0.1
929,570,13,1,15039.84,0.05
930,570,198,3,26983.92,0.15
931,571,188,3,43924.5,0.1
932,571,23,1,26378.92,0.0
933,572,26,1,5340.38,0.05
934,572,145,1,12372.58,0.2
935,573,126,1,1621.66,0.05
936,574,37,3,29778.23,0.2
937,575,55,1,28833.78,0.05
938,575,175,3,23206.0,0.15
939,576,11,1,26704.67,0.2
940,577,83,1,16031.85,0.15
941,577,62,2,10449.51,0.15
942,577,196,3,6975.02,0.2
943,578,67,2,21572.02,0.15
944,578,43,1,51003.27,0.2
945,579,41,3,7052.31,0.1
946,579,58,3,4945.79,0.05
947,579,185,1,25661.22,0.05
948,580,47,1,44066.13,0.2
949,581,177,1,4661.0,0.0
950,582,49,1,26129.96,0.05
951,583,76,1,12285.91,0.05
952,584,127,3,40465.67,0.2
953,584,169,3,5915.86,0.05
954,584,19,3,13411.65,0.0
955,585,124,2,11084.62,0.0
956,585,85,2,23127.94,0.1
957,586,33,1,12098.86,0.15
958,586,100,2,15290.28,0.15
959,587,156,1,15379.26,0.05
960,587,160,3,23328.29,0.05
961,588,1,3,40696.64,0.15
962,589,63,3,33772.34,0.05
963,589,55,1,28833.78,0.15
964,590,186,2,8577.37,0.15
965,590,200,2,20299.02,0.15
966,590,39,1,11770.94,0.05
967,590,33,1,12098.86,0.15
968,591,130,2,27639.1,0.15
969,591,180,2,21897.02,0.15
970,591,9,1,11984.47,0.15
971,592,143,2,33742.3,0.0
972,593,9,2,11984.47,0.2
973,594,160,3,23328.29,0.1
974,595,74,1,29336.62,0.0
975,596,182,3,29776.4,0.0
976,596,77,1,6283.7,0.15
977,597,173,3,26855.55,0.15
978,598,195,2,24840.62,0.2
979,599,117,2,36095.84,0.05
980,600,1,2,40696.64,0.05
981,601,11,1,26704.67,0.15
982,602,131,3,30688.69,0.1
983,603,104,2,31127.57,0.0
984,603,68,2,10784.99,0.2
985,604,81,3,23072.5,0.15
986,605,54,3,11768.03,0.05
987,605,27,3,39548.82,0.2
988,606,192,3,28177.04,0.1
989,606,148,3,21684.4,0.0
990,607,181,3,40139.53,0.15
991,608,190,3,25334.25,0.1
992,609,4,3,41885.03,0.05
993,609,73,1,49942.04,0.15
994,610,112,1,14176.68,0.05
995,610,76,1,12285.91,0.05
996,611,66,1,47190.57,0.05
997,611,98,3,3308.53,0.2
998,611,26,3,5340.38,0.2
999,611,34,3,1910.97,0.0
1000,612,27,3,39548.82,0.1
1001,612,85,3,23127.94,0.1
1002,613,5,1,4803.48,0.0
1003,614,116,2,8921.83,0.05
1004,615,50,3,25321.56,0.2
1005,616,78,2,22980.54,0.05
1006,616,128,3,44820.77,0.05
1007,617,184,2,22608.18,0.2
1008,618,17,3,30784.12,0.2
1009,618,132,1,30606.19,0.05
1010,619,135,3,6436.82,0.2
1011,620,15,3,38205.74,0.2
1012,620,85,2,23127.94,0.0
1013,621,13,2,15039.84,0.0
1014,622,52,3,15906.74,0.1
1015,622,179,2,36065.25,0.1
1016,622,186,2,8577.37,0.2
1017,622,66,3,47190.57,0.2
1018,623,70,3,18353.81,0.1
1019,623,101,3,28858.95,0.15
1020,623,7,3,30948.06,0.15
1021,623,193,3,12185.72,0.1
1022,624,100,3,15290.28,0.2
1023,624,50,1,25321.56,0.0
1024,625,114,2,41748.5,0.0
1025,625,40,1,25646.78,0.2
1026,625,52,1,15906.74,0.2
1027,626,107,2,16984.11,0.05
1028,626,22,1,36885.18,0.0
1029,626,99,2,34928.44,0.1
1030,627,82,3,30777.11,0.15
1031,628,105,2,17777.23,0.15
1032,628,72,3,19963.16,0.2
1033,629,83,2,16031.85,0.15
1034,629,84,2,8374.62,0.0
1035,629,193,1,12185.72,0.1
1036,630,71,1,45760.82,0.0
1037,631,135,2,6436.82,0.1
1038,632,107,3,16984.11,0.05
1039,633,15,2,38205.74,0.0
1040,634,91,2,19812.47,0.1
1041,635,45,2,26285.18,0.1
1042,636,198,3,26983.92,0.2
1043,637,76,1,12285.91,0.05
1044,637,2,1,40309.91,0.2
1045,638,137,2,13836.35,0.0
1046,639,60,2,10418.46,0.15
1047,640,187,1,24661.99,0.05
1048,640,17,2,30784.12,0.05
1049,640,116,1,8921.83,0.2
1050,641,69,1,9019.63,0.05
1051,642,106,1,36075.95,0.05
1052,643,178,2,2898.19,0.0
1053,644,189,3,24813.39,0.05
1054,645,156,2,15379.26,0.0
1055,646,172,3,17664.71,0.0
1056,647,111,1,3742.68,0.2
1057,647,164,2,42804.34,0.2
1058,648,148,2,21684.4,0.05
1059,649,87,3,31914.35,0.1
1060,649,40,1,25646.78,0.05
1061,650,157,2,46646.8,0.2
1062,651,82,1,30777.11,0.15
1063,652,193,2,12185.72,0.15
1064,653,131,1,30688.69,0.2
1065,654,164,3,42804.34,0.05
1066,655,174,2,538.14,0.2
1067,655,5,3,4803.48,0.2
1068,656,169,2,5915.86,0.0
1069,657,158,2,17342.07,0.1
1070,658,12,1,20855.6,0.0
1071,659,136,3,42539.86,0.05
1072,660,72,3,19963.16,0.0
1073,661,80,1,19270.14,0.0
1074,662,145,3,12372.58,0.15
1075,663,121,3,28507.38,0.15
1076,663,74,2,29336.62,0.1
1077,664,30,2,8833.65,0.0
1078,664,169,3,5915.86,0.15
1079,665,176,3,33751.54,0.05
1080,665,134,1,20156.16,0.0
1081,666,194,3,50025.77,0.05
1082,667,82,3,30777.11,0.15
1083,667,165,3,36704.4,0.2
1084,668,71,3,45760.82,0.15
1085,668,28,1,18136.06,0.05
1086,669,57,2,46927.83,0.0
1087,669,44,3,30820.13,0.1
1088,670,97,3,2156.33,0.1
1089,670,184,1,22608.18,0.15
1090,671,124,2,11084.62,0.2
1091,672,114,1,41748.5,0.0
1092,673,47,3,44066.13,0.05
1093,674,165,1,36704.4,0.1
1094,674,175,1,23206.0,0.2
1095,675,196,3,6975.02,0.2
1096,675,24,1,29603.93,0.1
1097,675,120,1,22355.5,0.15
1098,676,88,2,12091.36,0.15
1099,676,145,3,12372.58,0.2
1100,677,6,1,21794.83,0.05
1101,677,108,1,50140.67,0.15
1102,678,57,2,46927.83,0.0
1103,678,168,2,2470.72,0.2
1104,679,149,1,5864.85,0.05
1105,680,59,3,34215.94,0.0
1106,680,121,1,28507.38,0.15
1107,680,174,2,538.14,0.1
1108,681,183,3,15207.74,0.15
1109,681,139,1,15424.8,0.2
1110,681,161,2,42411.41,0.15
1111,682,149,1,5864.85,0.15
1112,682,83,2,16031.85,0.15
1113,682,181,2,40139.53,0.1
1114,682,67,1,21572.02,0.2
1115,683,140,3,30777.61,0.2
1116,684,116,1,8921.83,0.15
1117,684,192,3,28177.04,0.0
1118,685,17,2,30784.12,0.15
1119,686,143,2,33742.3,0.1
1120,686,149,3,5864.85,0.2
1121,687,161,1,42411.41,0.15
1122,687,100,3,15290.28,0.05
1123,688,141,3,17316.48,0.15
1124,689,135,1,6436.82,0.05
1125,690,176,1,33751.54,0.05
1126,690,123,1,42594.36,0.2
1127,690,103,2,41454.92,0.0
1128,691,162,3,48984.46,0.2
1129,692,86,3,8655.62,0.0
1130,693,140,1,30777.61,0.05
1131,694,166,3,23654.57,0.15
1132,694,139,3,15424.8,0.0
1133,694,134,3,20156.16,0.05
1134,695,7,2,30948.06,0.0
1135,695,167,2,39773.19,0.15
1136,696,153,1,42981.95,0.0
1137,696,10,2,18200.22,0.2
1138,697,124,1,11084.62,0.2
1139,698,100,3,15290.28,0.05
1140,698,142,1,19228.31,0.1
1141,699,131,3,30688.69,0.1
1142,699,170,3,10648.71,0.15
1143,699,112,1,14176.68,0.05
1144,700,12,2,20855.6,0.1
1145,700,108,2,50140.67,0.2
1146,701,133,1,21014.51,0.05
1147,701,187,2,24661.99,0.1
1148,702,4,2,41885.03,0.05
1149,702,125,3,6198.59,0.0
1150,703,169,1,5915.86,0.1
1151,703,56,2,44872.49,0.1
1152,704,175,2,23206.0,0.15
1153,704,197,3,26851.86,0.0
1154,705,165,1,36704.4,0.2
1155,706,155,3,3806.76,0.05
1156,707,182,2,29776.4,0.1
1157,708,95,3,26129.21,0.2
1158,709,20,2,27656.21,0.0
1159,710,124,1,11084.62,0.0
1160,711,59,2,34215.94,0.0
1161,711,166,1,23654.57,0.15
1162,712,114,1,41748.5,0.1
1163,713,101,3,28858.95,0.2
1164,713,199,1,7411.65,0.0
1165,714,113,3,27795.82,0.15
1166,714,116,3,8921.83,0.0
1167,715,37,2,29778.23,0.1
1168,715,60,2,10418.46,0.15
1169,715,164,3,42804.34,0.1
1170,716,122,3,11268.33,0.1
1171,717,195,1,24840.62,0.15
1172,718,110,1,28191.63,0.0
1173,718,77,2,6283.7,0.05
1174,719,157,1,46646.8,0.15
1175,719,82,3,30777.11,0.05
1176,719,123,1,42594.36,0.1
1177,720,128,2,44820.77,0.05
1178,720,94,3,7289.85,0.05
1179,721,60,3,10418.46,0.15
1180,721,27,3,39548.82,0.05
1181,722,35,1,29269.09,0.1
1182,722,145,3,12372.58,0.1
1183,723,170,1,10648.71,0.05
1184,723,78,1,22980.54,0.05
1185,723,165,2,36704.4,0.0
1186,724,189,2,24813.39,0.0
1187,725,161,3,42411.41,0.1
1188,726,150,2,27289.27,0.15
1189,727,120,1,22355.5,0.1
1190,728,99,2,34928.44,0.1
1191,729,187,1,24661.99,0.1
1192,730,147,3,31001.46,0.1
1193,730,92,3,40516.93,0.0
1194,731,125,3,6198.59,0.0
1195,731,69,2,9019.63,0.0
1196,731,190,2,25334.25,0.0
1197,732,42,1,35391.16,0.0
1198,733,25,2,38481.68,0.2
1199,734,166,1,23654.57,0.05
1200,734,74,2,29336.62,0.1
1201,735,99,1,34928.44,0.2
1202,735,179,2,36065.25,0.2
1203,736,125,2,6198.59,0.1
1204,737,33,3,12098.86,0.05
1205,738,74,3,29336.62,0.05
1206,739,198,3,26983.92,0.1
1207,739,8,3,43782.92,0.0
1208,739,39,3,11770.94,0.2
1209,739,109,2,36362.87,0.05
1210,740,49,2,26129.96,0.15
1211,741,32,3,42924.05,0.15
1212,742,106,1,36075.95,0.1
1213,742,112,3,14176.68,0.15
1214,742,20,1,27656.21,0.1
1215,742,1,1,40696.64,0.0
1216,743,33,1,12098.86,0.05
1217,744,151,3,22108.82,0.0
1218,745,54,3,11768.03,0.15
1219,746,142,2,19228.31,0.2
1220,746,57,3,46927.83,0.0
1221,746,108,1,50140.67,0.15
1222,746,125,2,6198.59,0.2
1223,747,39,3,11770.94,0.1
1224,748,104,1,31127.57,0.1
1225,749,158,1,17342.07,0.05
1226,750,90,1,37188.84,0.15
1227,751,102,2,1008.25,0.15
1228,752,36,1,39563.63,0.2
1229,752,97,2,2156.33,0.05
1230,752,14,2,10524.66,0.05
1231,753,18,3,5102.7,0.2
1232,754,92,3,40516.93,0.15
1233,754,189,3,24813.39,0.1
1234,755,195,1,24840.62,0.05
1235,756,113,2,27795.82,0.1
1236,757,77,1,6283.7,0.0
1237,757,156,1,15379.26,0.2
1238,758,46,3,44085.92,0.1
1239,759,187,3,24661.99,0.05
1240,760,70,2,18353.81,0.1
1241,760,200,3,20299.02,0.15
1242,761,47,3,44066.13,0.2
1243,762,1,2,40696.64,0.15
1244,763,60,2,10418.46,0.1
1245,763,17,2,30784.12,0.15
1246,764,179,2,36065.25,0.15
1247,764,22,2,36885.18,0.2
1248,765,39,1,11770.94,0.0
1249,765,92,2,40516.93,0.2
1250,766,133,2,21014.51,0.2
1251,767,55,1,28833.78,0.0
1252,767,17,2,30784.12,0.0
1253,768,74,2,29336.62,0.15
1254,768,63,3,33772.34,0.15
1255,769,132,1,30606.19,0.0
1256,770,96,1,14581.98,0.0
1257,770,129,1,48499.86,0.2
1258,771,63,1,33772.34,0.1
1259,772,22,2,36885.18,0.0
1260,773,65,2,10714.5,0.2
1261,773,59,2,34215.94,0.05
1262,773,111,3,3742.68,0.0
1263,774,4,1,41885.03,0.2
1264,774,125,2,6198.59,0.0
1265,774,141,1,17316.48,0.2
1266,775,162,2,48984.46,0.15
1267,775,135,2,6436.82,0.05
1268,776,117,1,36095.84,0.15
1269,777,167,1,39773.19,0.15
1270,777,1,3,40696.64,0.05
1271,778,185,1,25661.22,0.1
1272,779,46,1,44085.92,0.0
1273,779,181,2,40139.53,0.0
1274,779,191,1,25668.57,0.05
1275,780,48,3,18097.56,0.15
1276,781,166,3,23654.57,0.0
1277,781,177,3,4661.0,0.1
1278,781,86,1,8655.62,0.05
1279,782,25,1,38481.68,0.1
1280,783,7,2,30948.06,0.15
1281,783,104,1,31127.57,0.0
1282,784,66,2,47190.57,0.2
1283,785,5,2,4803.48,0.15
1284,785,25,1,38481.68,0.05
1285,786,133,1,21014.51,0.05
1286,786,37,1,29778.23,0.1
1287,787,82,1,30777.11,0.2
1288,788,171,1,9250.53,0.0
1289,789,36,3,39563.63,0.0
1290,790,170,3,10648.71,0.2
1291,791,20,1,27656.21,0.1
1292,791,30,3,8833.65,0.1
1293,792,148,1,21684.4,0.05
1294,793,45,2,26285.18,0.05
1295,794,30,1,8833.65,0.05
1296,795,154,2,36128.53,0.1
1297,796,106,2,36075.95,0.1
1298,796,174,1,538.14,0.05
1299,797,129,2,48499.86,0.1
1300,798,77,2,6283.7,0.15
1301,798,157,1,46646.8,0.05
1302,799,132,2,30606.19,0.15
1303,800,45,3,26285.18,0.0
1304,801,150,1,27289.27,0.15
1305,801,92,2,40516.93,0.15
1306,802,63,3,33772.34,0.2
1307,802,71,3,45760.82,0.1
1308,803,121,1,28507.38,0.1
1309,804,199,1,7411.65,0.1
1310,805,99,2,34928.44,0.1
1311,805,104,3,31127.57,0.0
1312,806,196,2,6975.02,0.05
1313,807,64,3,43716.56,0.2
1314,808,107,2,16984.11,0.1
1315,809,122,2,11268.33,0.05
1316,810,149,3,5864.85,0.1
1317,811,114,2,41748.5,0.15
1318,812,82,3,30777.11,0.05
1319,813,144,3,9261.62,0.15
1320,814,163,3,35870.08,0.2
1321,815,192,2,28177.04,0.05
1322,815,64,3,43716.56,0.15
1323,815,40,2,25646.78,0.2
1324,816,27,2,39548.82,0.15
1325,817,165,2,36704.4,0.15
1326,818,191,1,25668.57,0.1
1327,818,161,2,42411.41,0.05
1328,818,141,3,17316.48,0.1
1329,819,85,3,23127.94,0.15
1330,820,148,1,21684.4,0.15
1331,821,101,3,28858.95,0.05
1332,821,188,2,43924.5,0.2
1333,822,164,1,42804.34,0.2
1334,823,195,3,24840.62,0.0
1335,823,140,2,30777.61,0.0
1336,824,58,3,4945.79,0.2
1337,825,101,3,28858.95,0.05
1338,826,23,1,26378.92,0.0
1339,826,8,2,43782.92,0.05
1340,827,98,1,3308.53,0.15
1341,828,199,1,7411.65,0.0
1342,828,198,2,26983.92,0.2
1343,829,124,3,11084.62,0.0
1344,829,142,3,19228.31,0.05
1345,830,71,3,45760.82,0.05
1346,831,32,2,42924.05,0.15
1347,832,152,2,2563.86,0.15
1348,832,197,2,26851.86,0.05
1349,833,72,1,19963.16,0.2
1350,834,163,2,35870.08,0.1
1351,834,43,2,51003.27,0.05
1352,834,100,1,15290.28,0.2
1353,834,180,1,21897.02,0.15
1354,835,150,3,27289.27,0.1
1355,836,102,3,1008.25,0.1
1356,837,171,1,9250.53,0.0
1357,838,106,3,36075.95,0.15
1358,839,146,1,40286.57,0.2
1359,839,118,2,29041.54,0.15
1360,840,7,1,30948.06,0.05
1361,840,106,2,36075.95,0.05
1362,840,175,3,23206.0,0.0
1363,840,141,1,17316.48,0.0
1364,841,28,3,18136.06,0.0
1365,841,44,1,30820.13,0.15
1366,841,90,3,37188.84,0.05
1367,842,70,3,18353.81,0.0
1368,842,188,1,43924.5,0.05
1369,843,70,2,18353.81,0.05
1370,844,171,2,9250.53,0.15
1371,845,53,2,50251.89,0.2
1372,845,176,1,33751.54,0.1
1373,846,145,3,12372.58,0.1
1374,847,16,1,23743.03,0.15
1375,848,56,1,44872.49,0.0
1376,849,140,1,30777.61,0.1
1377,849,24,3,29603.93,0.2
1378,849,27,3,39548.82,0.0
1379,849,103,1,41454.92,0.0
1380,850,168,1,2470.72,0.05
1381,850,42,3,35391.16,0.2
1382,851,107,2,16984.11,0.2
1383,851,31,1,41690.09,0.0
1384,852,155,2,3806.76,0.05
1385,852,11,1,26704.67,0.05
1386,852,64,2,43716.56,0.2
1387,853,85,2,23127.94,0.05
1388,853,78,1,22980.54,0.05
1389,853,142,2,19228.31,0.05
1390,854,16,3,23743.03,0.15
1391,855,172,2,17664.71,0.2
1392,855,25,1,38481.68,0.05
1393,856,98,2,3308.53,0.15
1394,856,16,1,23743.03,0.0
1395,856,21,2,17242.26,0.0
1396,857,35,3,29269.09,0.0
1397,858,80,1,19270.14,0.1
1398,858,5,2,4803.48,0.0
1399,859,134,3,20156.16,0.0
1400,860,31,1,41690.09,0.2
1401,861,162,2,48984.46,0.1
1402,862,125,3,6198.59,0.0
1403,863,156,2,15379.26,0.15
1404,863,55,3,28833.78,0.1
1405,864,76,2,12285.91,0.05
1406,865,62,1,10449.51,0.0
1407,865,142,3,19228.31,0.15
1408,866,29,3,30681.71,0.15
1409,867,148,2,21684.4,0.05
1410,868,39,1,11770.94,0.1
1411,869,13,1,15039.84,0.05
1412,870,86,1,8655.62,0.1
1413,871,153,3,42981.95,0.15
1414,872,48,2,18097.56,0.2
1415,872,100,2,15290.28,0.1
1416,872,18,2,5102.7,0.05
1417,873,45,3,26285.18,0.1
1418,873,194,1,50025.77,0.0
1419,873,168,1,2470.72,0.1
1420,873,128,2,44820.77,0.15
1421,874,17,2,30784.12,0.2
1422,874,182,3,29776.4,0.2
1423,875,71,3,45760.82,0.1
1424,875,134,2,20156.16,0.15
1425,876,130,3,27639.1,0.05
1426,876,146,1,40286.57,0.0
1427,877,152,3,2563.86,0.1
1428,878,90,3,37188.84,0.15
1429,879,94,3,7289.85,0.1
1430,880,48,3,18097.56,0.0
1431,880,115,2,31652.31,0.05
1432,880,164,2,42804.34,0.15
1433,881,168,2,2470.72,0.15
1434,882,67,2,21572.02,0.0
1435,883,170,1,10648.71,0.0
1436,884,168,2,2470.72,0.0
1437,885,2,3,40309.91,0.15
1438,885,97,1,2156.33,0.1
1439,886,180,3,21897.02,0.15
1440,887,27,1,39548.82,0.15
1441,887,2,2,40309.91,0.2
1442,888,173,1,26855.55,0.15
1443,888,70,1,18353.81,0.2
1444,889,121,2,28507.38,0.05
1445,890,185,1,25661.22,0.0
1446,891,169,1,5915.86,0.05
1447,892,142,1,19228.31,0.05
1448,893,40,2,25646.78,0.0
1449,894,121,2,28507.38,0.05
1450,895,92,3,40516.93,0.2
1451,896,9,2,11984.47,0.0
1452,896,1,1,40696.64,0.2
1453,897,155,1,3806.76,0.05
1454,898,27,3,39548.82,0.0
1455,899,89,2,48825.23,0.05
1456,899,171,2,9250.53,0.15
1457,899,8,1,43782.92,0.05
1458,900,136,1,42539.86,0.0
1459,900,152,2,2563.86,0.1
1460,901,180,3,21897.02,0.1
1461,902,143,2,33742.3,0.2
1462,902,11,1,26704.67,0.0
1463,902,154,1,36128.53,0.2
1464,903,19,1,13411.65,0.1
1465,904,74,3,29336.62,0.1
1466,905,20,3,27656.21,0.1
1467,906,33,1,12098.86,0.1
1468,906,196,2,6975.02,0.15
1469,906,131,3,30688.69,0.15
1470,907,74,3,29336.62,0.05
1471,907,188,3,43924.5,0.0
1472,908,165,3,36704.4,0.2
1473,909,58,1,4945.79,0.1
1474,909,6,2,21794.83,0.2
1475,909,99,3,34928.44,0.0
1476,910,59,3,34215.94,0.2
1477,910,119,1,16619.7,0.05
1478,911,170,3,10648.71,0.15
1479,912,62,3,10449.51,0.15
1480,913,4,2,41885.03,0.2
1481,913,82,2,30777.11,0.1
1482,914,96,2,14581.98,0.0
1483,914,152,3,2563.86,0.1
1484,914,147,1,31001.46,0.2
1485,915,1,2,40696.64,0.2
1486,915,108,3,50140.67,0.0
1487,915,155,3,3806.76,0.1
1488,916,40,3,25646.78,0.2
1489,917,110,2,28191.63,0.0
1490,917,4,3,41885.03,0.0
1491,918,108,2,50140.67,0.05
1492,919,194,2,50025.77,0.1
1493,920,12,1,20855.6,0.15
1494,921,114,2,41748.5,0.0
1495,922,108,1,50140.67,0.1
1496,922,170,3,10648.71,0.2
1497,922,144,1,9261.62,0.05
1498,923,163,1,35870.08,0.2
1499,924,123,3,42594.36,0.15
1500,925,42,3,35391.16,0.15
1501,925,164,2,42804.34,0.1
1502,926,199,2,7411.65,0.05
1503,927,3,3,23359.03,0.1
1504,928,62,1,10449.51,0.1
1505,928,191,1,25668.57,0.05
1506,929,2,1,40309.91,0.1
1507,930,182,1,29776.4,0.1
1508,931,85,2,23127.94,0.05
1509,932,102,2,1008.25,0.2
1510,932,154,2,36128.53,0.1
1511,932,28,2,18136.06,0.1
1512,933,150,2,27289.27,0.05
1513,933,8,2,43782.92,0.2
1514,934,4,2,41885.03,0.05
1515,934,42,2,35391.16,0.15
1516,935,196,1,6975.02,0.05
1517,936,159,3,3070.84,0.2
1518,936,87,2,31914.35,0.1
1519,937,57,1,46927.83,0.1
1520,938,36,2,39563.63,0.05
1521,938,135,1,6436.82,0.1
1522,939,36,3,39563.63,0.15
1523,940,177,3,4661.0,0.2
1524,941,41,1,7052.31,0.15
1525,942,41,3,7052.31,0.05
1526,943,7,1,30948.06,0.15
1527,943,78,2,22980.54,0.2
1528,944,46,3,44085.92,0.05
1529,944,31,3,41690.09,0.05
1530,944,92,2,40516.93,0.15
1531,945,122,2,11268.33,0.05
1532,945,2,1,40309.91,0.1
1533,946,56,1,44872.49,0.2
1534,946,32,1,42924.05,0.2
1535,947,137,2,13836.35,0.0
1536,948,12,2,20855.6,0.0
1537,949,13,3,15039.84,0.05
1538,949,28,3,18136.06,0.05
1539,950,159,1,3070.84,0.15
1540,951,22,1,36885.18,0.0
1541,951,155,1,3806.76,0.0
1542,952,149,3,5864.85,0.1
1543,953,97,1,2156.33,0.05
1544,954,97,3,2156.33,0.1
1545,954,184,3,22608.18,0.15
1546,955,190,2,25334.25,0.1
1547,956,80,2,19270.14,0.2
1548,956,1,3,40696.64,0.05
1549,956,187,1,24661.99,0.0
1550,957,200,2,20299.02,0.05
1551,958,60,1,10418.46,0.15
1552,959,120,1,22355.5,0.1
1553,959,137,2,13836.35,0.15
1554,960,188,2,43924.5,0.05
1555,961,190,1,25334.25,0.2
1556,962,194,2,50025.77,0.05
1557,963,180,1,21897.02,0.15
1558,963,27,2,39548.82,0.15
1559,964,183,1,15207.74,0.1
1560,964,110,1,28191.63,0.15
1561,964,88,3,12091.36,0.15
1562,965,7,3,30948.06,0.05
1563,966,180,2,21897.02,0.15
1564,966,166,3,23654.57,0.0
1565,967,19,3,13411.65,0.2
1566,968,34,1,1910.97,0.0
1567,969,101,3,28858.95,0.2
1568,969,123,3,42594.36,0.15
1569,970,162,2,48984.46,0.15
1570,971,63,1,33772.34,0.05
1571,972,125,1,6198.59,0.2
1572,973,40,1,25646.78,0.05
1573,974,163,3,35870.08,0.1
1574,975,95,1,26129.21,0.15
1575,975,107,1,16984.11,0.0
1576,976,39,3,11770.94,0.1
1577,977,11,1,26704.67,0.05
1578,978,87,1,31914.35,0.2
1579,979,145,1,12372.58,0.05
1580,979,179,3,36065.25,0.0
1581,980,67,2,21572.02,0.1
1582,981,161,2,42411.41,0.15
1583,981,129,3,48499.86,0.05
1584,982,123,3,42594.36,0.1
1585,983,169,3,5915.86,0.05
1586,984,128,2,44820.77,0.2
1587,984,106,1,36075.95,0.1
1588,985,135,1,6436.82,0.0
1589,985,36,2,39563.63,0.0
1590,985,11,2,26704.67,0.1
1591,986,110,2,28191.63,0.1
1592,987,114,1,41748.5,0.1
1593,988,37,2,29778.23,0.05
1594,989,81,2,23072.5,0.1
1595,989,89,3,48825.23,0.15
1596,989,57,2,46927.83,0.15
1597,989,64,3,43716.56,0.15
1598,990,67,2,21572.02,0.2
1599,990,136,2,42539.86,0.05
1600,990,113,1,27795.82,0.1
1601,990,131,3,30688.69,0.1
1602,991,31,2,41690.09,0.15
1603,991,6,3,21794.83,0.05
1604,992,106,3,36075.95,0.05
1605,993,108,2,50140.67,0.0
1606,993,84,1,8374.62,0.0
1607,993,99,2,34928.44,0.05
1608,993,137,2,13836.35,0.15
1609,994,46,1,44085.92,0.1
1610,994,153,3,42981.95,0.0
1611,995,150,1,27289.27,0.1
1612,995,200,3,20299.02,0.1
1613,996,19,1,13411.65,0.1
1614,996,34,2,1910.97,0.1
1615,996,148,1,21684.4,0.05
1616,997,51,2,24437.01,0.15
1617,998,177,3,4661.0,0.0
1618,999,89,2,48825.23,0.2
1619,1000,36,2,39563.63,0.0
1620,1001,75,1,40963.99,0.15
1621,1001,179,1,36065.25,0.05
1622,1001,168,1,2470.72,0.2
1623,1002,24,2,29603.93,0.15
1624,1003,37,1,29778.23,0.05
1625,1003,199,2,7411.65,0.05
1626,1004,146,3,40286.57,0.1
1627,1004,179,2,36065.25,0.0
1628,1005,102,2,1008.25,0.15
1629,1005,125,1,6198.59,0.15
1630,1006,162,1,48984.46,0.05
1631,1007,134,1,20156.16,0.0
1632,1007,110,1,28191.63,0.0
1633,1008,39,3,11770.94,0.2
1634,1008,7,2,30948.06,0.2
1635,1008,13,2,15039.84,0.05
1636,1008,185,2,25661.22,0.1
1637,1009,140,1,30777.61,0.05
1638,1009,53,2,50251.89,0.15
1639,1010,98,3,3308.53,0.05
1640,1010,6,3,21794.83,0.2
1641,1011,128,3,44820.77,0.0
1642,1011,186,3,8577.37,0.05
1643,1012,86,3,8655.62,0.1
1644,1013,74,3,29336.62,0.05
1645,1013,112,1,14176.68,0.2
1646,1014,108,1,50140.67,0.0
1647,1014,72,1,19963.16,0.05
1648,1014,146,2,40286.57,0.2
1649,1014,184,2,22608.18,0.0
1650,1015,56,3,44872.49,0.0
1651,1015,96,1,14581.98,0.0
1652,1015,13,2,15039.84,0.1
1653,1016,122,2,11268.33,0.2
1654,1017,182,1,29776.4,0.2
1655,1017,165,1,36704.4,0.05
1656,1018,188,3,43924.5,0.0
1657,1018,131,2,30688.69,0.1
1658,1018,148,3,21684.4,0.0
1659,1019,16,2,23743.03,0.05
1660,1020,104,2,31127.57,0.2
1661,1021,176,1,33751.54,0.1
1662,1022,163,3,35870.08,0.0
1663,1023,166,1,23654.57,0.15
1664,1024,82,2,30777.11,0.2
1665,1025,11,3,26704.67,0.0
1666,1026,104,3,31127.57,0.1
1667,1027,115,1,31652.31,0.15
1668,1028,116,2,8921.83,0.0
1669,1028,141,1,17316.48,0.2
1670,1029,119,3,16619.7,0.0
1671,1030,156,3,15379.26,0.2
1672,1031,53,3,50251.89,0.0
1673,1031,124,2,11084.62,0.0
1674,1032,133,2,21014.51,0.15
1675,1033,133,3,21014.51,0.2
1676,1033,109,2,36362.87,0.15
1677,1033,29,2,30681.71,0.1
1678,1033,22,3,36885.18,0.2
1679,1034,51,1,24437.01,0.15
1680,1035,11,3,26704.67,0.1
1681,1036,86,2,8655.62,0.05
1682,1036,138,2,49356.42,0.1
1683,1036,54,3,11768.03,0.2
1684,1037,90,2,37188.84,0.1
1685,1038,39,3,11770.94,0.1
1686,1039,62,1,10449.51,0.2
1687,1040,198,3,26983.92,0.05
1688,1040,195,2,24840.62,0.05
1689,1041,169,1,5915.86,0.0
1690,1042,199,3,7411.65,0.15
1691,1043,12,1,20855.6,0.1
1692,1044,69,2,9019.63,0.15
1693,1045,155,1,3806.76,0.0
1694,1046,199,1,7411.65,0.05
1695,1046,52,3,15906.74,0.1
1696,1047,119,1,16619.7,0.15
1697,1048,111,3,3742.68,0.05
1698,1048,152,2,2563.86,0.1
1699,1049,95,3,26129.21,0.0
1700,1050,33,3,12098.86,0.1
1701,1051,110,1,28191.63,0.2
1702,1051,28,2,18136.06,0.05
1703,1051,62,1,10449.51,0.2
1704,1052,121,1,28507.38,0.15
1705,1052,33,1,12098.86,0.2
1706,1052,185,3,25661.22,0.05
1707,1053,122,3,11268.33,0.0
1708,1053,121,1,28507.38,0.2
1709,1053,117,2,36095.84,0.05
1710,1054,178,3,2898.19,0.15
1711,1055,100,1,15290.28,0.2
1712,1055,51,1,24437.01,0.0
1713,1056,22,1,36885.18,0.0
1714,1057,37,3,29778.23,0.1
1715,1058,76,3,12285.91,0.1
1716,1059,174,1,538.14,0.1
1717,1060,124,3,11084.62,0.15
1718,1060,178,2,2898.19,0.0
1719,1061,183,1,15207.74,0.2
1720,1061,110,3,28191.63,0.15
1721,1062,94,3,7289.85,0.2
1722,1063,198,2,26983.92,0.15
1723,1064,105,1,17777.23,0.2
1724,1064,76,3,12285.91,0.15
1725,1065,61,1,20943.29,0.1
1726,1066,5,3,4803.48,0.1
1727,1066,158,1,17342.07,0.05
1728,1067,73,2,49942.04,0.1
1729,1067,36,1,39563.63,0.15
1730,1067,173,3,26855.55,0.05
1731,1068,47,3,44066.13,0.0
1732,1068,33,2,12098.86,0.05
1733,1068,23,3,26378.92,0.0
1734,1069,93,3,34455.75,0.1
1735,1070,63,2,33772.34,0.0
1736,1071,86,3,8655.62,0.2
1737,1071,127,1,40465.67,0.0
1738,1072,85,3,23127.94,0.0
1739,1072,10,1,18200.22,0.0
1740,1072,191,2,25668.57,0.05
1741,1073,8,3,43782.92,0.0
1742,1074,90,3,37188.84,0.2
1743,1075,172,2,17664.71,0.1
1744,1075,67,3,21572.02,0.15
1745,1076,53,2,50251.89,0.2
1746,1076,57,3,46927.83,0.05
1747,1076,82,2,30777.11,0.15
1748,1077,154,2,36128.53,0.2
1749,1077,48,2,18097.56,0.15
1750,1077,28,3,18136.06,0.0
1751,1078,99,3,34928.44,0.2
1752,1078,63,2,33772.34,0.15
1753,1079,174,1,538.14,0.05
1754,1079,62,1,10449.51,0.15
1755,1079,40,3,25646.78,0.05
1756,1080,105,2,17777.23,0.05
1757,1080,109,3,36362.87,0.05
1758,1081,138,2,49356.42,0.1
1759,1082,152,2,2563.86,0.05
1760,1082,43,2,51003.27,0.0
1761,1082,185,1,25661.22,0.0
1762,1083,189,3,24813.39,0.05
1763,1083,173,1,26855.55,0.2
1764,1084,13,1,15039.84,0.1
1765,1085,97,2,2156.33,0.0
1766,1085,5,3,4803.48,0.0
1767,1086,87,1,31914.35,0.05
1768,1086,72,2,19963.16,0.0
1769,1087,167,1,39773.19,0.0
1770,1088,179,1,36065.25,0.1
1771,1088,186,2,8577.37,0.05
1772,1088,51,2,24437.01,0.2
1773,1089,52,1,15906.74,0.0
1774,1089,4,1,41885.03,0.0
1775,1090,135,3,6436.82,0.05
1776,1090,153,1,42981.95,0.2
1777,1091,30,3,8833.65,0.0
1778,1092,80,1,19270.14,0.05
1779,1092,137,3,13836.35,0.05
1780,1093,72,1,19963.16,0.1
1781,1094,154,1,36128.53,0.2
1782,1095,160,1,23328.29,0.0
1783,1095,190,2,25334.25,0.05
1784,1096,107,1,16984.11,0.05
1785,1096,109,2,36362.87,0.15
1786,1097,165,1,36704.4,0.2
1787,1098,22,1,36885.18,0.15
1788,1098,36,3,39563.63,0.0
1789,1099,195,3,24840.62,0.1
1790,1100,179,2,36065.25,0.0
1791,1100,66,2,47190.57,0.05
1792,1101,23,1,26378.92,0.1
1793,1102,55,3,28833.78,0.05
1794,1102,173,1,26855.55,0.2
1795,1103,52,3,15906.74,0.15
1796,1104,75,1,40963.99,0.2
1797,1104,36,3,39563.63,0.0
1798,1105,36,2,39563.63,0.2
1799,1105,171,1,9250.53,0.15
1800,1106,188,3,43924.5,0.0
1801,1106,92,2,40516.93,0.15
1802,1106,166,2,23654.57,0.15
1803,1106,8,3,43782.92,0.0
1804,1107,123,2,42594.36,0.05
1805,1108,139,2,15424.8,0.05
1806,1108,56,2,44872.49,0.2
1807,1109,171,3,9250.53,0.1
1808,1110,187,3,24661.99,0.15
1809,1111,164,2,42804.34,0.05
1810,1111,42,3,35391.16,0.05
1811,1111,118,1,29041.54,0.15
1812,1112,114,3,41748.5,0.2
1813,1113,180,3,21897.02,0.05
1814,1114,102,1,1008.25,0.15
1815,1115,84,3,8374.62,0.2
1816,1115,44,3,30820.13,0.2
1817,1115,48,3,18097.56,0.0
1818,1115,141,2,17316.48,0.1
1819,1116,62,3,10449.51,0.2
1820,1116,82,1,30777.11,0.05
1821,1117,160,2,23328.29,0.15
1822,1118,112,2,14176.68,0.2
1823,1119,98,1,3308.53,0.2
1824,1119,76,1,12285.91,0.2
1825,1120,190,3,25334.25,0.0
1826,1121,19,3,13411.65,0.1
1827,1122,113,1,27795.82,0.15
1828,1123,142,3,19228.31,0.05
1829,1124,36,2,39563.63,0.15
1830,1124,152,2,2563.86,0.0
1831,1125,113,1,27795.82,0.0
1832,1126,79,2,18307.97,0.0
1833,1126,135,1,6436.82,0.1
1834,1127,2,3,40309.91,0.05
1835,1127,184,2,22608.18,0.1
1836,1128,164,3,42804.34,0.15
1837,1128,47,3,44066.13,0.15
1838,1129,119,1,16619.7,0.05
1839,1130,199,3,7411.65,0.05
1840,1130,37,1,29778.23,0.0
1841,1131,39,2,11770.94,0.0
1842,1132,130,2,27639.1,0.0
1843,1133,44,3,30820.13,0.0
1844,1134,165,3,36704.4,0.1
1845,1135,47,1,44066.13,0.05
1846,1136,105,1,17777.23,0.2
1847,1136,155,1,3806.76,0.15
1848,1136,54,1,11768.03,0.0
1849,1137,128,3,44820.77,0.05
1850,1138,35,2,29269.09,0.05
1851,1139,167,1,39773.19,0.1
1852,1139,182,3,29776.4,0.2
1853,1139,109,2,36362.87,0.1
1854,1140,189,3,24813.39,0.1
1855,1141,179,1,36065.25,0.1
1856,1141,84,2,8374.62,0.15
1857,1141,127,3,40465.67,0.2
1858,1141,177,2,4661.0,0.15
1859,1142,127,1,40465.67,0.15
1860,1142,66,3,47190.57,0.15
1861,1143,93,2,34455.75,0.1
1862,1143,166,2,23654.57,0.05
1863,1144,186,1,8577.37,0.1
1864,1145,110,3,28191.63,0.2
1865,1146,108,3,50140.67,0.05
1866,1146,91,3,19812.47,0.1
1867,1147,76,3,12285.91,0.05
1868,1148,91,3,19812.47,0.15
1869,1148,168,3,2470.72,0.05
1870,1149,127,2,40465.67,0.1
1871,1149,56,3,44872.49,0.1
1872,1149,112,1,14176.68,0.05
1873,1150,170,2,10648.71,0.15
1874,1151,121,1,28507.38,0.2
1875,1152,75,3,40963.99,0.15
1876,1152,63,3,33772.34,0.2
1877,1152,41,1,7052.31,0.1
1878,1153,187,2,24661.99,0.2
1879,1154,138,2,49356.42,0.0
1880,1154,9,3,11984.47,0.1
1881,1155,16,2,23743.03,0.0
1882,1156,137,2,13836.35,0.15
1883,1156,69,1,9019.63,0.0
1884,1157,51,2,24437.01,0.05
1885,1158,195,3,24840.62,0.0
1886,1158,155,3,3806.76,0.15
1887,1158,51,2,24437.01,0.05
1888,1159,126,2,1621.66,0.1
1889,1159,37,3,29778.23,0.1
1890,1159,152,3,2563.86,0.0
1891,1160,8,1,43782.92,0.15
1892,1161,144,2,9261.62,0.0
1893,1162,174,1,538.14,0.0
1894,1163,88,1,12091.36,0.05
1895,1164,25,2,38481.68,0.05
1896,1164,80,1,19270.14,0.05
1897,1164,54,2,11768.03,0.2
1898,1165,176,3,33751.54,0.05
1899,1166,193,3,12185.72,0.1
1900,1166,126,1,1621.66,0.0
1901,1167,186,1,8577.37,0.05
1902,1167,26,1,5340.38,0.1
1903,1168,71,2,45760.82,0.1
1904,1168,43,1,51003.27,0.15
1905,1169,39,2,11770.94,0.15
1906,1169,142,1,19228.31,0.1
1907,1170,14,3,10524.66,0.1
1908,1171,136,1,42539.86,0.2
1909,1172,90,2,37188.84,0.0
1910,1172,75,2,40963.99,0.15
1911,1173,155,1,3806.76,0.1
1912,1173,161,1,42411.41,0.0
1913,1173,21,2,17242.26,0.1
1914,1173,150,2,27289.27,0.1
1915,1174,176,1,33751.54,0.15
1916,1175,196,1,6975.02,0.15
1917,1175,107,1,16984.11,0.2
1918,1176,107,1,16984.11,0.05
1919,1176,117,2,36095.84,0.1
1920,1177,36,1,39563.63,0.1
1921,1178,96,3,14581.98,0.05
1922,1178,109,2,36362.87,0.1
1923,1179,45,1,26285.18,0.2
1924,1179,193,2,12185.72,0.2
1925,1179,109,1,36362.87,0.2
1926,1180,168,1,2470.72,0.2
1927,1180,114,3,41748.5,0.0
1928,1180,101,2,28858.95,0.2
1929,1180,41,1,7052.31,0.0
1930,1181,111,1,3742.68,0.05
1931,1181,62,3,10449.51,0.2
1932,1182,19,2,13411.65,0.15
1933,1183,80,3,19270.14,0.1
1934,1183,86,3,8655.62,0.2
1935,1183,9,3,11984.47,0.2
1936,1184,33,3,12098.86,0.15
1937,1185,174,1,538.14,0.05
1938,1186,56,3,44872.49,0.2
1939,1186,72,3,19963.16,0.0
1940,1186,59,2,34215.94,0.2
1941,1187,24,3,29603.93,0.1
1942,1188,15,2,38205.74,0.2
1943,1188,38,1,45352.89,0.15
1944,1189,12,3,20855.6,0.05
1945,1190,185,1,25661.22,0.05
1946,1190,61,2,20943.29,0.05
1947,1191,197,2,26851.86,0.15
1948,1192,48,3,18097.56,0.2
1949,1193,184,2,22608.18,0.1
1950,1194,192,3,28177.04,0.1
1951,1194,74,1,29336.62,0.0
1952,1195,182,1,29776.4,0.1
1953,1196,158,2,17342.07,0.05
1954,1197,22,3,36885.18,0.05
1955,1197,10,3,18200.22,0.2
1956,1197,176,2,33751.54,0.15
1957,1198,165,1,36704.4,0.1
1958,1199,38,3,45352.89,0.2
1959,1200,173,2,26855.55,0.2
1960,1201,87,1,31914.35,0.15
1961,1202,42,3,35391.16,0.0
1962,1203,37,3,29778.23,0.0
1963,1203,176,3,33751.54,0.0
1964,1204,126,3,1621.66,0.05
1965,1204,59,1,34215.94,0.0
1966,1205,64,3,43716.56,0.0
1967,1205,102,2,1008.25,0.15
1968,1206,118,2,29041.54,0.15
1969,1207,7,2,30948.06,0.05
1970,1208,175,2,23206.0,0.0
1971,1208,116,2,8921.83,0.1
1972,1209,153,3,42981.95,0.2
1973,1210,21,1,17242.26,0.0
1974,1210,96,2,14581.98,0.1
1975,1211,3,1,23359.03,0.0
1976,1212,166,2,23654.57,0.2
1977,1213,127,3,40465.67,0.2
1978,1214,55,3,28833.78,0.1
1979,1215,15,3,38205.74,0.1
1980,1215,44,3,30820.13,0.15
1981,1216,102,1,1008.25,0.05
1982,1217,13,1,15039.84,0.2
1983,1217,70,3,18353.81,0.05
1984,1218,176,3,33751.54,0.15
1985,1219,77,1,6283.7,0.2
1986,1219,161,3,42411.41,0.05
1987,1220,109,3,36362.87,0.2
1988,1221,20,1,27656.21,0.2
1989,1222,115,1,31652.31,0.0
1990,1222,45,2,26285.18,0.0
1991,1223,72,2,19963.16,0.0
1992,1224,80,1,19270.14,0.05
1993,1225,61,3,20943.29,0.2
1994,1226,61,1,20943.29,0.0
1995,1227,190,3,25334.25,0.0
1996,1227,51,3,24437.01,0.15
1997,1228,186,3,8577.37,0.15
1998,1229,3,1,23359.03,0.2
1999,1230,171,1,9250.53,0.15
2000,1230,175,1,23206.0,0.15
2001,1231,120,3,22355.5,0.2
2002,1231,192,3,28177.04,0.1
2003,1232,110,1,28191.63,0.0
2004,1232,124,1,11084.62,0.0
2005,1233,21,2,17242.26,0.0
2006,1234,122,2,11268.33,0.0
2007,1234,3,2,23359.03,0.05
2008,1235,94,1,7289.85,0.2
2009,1236,83,1,16031.85,0.05
2010,1236,27,2,39548.82,0.0
2011,1237,21,1,17242.26,0.2
2012,1238,160,3,23328.29,0.1
2013,1238,68,2,10784.99,0.1
2014,1239,108,1,50140.67,0.2
2015,1239,156,2,15379.26,0.1
2016,1239,121,2,28507.38,0.15
2017,1240,154,2,36128.53,0.15
2018,1240,48,2,18097.56,0.0
2019,1241,115,3,31652.31,0.0
2020,1242,173,3,26855.55,0.15
2021,1242,129,1,48499.86,0.15
2022,1243,91,2,19812.47,0.0
2023,1244,103,2,41454.92,0.15
2024,1245,7,2,30948.06,0.1
2025,1246,118,1,29041.54,0.05
2026,1247,135,2,6436.82,0.1
2027,1248,12,3,20855.6,0.05
2028,1248,43,1,51003.27,0.1
2029,1249,18,2,5102.7,0.15
2030,1249,78,2,22980.54,0.05
2031,1250,53,3,50251.89,0.05
2032,1251,175,1,23206.0,0.0
2033,1252,107,1,16984.11,0.1
2034,1252,200,1,20299.02,0.0
2035,1253,76,3,12285.91,0.05
2036,1254,102,3,1008.25,0.15
2037,1255,107,2,16984.11,0.15
2038,1256,65,2,10714.5,0.1
2039,1257,145,2,12372.58,0.2
2040,1258,124,1,11084.62,0.05
2041,1259,144,1,9261.62,0.0
2042,1260,139,1,15424.8,0.15
2043,1261,165,2,36704.4,0.05
2044,1261,59,3,34215.94,0.0
2045,1262,148,3,21684.4,0.05
2046,1262,47,3,44066.13,0.2
2047,1263,165,1,36704.4,0.15
2048,1264,99,1,34928.44,0.1
2049,1264,85,1,23127.94,0.0
2050,1264,154,2,36128.53,0.0
2051,1265,176,1,33751.54,0.2
2052,1266,140,2,30777.61,0.05
2053,1267,41,2,7052.31,0.15
2054,1268,50,1,25321.56,0.0
2055,1269,115,3,31652.31,0.2
2056,1270,103,1,41454.92,0.15
2057,1270,167,2,39773.19,0.15
2058,1271,187,3,24661.99,0.2
2059,1272,148,2,21684.4,0.2
2060,1272,123,3,42594.36,0.15
2061,1273,15,1,38205.74,0.05
2062,1273,81,1,23072.5,0.15
2063,1274,72,3,19963.16,0.15
2064,1275,107,3,16984.11,0.0
2065,1275,92,3,40516.93,0.2
2066,1276,27,1,39548.82,0.15
2067,1277,55,3,28833.78,0.1
2068,1278,63,1,33772.34,0.15
2069,1279,25,1,38481.68,0.2
2070,1280,94,2,7289.85,0.15
2071,1281,191,2,25668.57,0.0
2072,1281,193,2,12185.72,0.2
2073,1282,106,1,36075.95,0.15
2074,1283,130,3,27639.1,0.05
2075,1283,19,3,13411.65,0.2
2076,1283,23,3,26378.92,0.2
2077,1284,14,1,10524.66,0.0
2078,1284,101,1,28858.95,0.05
2079,1284,136,3,42539.86,0.0
2080,1285,110,2,28191.63,0.1
2081,1286,175,3,23206.0,0.05
2082,1287,57,3,46927.83,0.05
2083,1288,31,1,41690.09,0.0
2084,1289,135,2,6436.82,0.1
2085,1290,194,2,50025.77,0.2
2086,1290,12,1,20855.6,0.05
2087,1291,42,3,35391.16,0.1
2088,1292,96,2,14581.98,0.2
2089,1292,133,1,21014.51,0.1
2090,1293,61,3,20943.29,0.2
2091,1293,175,3,23206.0,0.0
2092,1294,72,3,19963.16,0.05
2093,1295,40,2,25646.78,0.1
2094,1295,38,1,45352.89,0.15
2095,1296,18,3,5102.7,0.05
2096,1296,154,2,36128.53,0.2
2097,1297,18,2,5102.7,0.15
2098,1297,162,2,48984.46,0.05
2099,1297,190,1,25334.25,0.05
2100,1298,104,1,31127.57,0.2
2101,1298,10,2,18200.22,0.05
2102,1299,67,2,21572.02,0.0
2103,1299,92,1,40516.93,0.2
2104,1300,60,1,10418.46,0.1
2105,1301,199,1,7411.65,0.2
2106,1302,198,2,26983.92,0.2
2107,1303,170,3,10648.71,0.1
2108,1304,160,3,23328.29,0.2
2109,1304,12,2,20855.6,0.1
2110,1305,149,3,5864.85,0.15
2111,1306,72,3,19963.16,0.0
2112,1307,192,3,28177.04,0.05
2113,1307,157,3,46646.8,0.0
2114,1308,163,1,35870.08,0.1
2115,1309,195,2,24840.62,0.15
2116,1309,24,3,29603.93,0.0
2117,1310,53,1,50251.89,0.2
2118,1311,110,2,28191.63,0.0
2119,1312,35,1,29269.09,0.15
2120,1313,181,1,40139.53,0.05
2121,1313,76,2,12285.91,0.05
2122,1314,166,3,23654.57,0.1
2123,1314,44,1,30820.13,0.2
2124,1315,185,1,25661.22,0.0
2125,1316,63,1,33772.34,0.05
2126,1317,79,1,18307.97,0.0
2127,1318,26,2,5340.38,0.1
2128,1318,167,1,39773.19,0.1
2129,1318,80,3,19270.14,0.1
2130,1319,172,1,17664.71,0.05
2131,1320,63,2,33772.34,0.0
2132,1320,194,3,50025.77,0.2
2133,1321,106,2,36075.95,0.0
2134,1322,189,3,24813.39,0.15
2135,1323,87,2,31914.35,0.0
2136,1323,107,3,16984.11,0.2
2137,1324,80,2,19270.14,0.1
2138,1325,139,3,15424.8,0.0
2139,1326,120,2,22355.5,0.05
2140,1326,10,2,18200.22,0.1
2141,1326,82,1,30777.11,0.2
2142,1327,46,2,44085.92,0.0
2143,1328,200,1,20299.02,0.05
2144,1328,19,2,13411.65,0.15
2145,1329,69,1,9019.63,0.2
2146,1330,45,3,26285.18,0.05
2147,1330,10,1,18200.22,0.15
2148,1331,98,2,3308.53,0.2
2149,1332,109,1,36362.87,0.05
2150,1332,154,3,36128.53,0.1
2151,1333,138,2,49356.42,0.0
2152,1334,24,3,29603.93,0.2
2153,1334,17,1,30784.12,0.2
2154,1335,160,2,23328.29,0.05
2155,1335,60,2,10418.46,0.05
2156,1336,97,2,2156.33,0.05
2157,1337,49,2,26129.96,0.15
2158,1338,77,3,6283.7,0.2
2159,1339,59,1,34215.94,0.1
2160,1340,95,1,26129.21,0.2
2161,1341,157,2,46646.8,0.0
2162,1342,199,2,7411.65,0.1
2163,1343,64,3,43716.56,0.2
2164,1344,159,1,3070.84,0.2
2165,1345,6,2,21794.83,0.1
2166,1346,6,3,21794.83,0.1
2167,1347,195,3,24840.62,0.2
2168,1348,96,2,14581.98,0.15
2169,1348,156,3,15379.26,0.0
2170,1349,110,3,28191.63,0.15
2171,1350,54,2,11768.03,0.2
2172,1351,121,2,28507.38,0.1
2173,1352,118,1,29041.54,0.2
2174,1353,2,1,40309.91,0.2
2175,1354,88,1,12091.36,0.2
2176,1354,71,3,45760.82,0.15
2177,1355,71,2,45760.82,0.2
2178,1356,171,3,9250.53,0.15
2179,1356,97,2,2156.33,0.15
2180,1357,157,2,46646.8,0.15
2181,1357,149,1,5864.85,0.15
2182,1358,118,3,29041.54,0.0
2183,1358,180,2,21897.02,0.2
2184,1359,67,3,21572.02,0.15
2185,1360,21,1,17242.26,0.2
2186,1360,7,2,30948.06,0.15
2187,1360,195,1,24840.62,0.1
2188,1361,92,2,40516.93,0.15
2189,1362,1,2,40696.64,0.0
2190,1362,168,3,2470.72,0.2
2191,1363,6,3,21794.83,0.0
2192,1364,170,2,10648.71,0.1
2193,1365,186,1,8577.37,0.05
2194,1365,175,2,23206.0,0.05
2195,1366,95,2,26129.21,0.2
2196,1366,157,3,46646.8,0.1
2197,1366,164,1,42804.34,0.1
2198,1367,5,3,4803.48,0.1
2199,1368,105,3,17777.23,0.05
2200,1368,182,2,29776.4,0.1
2201,1369,35,3,29269.09,0.1
2202,1370,144,2,9261.62,0.2
2203,1370,112,3,14176.68,0.05
2204,1370,19,2,13411.65,0.15
2205,1371,9,1,11984.47,0.1
2206,1372,175,1,23206.0,0.2
2207,1373,181,2,40139.53,0.15
2208,1374,194,2,50025.77,0.2
2209,1374,97,1,2156.33,0.15
2210,1375,64,3,43716.56,0.1
2211,1375,133,3,21014.51,0.05
2212,1376,105,1,17777.23,0.15
2213,1376,144,1,9261.62,0.1
2214,1377,57,1,46927.83,0.0
2215,1378,21,1,17242.26,0.15
2216,1379,97,3,2156.33,0.1
2217,1380,157,3,46646.8,0.05
2218,1381,76,3,12285.91,0.2
2219,1382,38,2,45352.89,0.1
2220,1382,182,3,29776.4,0.15
2221,1382,126,2,1621.66,0.0
2222,1383,100,1,15290.28,0.0
2223,1383,84,1,8374.62,0.15
2224,1383,107,1,16984.11,0.1
2225,1384,73,1,49942.04,0.2
2226,1385,131,3,30688.69,0.15
2227,1386,184,1,22608.18,0.0
2228,1386,63,3,33772.34,0.0
2229,1387,39,1,11770.94,0.1
2230,1387,51,2,24437.01,0.15
2231,1388,183,3,15207.74,0.0
2232,1389,57,1,46927.83,0.15
2233,1390,92,2,40516.93,0.15
2234,1391,45,1,26285.18,0.15
2235,1391,173,1,26855.55,0.15
2236,1391,106,2,36075.95,0.2
2237,1392,11,3,26704.67,0.2
2238,1393,142,2,19228.31,0.1
2239,1393,155,2,3806.76,0.1
2240,1393,126,3,1621.66,0.1
2241,1394,167,2,39773.19,0.2
2242,1394,62,3,10449.51,0.1
2243,1395,91,1,19812.47,0.15
2244,1396,65,1,10714.5,0.15
2245,1396,8,2,43782.92,0.15
2246,1397,122,2,11268.33,0.0
2247,1398,39,1,11770.94,0.15
2248,1399,91,1,19812.47,0.1
2249,1400,90,2,37188.84,0.0
2250,1400,52,1,15906.74,0.1
2251,1401,197,3,26851.86,0.05
2252,1401,54,1,11768.03,0.2
2253,1402,9,3,11984.47,0.0
2254,1402,165,3,36704.4,0.1
2255,1403,105,2,17777.23,0.1
2256,1403,96,3,14581.98,0.2
2257,1404,191,2,25668.57,0.1
2258,1405,135,2,6436.82,0.15
2259,1406,88,1,12091.36,0.05
2260,1407,34,1,1910.97,0.0
2261,1407,106,1,36075.95,0.1
2262,1407,111,2,3742.68,0.0
2263,1408,147,1,31001.46,0.0
2264,1408,189,3,24813.39,0.05
2265,1408,21,2,17242.26,0.2
2266,1409,171,1,9250.53,0.2
2267,1409,93,3,34455.75,0.2
2268,1409,108,3,50140.67,0.2
2269,1409,20,3,27656.21,0.15
2270,1410,21,3,17242.26,0.0
2271,1410,23,3,26378.92,0.1
2272,1411,192,2,28177.04,0.1
2273,1412,20,2,27656.21,0.1
2274,1413,109,1,36362.87,0.2
2275,1414,166,3,23654.57,0.15
2276,1414,105,3,17777.23,0.0
2277,1415,119,3,16619.7,0.2
2278,1416,172,3,17664.71,0.15
2279,1417,38,3,45352.89,0.2
2280,1418,96,3,14581.98,0.05
2281,1419,88,3,12091.36,0.2
2282,1420,135,3,6436.82,0.2
2283,1421,184,1,22608.18,0.05
2284,1422,1,1,40696.64,0.2
2285,1422,187,3,24661.99,0.05
2286,1423,74,1,29336.62,0.1
2287,1424,124,3,11084.62,0.05
2288,1425,109,1,36362.87,0.0
2289,1425,45,2,26285.18,0.0
2290,1426,56,1,44872.49,0.2
2291,1427,9,2,11984.47,0.15
2292,1428,63,1,33772.34,0.2
2293,1429,24,2,29603.93,0.2
2294,1429,65,2,10714.5,0.05
2295,1430,77,2,6283.7,0.05
2296,1431,84,3,8374.62,0.1
2297,1432,5,3,4803.48,0.05
2298,1433,58,3,4945.79,0.05
2299,1433,130,2,27639.1,0.0
2300,1433,124,3,11084.62,0.15
2301,1434,128,2,44820.77,0.1
2302,1435,24,1,29603.93,0.1
2303,1436,173,1,26855.55,0.0
2304,1437,132,2,30606.19,0.05
2305,1438,108,2,50140.67,0.2
2306,1439,90,3,37188.84,0.2
2307,1439,54,3,11768.03,0.1
2308,1440,178,2,2898.19,0.2
2309,1440,31,3,41690.09,0.1
2310,1441,160,3,23328.29,0.0
2311,1442,134,3,20156.16,0.0
2312,1442,78,1,22980.54,0.2
2313,1443,85,2,23127.94,0.15
2314,1443,93,2,34455.75,0.2
2315,1443,133,1,21014.51,0.05
2316,1443,29,3,30681.71,0.05
2317,1444,25,2,38481.68,0.2
2318,1444,151,3,22108.82,0.0
2319,1444,57,3,46927.83,0.0
2320,1445,51,1,24437.01,0.1
2321,1445,137,2,13836.35,0.05
2322,1446,181,3,40139.53,0.05
2323,1447,41,1,7052.31,0.2
2324,1448,148,1,21684.4,0.0
2325,1448,119,3,16619.7,0.0
2326,1448,191,1,25668.57,0.0
2327,1449,40,2,25646.78,0.05
2328,1450,23,2,26378.92,0.15
2329,1451,64,1,43716.56,0.1
2330,1452,92,1,40516.93,0.0
2331,1452,93,2,34455.75,0.05
2332,1452,51,1,24437.01,0.05
2333,1453,79,2,18307.97,0.0
2334,1454,137,1,13836.35,0.0
2335,1455,158,2,17342.07,0.2
2336,1455,190,3,25334.25,0.1
2337,1455,105,3,17777.23,0.1
2338,1456,105,3,17777.23,0.15
2339,1457,79,2,18307.97,0.1
2340,1458,143,3,33742.3,0.05
2341,1459,26,2,5340.38,0.2
2342,1459,37,3,29778.23,0.1
2343,1460,15,2,38205.74,0.1
2344,1461,159,1,3070.84,0.0
2345,1461,188,2,43924.5,0.0
2346,1462,192,2,28177.04,0.2
2347,1462,98,1,3308.53,0.0
2348,1462,165,1,36704.4,0.2
2349,1463,41,2,7052.31,0.05
2350,1463,171,3,9250.53,0.0
2351,1464,37,2,29778.23,0.2
2352,1465,39,3,11770.94,0.15
2353,1465,176,2,33751.54,0.15
2354,1465,22,1,36885.18,0.15
2355,1466,146,2,40286.57,0.05
2356,1466,200,1,20299.02,0.2
2357,1467,70,2,18353.81,0.2
2358,1468,182,3,29776.4,0.0
2359,1468,23,1,26378.92,0.1
2360,1469,36,3,39563.63,0.1
2361,1469,170,2,10648.71,0.05
2362,1470,142,2,19228.31,0.0
2363,1470,161,3,42411.41,0.05
2364,1471,8,1,43782.92,0.15
2365,1472,69,3,9019.63,0.15
2366,1472,144,3,9261.62,0.05
2367,1472,87,2,31914.35,0.05
2368,1473,32,3,42924.05,0.1
2369,1473,38,1,45352.89,0.1
2370,1474,184,1,22608.18,0.1
2371,1475,132,1,30606.19,0.05
2372,1475,165,3,36704.4,0.2
2373,1476,98,1,3308.53,0.1
2374,1477,45,2,26285.18,0.0
2375,1477,47,2,44066.13,0.1
2376,1478,123,2,42594.36,0.15
2377,1478,68,3,10784.99,0.2
2378,1479,11,1,26704.67,0.1
2379,1479,184,1,22608.18,0.2
2380,1479,149,3,5864.85,0.2
2381,1480,112,2,14176.68,0.1
2382,1481,25,2,38481.68,0.1
2383,1482,91,1,19812.47,0.05
2384,1482,111,3,3742.68,0.2
2385,1483,131,3,30688.69,0.15
2386,1484,98,2,3308.53,0.2
2387,1484,89,3,48825.23,0.05
2388,1485,100,3,15290.28,0.0
2389,1486,33,1,12098.86,0.2
2390,1487,23,1,26378.92,0.05
2391,1488,3,2,23359.03,0.2
2392,1488,72,2,19963.16,0.15
2393,1489,21,3,17242.26,0.0
2394,1489,193,1,12185.72,0.2
2395,1489,148,1,21684.4,0.05
2396,1490,195,3,24840.62,0.1
2397,1491,134,2,20156.16,0.05
2398,1491,151,3,22108.82,0.05
2399,1491,196,3,6975.02,0.2
2400,1492,19,3,13411.65,0.0
2401,1493,145,3,12372.58,0.0
2402,1494,60,1,10418.46,0.2
2403,1494,79,1,18307.97,0.2
2404,1494,113,2,27795.82,0.0
2405,1495,105,3,17777.23,0.0
2406,1495,122,3,11268.33,0.1
2407,1495,56,3,44872.49,0.05
2408,1496,187,2,24661.99,0.15
2409,1497,143,2,33742.3,0.2
2410,1498,104,3,31127.57,0.15
2411,1498,161,2,42411.41,0.15
2412,1499,39,1,11770.94,0.1
2413,1499,152,3,2563.86,0.2
2414,1500,41,1,7052.31,0.2
2415,1500,135,1,6436.82,0.0
2416,1501,40,1,25646.78,0.1
2417,1502,112,3,14176.68,0.2
2418,1503,138,3,49356.42,0.1
2419,1504,109,2,36362.87,0.15
2420,1504,125,3,6198.59,0.0
2421,1505,103,2,41454.92,0.2
2422,1505,72,1,19963.16,0.15
2423,1506,188,3,43924.5,0.15
2424,1506,72,2,19963.16,0.05
2425,1506,148,1,21684.4,0.05
2426,1506,84,2,8374.62,0.05
2427,1507,123,2,42594.36,0.1
2428,1508,182,3,29776.4,0.05
2429,1508,85,3,23127.94,0.2
2430,1509,138,3,49356.42,0.15
2431,1510,23,3,26378.92,0.1
2432,1510,176,3,33751.54,0.15
2433,1510,17,3,30784.12,0.05
2434,1511,83,1,16031.85,0.0
2435,1512,159,2,3070.84,0.1
2436,1512,127,2,40465.67,0.05
2437,1513,105,2,17777.23,0.1
2438,1514,92,3,40516.93,0.15
2439,1515,29,3,30681.71,0.15
2440,1516,154,2,36128.53,0.05
2441,1517,3,1,23359.03,0.1
2442,1517,13,3,15039.84,0.2
2443,1517,145,1,12372.58,0.0
2444,1518,102,1,1008.25,0.0
2445,1518,50,3,25321.56,0.1
2446,1519,167,1,39773.19,0.05
2447,1519,164,2,42804.34,0.05
2448,1520,72,3,19963.16,0.05
2449,1521,170,3,10648.71,0.05
2450,1522,106,3,36075.95,0.0
2451,1523,134,2,20156.16,0.15
2452,1523,197,3,26851.86,0.0
2453,1524,163,2,35870.08,0.0
2454,1524,130,1,27639.1,0.05
2455,1524,9,2,11984.47,0.2
2456,1525,86,1,8655.62,0.15
2457,1526,96,2,14581.98,0.15
2458,1526,135,3,6436.82,0.15
2459,1527,89,2,48825.23,0.1
2460,1528,5,2,4803.48,0.05
2461,1529,101,3,28858.95,0.15
2462,1529,11,2,26704.67,0.1
2463,1530,104,1,31127.57,0.15
2464,1530,163,1,35870.08,0.0
2465,1530,180,3,21897.02,0.1
2466,1531,102,2,1008.25,0.2
2467,1531,179,3,36065.25,0.0
2468,1532,177,1,4661.0,0.2
2469,1533,90,2,37188.84,0.05
2470,1533,105,3,17777.23,0.1
2471,1534,44,2,30820.13,0.1
2472,1534,22,3,36885.18,0.05
2473,1535,6,2,21794.83,0.15
2474,1535,173,2,26855.55,0.1
2475,1536,23,1,26378.92,0.15
2476,1537,67,1,21572.02,0.2
2477,1538,123,3,42594.36,0.2
2478,1539,192,2,28177.04,0.0
2479,1540,157,1,46646.8,0.15
2480,1541,22,3,36885.18,0.2
2481,1541,171,1,9250.53,0.2
2482,1542,117,2,36095.84,0.1
2483,1543,40,3,25646.78,0.1
2484,1544,79,3,18307.97,0.05
2485,1545,173,1,26855.55,0.15
2486,1546,159,3,3070.84,0.05
2487,1546,139,3,15424.8,0.1
2488,1546,46,3,44085.92,0.2
2489,1547,113,2,27795.82,0.15
2490,1548,200,2,20299.02,0.2
2491,1549,124,2,11084.62,0.1
2492,1549,5,3,4803.48,0.2
2493,1549,93,2,34455.75,0.05
2494,1550,79,2,18307.97,0.2
2495,1550,57,2,46927.83,0.15
2496,1551,106,3,36075.95,0.05
2497,1552,186,2,8577.37,0.2
2498,1552,1,1,40696.64,0.15
2499,1552,150,2,27289.27,0.05
2500,1553,29,2,30681.71,0.05
2501,1554,119,2,16619.7,0.0
2502,1555,170,2,10648.71,0.1
2503,1555,13,2,15039.84,0.15
2504,1555,29,1,30681.71,0.1
2505,1555,32,3,42924.05,0.1
2506,1556,19,3,13411.65,0.1
2507,1557,124,1,11084.62,0.1
2508,1557,35,2,29269.09,0.15
2509,1558,87,1,31914.35,0.05
2510,1558,103,2,41454.92,0.1
2511,1558,66,3,47190.57,0.15
2512,1559,101,3,28858.95,0.1
2513,1560,96,3,14581.98,0.1
2514,1560,120,1,22355.5,0.05
2515,1560,55,1,28833.78,0.2
2516,1561,96,2,14581.98,0.2
2517,1562,199,3,7411.65,0.2
2518,1563,89,3,48825.23,0.2
2519,1563,125,2,6198.59,0.15
2520,1564,129,1,48499.86,0.15
2521,1565,40,3,25646.78,0.1
2522,1566,31,1,41690.09,0.15
2523,1566,199,1,7411.65,0.05
2524,1567,189,3,24813.39,0.1
2525,1568,77,1,6283.7,0.15
2526,1569,103,3,41454.92,0.15
2527,1570,25,3,38481.68,0.15
2528,1570,66,3,47190.57,0.2
2529,1571,178,1,2898.19,0.1
2530,1572,90,3,37188.84,0.1
2531,1573,11,3,26704.67,0.05
2532,1573,133,2,21014.51,0.1
2533,1574,197,2,26851.86,0.0
2534,1575,7,1,30948.06,0.2
2535,1576,26,1,5340.38,0.15
2536,1576,5,2,4803.48,0.2
2537,1577,169,1,5915.86,0.15
2538,1577,11,3,26704.67,0.0
2539,1578,118,2,29041.54,0.2
2540,1578,147,1,31001.46,0.15
2541,1578,166,3,23654.57,0.15
2542,1579,46,2,44085.92,0.1
2543,1579,136,3,42539.86,0.0
2544,1580,181,1,40139.53,0.0
2545,1581,94,1,7289.85,0.2
2546,1581,149,3,5864.85,0.15
2547,1582,174,1,538.14,0.1
2548,1583,110,3,28191.63,0.1
2549,1583,125,3,6198.59,0.2
2550,1583,62,3,10449.51,0.15
2551,1583,95,1,26129.21,0.15
2552,1584,33,1,12098.86,0.2
2553,1585,70,1,18353.81,0.05
2554,1586,89,1,48825.23,0.05
2555,1587,20,1,27656.21,0.0
2556,1587,70,3,18353.81,0.15
2557,1588,80,3,19270.14,0.1
2558,1588,43,3,51003.27,0.05
2559,1588,127,2,40465.67,0.15
2560,1589,58,3,4945.79,0.2
2561,1589,81,2,23072.5,0.15
2562,1589,123,1,42594.36,0.1
2563,1590,6,1,21794.83,0.0
2564,1591,117,3,36095.84,0.05
2565,1591,173,2,26855.55,0.15
2566,1592,144,2,9261.62,0.0
2567,1592,40,3,25646.78,0.05
2568,1593,88,1,12091.36,0.15
2569,1593,47,3,44066.13,0.1
2570,1593,172,3,17664.71,0.0
2571,1593,107,1,16984.11,0.2
2572,1594,134,3,20156.16,0.0
2573,1594,100,1,15290.28,0.05
2574,1594,110,3,28191.63,0.05
2575,1595,43,3,51003.27,0.05
2576,1595,20,2,27656.21,0.05
2577,1595,68,2,10784.99,0.0
2578,1596,150,3,27289.27,0.2
2579,1596,126,1,1621.66,0.1
2580,1596,165,3,36704.4,0.1
2581,1597,195,2,24840.62,0.15
2582,1598,162,2,48984.46,0.05
2583,1598,70,1,18353.81,0.1
2584,1598,97,3,2156.33,0.1
2585,1599,20,1,27656.21,0.2
2586,1600,198,3,26983.92,0.2
2587,1601,196,2,6975.02,0.0
2588,1601,179,1,36065.25,0.15
2589,1602,49,3,26129.96,0.1
2590,1602,131,1,30688.69,0.0
2591,1602,5,1,4803.48,0.2
2592,1603,165,1,36704.4,0.2
2593,1603,139,1,15424.8,0.15
2594,1604,185,3,25661.22,0.1
2595,1604,110,1,28191.63,0.2
2596,1605,72,1,19963.16,0.1
2597,1605,128,2,44820.77,0.05
2598,1606,20,2,27656.21,0.2
2599,1607,63,2,33772.34,0.1
2600,1608,25,1,38481.68,0.2
2601,1608,29,1,30681.71,0.15
2602,1608,48,1,18097.56,0.05
2603,1608,114,1,41748.5,0.2
2604,1609,200,2,20299.02,0.1
2605,1610,124,1,11084.62,0.2
2606,1611,108,3,50140.67,0.15
2607,1612,140,1,30777.61,0.15
2608,1613,190,3,25334.25,0.1
2609,1614,108,3,50140.67,0.15
2610,1615,17,2,30784.12,0.05
2611,1615,163,1,35870.08,0.15
2612,1616,73,3,49942.04,0.2
2613,1617,102,1,1008.25,0.1
2614,1617,144,1,9261.62,0.2
2615,1618,148,1,21684.4,0.0
2616,1619,172,1,17664.71,0.15
2617,1620,168,2,2470.72,0.1
2618,1620,85,3,23127.94,0.15
2619,1621,28,3,18136.06,0.2
2620,1622,10,2,18200.22,0.05
2621,1623,6,2,21794.83,0.2
2622,1623,100,1,15290.28,0.2
2623,1624,193,3,12185.72,0.0
2624,1624,125,1,6198.59,0.1
2625,1625,170,1,10648.71,0.2
2626,1626,14,1,10524.66,0.2
2627,1627,96,3,14581.98,0.2
2628,1628,102,3,1008.25,0.05
2629,1629,119,2,16619.7,0.1
2630,1629,3,1,23359.03,0.0
2631,1630,64,1,43716.56,0.15
2632,1630,18,3,5102.7,0.05
2633,1630,154,2,36128.53,0.05
2634,1631,1,1,40696.64,0.05
2635,1632,147,3,31001.46,0.0
2636,1633,131,2,30688.69,0.1
2637,1633,117,3,36095.84,0.0
2638,1634,155,1,3806.76,0.05
2639,1635,95,1,26129.21,0.2
2640,1635,140,2,30777.61,0.05
2641,1636,160,1,23328.29,0.0
2642,1636,164,2,42804.34,0.1
2643,1637,84,1,8374.62,0.15
2644,1638,65,2,10714.5,0.2
2645,1639,177,3,4661.0,0.1
2646,1640,42,3,35391.16,0.0
2647,1641,196,1,6975.02,0.05
2648,1642,63,3,33772.34,0.1
2649,1642,49,2,26129.96,0.2
2650,1642,23,3,26378.92,0.2
2651,1643,145,1,12372.58,0.05
2652,1643,149,2,5864.85,0.2
2653,1644,127,2,40465.67,0.0
2654,1645,180,1,21897.02,0.1
2655,1645,7,2,30948.06,0.2
2656,1645,50,2,25321.56,0.0
2657,1646,78,2,22980.54,0.15
2658,1646,19,1,13411.65,0.1
2659,1646,34,1,1910.97,0.15
2660,1647,60,3,10418.46,0.2
2661,1648,54,2,11768.03,0.15
2662,1648,62,3,10449.51,0.1
2663,1649,143,2,33742.3,0.15
2664,1650,171,2,9250.53,0.0
2665,1651,72,1,19963.16,0.1
2666,1652,168,3,2470.72,0.2
2667,1653,117,3,36095.84,0.05
2668,1653,174,1,538.14,0.15
2669,1654,12,1,20855.6,0.05
2670,1654,59,2,34215.94,0.2
2671,1655,192,3,28177.04,0.15
2672,1655,185,2,25661.22,0.15
2673,1656,68,1,10784.99,0.1
2674,1656,88,3,12091.36,0.1
2675,1656,30,3,8833.65,0.0
2676,1657,180,3,21897.02,0.05
2677,1657,113,1,27795.82,0.2
2678,1658,89,2,48825.23,0.0
2679,1659,75,1,40963.99,0.15
2680,1659,42,3,35391.16,0.2
2681,1659,124,2,11084.62,0.2
2682,1660,77,2,6283.7,0.0
2683,1660,123,1,42594.36,0.0
2684,1661,148,2,21684.4,0.15
2685,1662,116,2,8921.83,0.1
2686,1663,90,2,37188.84,0.15
2687,1663,108,1,50140.67,0.2
2688,1664,117,1,36095.84,0.15
2689,1664,39,3,11770.94,0.2
2690,1665,130,2,27639.1,0.1
2691,1666,175,1,23206.0,0.2
2692,1666,7,1,30948.06,0.2
2693,1666,195,3,24840.62,0.1
2694,1667,98,3,3308.53,0.15
2695,1667,136,1,42539.86,0.15
2696,1667,90,2,37188.84,0.2
2697,1668,47,3,44066.13,0.15
2698,1668,167,1,39773.19,0.05
2699,1669,105,3,17777.23,0.15
2700,1670,197,2,26851.86,0.15
2701,1671,113,2,27795.82,0.0
2702,1671,153,3,42981.95,0.05
2703,1671,96,3,14581.98,0.2
2704,1672,105,1,17777.23,0.15
2705,1672,37,2,29778.23,0.2
2706,1672,97,1,2156.33,0.15
2707,1673,22,1,36885.18,0.15
2708,1674,92,1,40516.93,0.2
2709,1674,32,3,42924.05,0.15
2710,1675,170,1,10648.71,0.15
2711,1676,168,1,2470.72,0.1
2712,1677,60,1,10418.46,0.05
2713,1678,37,1,29778.23,0.2
2714,1679,59,2,34215.94,0.15
2715,1679,65,1,10714.5,0.15
2716,1680,8,3,43782.92,0.1
2717,1680,97,3,2156.33,0.05
2718,1681,1,3,40696.64,0.1
2719,1681,103,3,41454.92,0.05
2720,1682,113,3,27795.82,0.15
2721,1683,36,3,39563.63,0.1
2722,1684,130,2,27639.1,0.05
2723,1685,13,1,15039.84,0.15
2724,1686,68,3,10784.99,0.1
2725,1686,65,2,10714.5,0.2
2726,1686,136,2,42539.86,0.1
2727,1687,30,3,8833.65,0.2
2728,1688,66,2,47190.57,0.1
2729,1688,43,2,51003.27,0.05
2730,1689,2,2,40309.91,0.05
2731,1690,106,2,36075.95,0.1
2732,1690,195,1,24840.62,0.15
2733,1690,78,3,22980.54,0.15
2734,1690,34,3,1910.97,0.2
2735,1691,115,2,31652.31,0.0
2736,1691,140,3,30777.61,0.05
2737,1692,185,3,25661.22,0.05
2738,1693,64,1,43716.56,0.15
2739,1694,24,3,29603.93,0.1
2740,1695,107,3,16984.11,0.2
2741,1695,54,3,11768.03,0.05
2742,1696,121,3,28507.38,0.2
2743,1697,41,2,7052.31,0.05
2744,1697,133,3,21014.51,0.0
2745,1698,41,2,7052.31,0.2
2746,1699,105,1,17777.23,0.2
2747,1700,122,3,11268.33,0.15
2748,1700,171,2,9250.53,0.1
2749,1701,3,1,23359.03,0.05
2750,1702,139,3,15424.8,0.0
2751,1702,143,2,33742.3,0.0
2752,1703,21,3,17242.26,0.0
2753,1704,125,2,6198.59,0.1
2754,1705,39,1,11770.94,0.05
2755,1705,6,3,21794.83,0.0
2756,1706,126,2,1621.66,0.1
2757,1707,70,1,18353.81,0.15
2758,1708,128,3,44820.77,0.05
2759,1709,179,1,36065.25,0.1
2760,1709,18,2,5102.7,0.15
2761,1710,120,2,22355.5,0.0
2762,1711,92,2,40516.93,0.2
2763,1711,44,2,30820.13,0.1
2764,1712,14,1,10524.66,0.15
2765,1713,137,2,13836.35,0.1
2766,1714,49,1,26129.96,0.2
2767,1714,52,2,15906.74,0.2
2768,1715,37,3,29778.23,0.05
2769,1715,61,2,20943.29,0.2
2770,1715,177,3,4661.0,0.0
2771,1716,23,2,26378.92,0.1
2772,1717,153,1,42981.95,0.05
2773,1718,125,1,6198.59,0.1
2774,1719,137,3,13836.35,0.0
2775,1719,88,3,12091.36,0.15
2776,1720,94,1,7289.85,0.0
2777,1721,128,2,44820.77,0.05
2778,1721,156,1,15379.26,0.2
2779,1722,19,3,13411.65,0.05
2780,1723,144,1,9261.62,0.2
2781,1724,91,1,19812.47,0.05
2782,1724,33,3,12098.86,0.05
2783,1725,116,3,8921.83,0.05
2784,1725,1,2,40696.64,0.2
2785,1725,69,2,9019.63,0.2
2786,1726,27,2,39548.82,0.2
2787,1727,162,1,48984.46,0.0
2788,1727,96,2,14581.98,0.05
2789,1727,83,3,16031.85,0.15
2790,1728,154,1,36128.53,0.0
2791,1729,120,2,22355.5,0.0
2792,1729,86,2,8655.62,0.05
2793,1729,118,2,29041.54,0.2
2794,1730,61,2,20943.29,0.05
2795,1730,150,2,27289.27,0.05
2796,1731,21,3,17242.26,0.2
2797,1732,18,1,5102.7,0.1
2798,1733,121,2,28507.38,0.05
2799,1733,187,3,24661.99,0.15
2800,1734,119,1,16619.7,0.1
2801,1734,123,2,42594.36,0.05
2802,1735,51,2,24437.01,0.1
2803,1735,162,3,48984.46,0.15
2804,1736,43,3,51003.27,0.15
2805,1737,29,2,30681.71,0.15
2806,1738,79,3,18307.97,0.0
2807,1738,58,1,4945.79,0.2
2808,1739,13,2,15039.84,0.2
2809,1739,196,3,6975.02,0.0
2810,1739,58,3,4945.79,0.1
2811,1740,121,3,28507.38,0.15
2812,1741,161,1,42411.41,0.2
2813,1741,8,2,43782.92,0.0
2814,1741,185,3,25661.22,0.0
2815,1742,91,2,19812.47,0.05
2816,1743,33,2,12098.86,0.05
2817,1744,178,3,2898.19,0.05
2818,1745,67,3,21572.02,0.05
2819,1746,57,1,46927.83,0.0
2820,1746,106,3,36075.95,0.0
2821,1746,154,3,36128.53,0.1
2822,1747,162,3,48984.46,0.1
2823,1747,16,1,23743.03,0.15
2824,1747,26,1,5340.38,0.0
2825,1748,30,1,8833.65,0.05
2826,1748,193,2,12185.72,0.1
2827,1748,118,1,29041.54,0.1
2828,1749,85,2,23127.94,0.2
2829,1750,4,1,41885.03,0.2
2830,1750,3,2,23359.03,0.05
2831,1750,163,3,35870.08,0.05
2832,1751,85,3,23127.94,0.2
2833,1752,70,1,18353.81,0.2
2834,1752,115,3,31652.31,0.05
2835,1752,79,3,18307.97,0.1
2836,1752,42,3,35391.16,0.15
2837,1753,178,2,2898.19,0.0
2838,1753,124,2,11084.62,0.05
2839,1754,6,2,21794.83,0.05
2840,1754,44,3,30820.13,0.1
2841,1754,43,2,51003.27,0.05
2842,1755,3,1,23359.03,0.05
2843,1756,145,1,12372.58,0.2
2844,1757,163,1,35870.08,0.15
2845,1758,117,2,36095.84,0.0
2846,1759,166,1,23654.57,0.15
2847,1759,80,3,19270.14,0.15
2848,1759,78,1,22980.54,0.1
2849,1760,169,1,5915.86,0.1
2850,1761,64,1,43716.56,0.15
2851,1762,154,3,36128.53,0.0
2852,1762,37,3,29778.23,0.15
2853,1763,94,2,7289.85,0.2
2854,1764,51,2,24437.01,0.05
2855,1765,103,1,41454.92,0.1
2856,1765,151,2,22108.82,0.05
2857,1766,172,1,17664.71,0.1
2858,1766,152,1,2563.86,0.2
2859,1767,178,1,2898.19,0.1
2860,1768,64,3,43716.56,0.0
2861,1769,64,1,43716.56,0.1
2862,1769,6,2,21794.83,0.05
2863,1769,124,3,11084.62,0.05
2864,1770,59,2,34215.94,0.1
2865,1771,46,1,44085.92,0.1
2866,1772,65,3,10714.5,0.2
2867,1772,6,3,21794.83,0.1
2868,1773,118,1,29041.54,0.0
2869,1774,89,1,48825.23,0.1
2870,1775,103,1,41454.92,0.05
2871,1775,13,2,15039.84,0.0
2872,1775,33,1,12098.86,0.15
2873,1776,94,2,7289.85,0.2
2874,1776,92,2,40516.93,0.0
2875,1777,69,3,9019.63,0.0
2876,1777,163,2,35870.08,0.05
2877,1778,166,3,23654.57,0.1
2878,1779,101,1,28858.95,0.2
2879,1779,79,3,18307.97,0.05
2880,1779,19,2,13411.65,0.1
2881,1780,34,3,1910.97,0.0
2882,1780,83,2,16031.85,0.2
2883,1780,60,1,10418.46,0.2
2884,1781,64,3,43716.56,0.1
2885,1782,90,1,37188.84,0.1
2886,1782,184,3,22608.18,0.1
2887,1782,191,1,25668.57,0.2
2888,1783,121,2,28507.38,0.15
2889,1783,29,2,30681.71,0.1
2890,1784,32,2,42924.05,0.15
2891,1785,45,3,26285.18,0.05
2892,1785,132,2,30606.19,0.15
2893,1786,111,1,3742.68,0.15
2894,1787,20,3,27656.21,0.2
2895,1788,184,1,22608.18,0.1
2896,1788,111,1,3742.68,0.0
2897,1789,1,1,40696.64,0.1
2898,1789,118,1,29041.54,0.1
2899,1789,112,1,14176.68,0.0
2900,1790,144,3,9261.62,0.15
2901,1791,92,3,40516.93,0.15
2902,1792,118,2,29041.54,0.05
2903,1792,20,3,27656.21,0.05
2904,1793,109,3,36362.87,0.0
2905,1793,7,3,30948.06,0.2
2906,1794,12,1,20855.6,0.1
2907,1795,107,1,16984.11,0.0
2908,1795,188,3,43924.5,0.05
2909,1796,125,3,6198.59,0.2
2910,1796,132,3,30606.19,0.0
2911,1797,54,1,11768.03,0.1
2912,1798,101,1,28858.95,0.15
2913,1798,169,1,5915.86,0.2
2914,1799,105,3,17777.23,0.15
2915,1800,188,1,43924.5,0.2
2916,1800,91,3,19812.47,0.1
2917,1801,153,3,42981.95,0.0
2918,1801,12,3,20855.6,0.2
2919,1801,90,2,37188.84,0.1
2920,1802,195,2,24840.62,0.15
2921,1802,143,1,33742.3,0.2
2922,1802,138,1,49356.42,0.0
2923,1802,42,2,35391.16,0.05
2924,1803,41,3,7052.31,0.2
2925,1803,1,1,40696.64,0.1
2926,1804,162,1,48984.46,0.15
2927,1805,108,2,50140.67,0.0
2928,1806,58,3,4945.79,0.0
2929,1807,57,2,46927.83,0.2
2930,1807,13,2,15039.84,0.2
2931,1807,197,3,26851.86,0.2
2932,1808,146,1,40286.57,0.1
2933,1808,96,2,14581.98,0.1
2934,1809,53,2,50251.89,0.0
2935,1809,106,2,36075.95,0.15
2936,1810,145,1,12372.58,0.15
2937,1811,132,3,30606.19,0.15
2938,1812,18,3,5102.7,0.1
2939,1813,26,2,5340.38,0.1
2940,1813,22,2,36885.18,0.15
2941,1814,172,3,17664.71,0.1
2942,1815,54,1,11768.03,0.0
2943,1815,78,3,22980.54,0.0
2944,1816,168,3,2470.72,0.05
2945,1816,113,1,27795.82,0.0
2946,1816,54,1,11768.03,0.1
2947,1817,89,2,48825.23,0.1
2948,1818,55,2,28833.78,0.15
2949,1818,62,2,10449.51,0.05
2950,1819,52,1,15906.74,0.15
2951,1820,143,2,33742.3,0.0
2952,1821,42,1,35391.16,0.1
2953,1821,107,2,16984.11,0.2
2954,1822,40,1,25646.78,0.0
2955,1823,171,1,9250.53,0.05
2956,1824,75,1,40963.99,0.0
2957,1824,87,2,31914.35,0.1
2958,1824,83,3,16031.85,0.0
2959,1825,191,3,25668.57,0.0
2960,1826,151,1,22108.82,0.2
2961,1826,141,2,17316.48,0.15
2962,1827,61,3,20943.29,0.15
2963,1827,134,1,20156.16,0.1
2964,1828,101,1,28858.95,0.0
2965,1829,198,2,26983.92,0.05
2966,1830,198,3,26983.92,0.0
2967,1831,149,1,5864.85,0.1
2968,1832,41,3,7052.31,0.1
2969,1833,58,2,4945.79,0.1
2970,1833,5,1,4803.48,0.15
2971,1834,145,2,12372.58,0.15
2972,1834,165,2,36704.4,0.05
2973,1834,106,3,36075.95,0.2
2974,1834,81,2,23072.5,0.05
2975,1835,134,3,20156.16,0.15
2976,1836,87,1,31914.35,0.15
2977,1837,162,1,48984.46,0.0
2978,1837,104,1,31127.57,0.05
2979,1838,34,1,1910.97,0.1
2980,1839,98,3,3308.53,0.15
2981,1840,27,1,39548.82,0.1
2982,1841,95,3,26129.21,0.2
2983,1842,68,3,10784.99,0.05
2984,1842,27,3,39548.82,0.0
2985,1843,106,2,36075.95,0.15
2986,1844,139,1,15424.8,0.05
2987,1845,33,2,12098.86,0.2
2988,1846,198,2,26983.92,0.2
2989,1846,71,1,45760.82,0.2
2990,1847,50,1,25321.56,0.1
2991,1847,107,1,16984.11,0.15
2992,1848,83,3,16031.85,0.1
2993,1849,40,1,25646.78,0.05
2994,1850,67,3,21572.02,0.2
2995,1851,138,3,49356.42,0.15
2996,1852,19,1,13411.65,0.15
2997,1853,20,2,27656.21,0.1
2998,1854,19,1,13411.65,0.2
2999,1855,40,2,25646.78,0.15
3000,1856,32,1,42924.05,0.2
3001,1856,68,1,10784.99,0.2
3002,1857,99,1,34928.44,0.0
3003,1858,24,3,29603.93,0.2
3004,1859,32,3,42924.05,0.2
3005,1859,27,1,39548.82,0.1
3006,1860,97,3,2156.33,0.2
3007,1860,169,1,5915.86,0.1
3008,1861,105,3,17777.23,0.05
3009,1861,144,2,9261.62,0.0
3010,1862,57,2,46927.83,0.0
3011,1862,68,1,10784.99,0.0
3012,1862,21,3,17242.26,0.0
3013,1863,144,3,9261.62,0.0
3014,1864,88,1,12091.36,0.05
3015,1865,163,1,35870.08,0.15
3016,1866,172,2,17664.71,0.15
3017,1866,1,1,40696.64,0.2
3018,1866,80,2,19270.14,0.15
3019,1867,191,2,25668.57,0.0
3020,1868,99,1,34928.44,0.1
3021,1868,117,3,36095.84,0.2
3022,1869,55,1,28833.78,0.0
3023,1870,68,2,10784.99,0.15
3024,1871,122,1,11268.33,0.05
3025,1872,170,2,10648.71,0.2
3026,1873,14,2,10524.66,0.1
3027,1874,55,2,28833.78,0.1
3028,1875,161,3,42411.41,0.2
3029,1876,135,3,6436.82,0.05
3030,1876,116,1,8921.83,0.2
3031,1876,1,1,40696.64,0.05
3032,1877,158,2,17342.07,0.0
3033,1878,162,2,48984.46,0.1
3034,1879,99,1,34928.44,0.05
3035,1880,195,2,24840.62,0.1
3036,1881,17,3,30784.12,0.2
3037,1882,126,2,1621.66,0.05
3038,1883,10,1,18200.22,0.0
3039,1884,155,2,3806.76,0.15
3040,1884,104,1,31127.57,0.05
3041,1884,165,2,36704.4,0.05
3042,1884,86,2,8655.62,0.0
3043,1885,74,1,29336.62,0.0
3044,1886,75,3,40963.99,0.15
3045,1887,77,3,6283.7,0.15
3046,1888,163,3,35870.08,0.2
3047,1888,150,2,27289.27,0.2
3048,1889,18,2,5102.7,0.0
3049,1890,64,1,43716.56,0.0
3050,1890,104,2,31127.57,0.15
3051,1890,28,1,18136.06,0.0
3052,1891,196,1,6975.02,0.15
3053,1892,80,3,19270.14,0.05
3054,1893,10,3,18200.22,0.0
3055,1893,114,1,41748.5,0.0
3056,1894,147,3,31001.46,0.15
3057,1895,10,3,18200.22,0.0
3058,1895,72,1,19963.16,0.0
3059,1896,76,1,12285.91,0.1
3060,1897,152,2,2563.86,0.15
3061,1898,60,1,10418.46,0.2
3062,1899,145,3,12372.58,0.15
3063,1900,88,3,12091.36,0.0
3064,1900,96,2,14581.98,0.0
3065,1900,42,1,35391.16,0.05
3066,1900,59,2,34215.94,0.05
3067,1901,194,3,50025.77,0.2
3068,1901,15,3,38205.74,0.05
3069,1901,80,2,19270.14,0.15
3070,1902,55,1,28833.78,0.2
3071,1902,185,2,25661.22,0.15
3072,1902,99,1,34928.44,0.0
3073,1902,184,2,22608.18,0.05
3074,1903,78,3,22980.54,0.05
3075,1903,196,2,6975.02,0.2
3076,1903,110,2,28191.63,0.05
3077,1904,51,2,24437.01,0.2
3078,1904,192,2,28177.04,0.1
3079,1904,144,3,9261.62,0.05
3080,1905,40,3,25646.78,0.15
3081,1905,123,3,42594.36,0.15
3082,1906,67,1,21572.02,0.05
3083,1906,180,2,21897.02,0.2
3084,1907,32,2,42924.05,0.2
3085,1908,9,2,11984.47,0.0
3086,1909,144,3,9261.62,0.0
3087,1910,59,2,34215.94,0.15
3088,1911,31,1,41690.09,0.15
3089,1911,184,1,22608.18,0.1
3090,1912,179,3,36065.25,0.2
3091,1913,95,2,26129.21,0.15
3092,1913,193,2,12185.72,0.15
3093,1914,152,3,2563.86,0.2
3094,1915,27,2,39548.82,0.1
3095,1916,2,1,40309.91,0.2
3096,1917,65,1,10714.5,0.15
3097,1917,170,3,10648.71,0.0
3098,1918,102,3,1008.25,0.05
3099,1918,192,2,28177.04,0.1
3100,1919,167,1,39773.19,0.1
3101,1920,45,2,26285.18,0.0
3102,1921,171,1,9250.53,0.0
3103,1922,192,1,28177.04,0.1
3104,1922,15,2,38205.74,0.0
3105,1923,150,2,27289.27,0.05
3106,1924,65,3,10714.5,0.2
3107,1924,198,3,26983.92,0.2
3108,1925,23,1,26378.92,0.0
3109,1926,190,3,25334.25,0.2
3110,1927,196,1,6975.02,0.2
3111,1928,171,3,9250.53,0.0
3112,1928,97,3,2156.33,0.2
3113,1928,147,2,31001.46,0.15
3114,1929,173,1,26855.55,0.0
3115,1930,171,2,9250.53,0.2
3116,1931,174,2,538.14,0.05
3117,1932,106,2,36075.95,0.15
3118,1932,93,1,34455.75,0.2
3119,1933,19,3,13411.65,0.2
3120,1934,36,1,39563.63,0.15
3121,1935,21,3,17242.26,0.15
3122,1936,32,2,42924.05,0.0
3123,1936,124,3,11084.62,0.05
3124,1937,40,2,25646.78,0.1
3125,1937,49,1,26129.96,0.15
3126,1938,109,1,36362.87,0.1
3127,1938,130,3,27639.1,0.2
3128,1939,106,2,36075.95,0.1
3129,1939,119,1,16619.7,0.05
3130,1940,148,3,21684.4,0.0
3131,1941,188,3,43924.5,0.05
3132,1941,59,2,34215.94,0.05
3133,1942,137,3,13836.35,0.15
3134,1942,39,2,11770.94,0.0
3135,1943,155,1,3806.76,0.15
3136,1944,155,3,3806.76,0.1
3137,1944,160,1,23328.29,0.05
3138,1945,158,2,17342.07,0.1
3139,1946,176,3,33751.54,0.1
3140,1947,64,3,43716.56,0.15
3141,1947,192,3,28177.04,0.2
3142,1948,29,1,30681.71,0.0
3143,1949,57,1,46927.83,0.0
3144,1950,7,3,30948.06,0.2
3145,1951,144,2,9261.62,0.15
3146,1952,86,2,8655.62,0.1
3147,1953,169,1,5915.86,0.15
3148,1953,178,3,2898.19,0.05
3149,1954,136,3,42539.86,0.0
3150,1954,123,1,42594.36,0.1
3151,1955,177,1,4661.0,0.1
3152,1955,39,2,11770.94,0.05
3153,1956,30,2,8833.65,0.05
3154,1957,102,1,1008.25,0.05
3155,1957,186,1,8577.37,0.1
3156,1957,6,3,21794.83,0.1
3157,1958,2,1,40309.91,0.2
3158,1959,169,3,5915.86,0.2
3159,1960,126,1,1621.66,0.15
3160,1960,120,3,22355.5,0.05
3161,1961,92,3,40516.93,0.1
3162,1961,126,2,1621.66,0.0
3163,1962,165,2,36704.4,0.15
3164,1962,38,2,45352.89,0.0
3165,1963,123,3,42594.36,0.05
3166,1964,117,3,36095.84,0.15
3167,1964,4,1,41885.03,0.1
3168,1964,56,2,44872.49,0.15
3169,1964,182,2,29776.4,0.0
3170,1965,94,3,7289.85,0.1
3171,1966,42,1,35391.16,0.0
3172,1966,53,1,50251.89,0.2
3173,1967,102,1,1008.25,0.0
3174,1968,131,1,30688.69,0.2
3175,1968,180,1,21897.02,0.1
3176,1969,144,1,9261.62,0.05
3177,1969,36,1,39563.63,0.0
3178,1969,131,2,30688.69,0.2
3179,1969,120,3,22355.5,0.05
3180,1970,163,2,35870.08,0.05
3181,1971,91,2,19812.47,0.2
3182,1971,196,2,6975.02,0.05
3183,1972,121,1,28507.38,0.0
3184,1973,115,1,31652.31,0.2
3185,1974,140,2,30777.61,0.1
3186,1975,18,3,5102.7,0.05
3187,1975,112,2,14176.68,0.2
3188,1976,196,3,6975.02,0.15
3189,1976,54,2,11768.03,0.0
3190,1977,188,3,43924.5,0.1
3191,1978,24,3,29603.93,0.0
3192,1979,94,1,7289.85,0.0
3193,1980,159,2,3070.84,0.2
3194,1981,182,1,29776.4,0.15
3195,1981,33,1,12098.86,0.05
3196,1982,4,2,41885.03,0.0
3197,1982,54,2,11768.03,0.05
3198,1983,83,1,16031.85,0.05
3199,1984,136,1,42539.86,0.05
3200,1984,60,3,10418.46,0.1
3201,1985,164,1,42804.34,0.15
3202,1985,71,2,45760.82,0.05
3203,1986,112,3,14176.68,0.05
3204,1986,197,3,26851.86,0.0
3205,1987,29,2,30681.71,0.05
3206,1987,107,1,16984.11,0.15
3207,1987,182,2,29776.4,0.2
3208,1988,143,2,33742.3,0.1
3209,1989,53,1,50251.89,0.1
3210,1990,65,1,10714.5,0.0
3211,1991,112,2,14176.68,0.1
3212,1992,2,3,40309.91,0.2
3213,1992,8,2,43782.92,0.1
3214,1993,85,1,23127.94,0.0
3215,1993,142,2,19228.31,0.0
3216,1994,77,1,6283.7,0.2
3217,1995,178,1,2898.19,0.2
3218,1995,44,1,30820.13,0.1
3219,1995,133,1,21014.51,0.0
3220,1996,82,1,30777.11,0.2
3221,1997,105,3,17777.23,0.15
3222,1997,158,1,17342.07,0.05
3223,1997,147,1,31001.46,0.1
3224,1998,182,2,29776.4,0.05
3225,1998,85,3,23127.94,0.05
3226,1999,35,3,29269.09,0.0
3227,1999,170,2,10648.71,0.2
3228,2000,50,3,25321.56,0.15
3229,2000,117,3,36095.84,0.1
3230,2001,70,3,18353.81,0.0
3231,2002,183,2,15207.74,0.05
3232,2002,79,2,18307.97,0.05
3233,2002,128,3,44820.77,0.1
3234,2003,28,1,18136.06,0.0
3235,2004,199,2,7411.65,0.2
3236,2004,41,3,7052.31,0.15
3237,2004,84,1,8374.62,0.15
3238,2005,140,3,30777.61,0.2
3239,2006,11,1,26704.67,0.0
3240,2007,71,1,45760.82,0.0
3241,2007,137,2,13836.35,0.1
3242,2007,151,3,22108.82,0.2
3243,2007,5,1,4803.48,0.2
3244,2008,140,2,30777.61,0.0
3245,2009,80,1,19270.14,0.2
3246,2009,34,1,1910.97,0.1
3247,2010,85,2,23127.94,0.1
3248,2010,178,3,2898.19,0.05
3249,2010,197,1,26851.86,0.1
3250,2011,91,2,19812.47,0.15
3251,2011,145,2,12372.58,0.15
3252,2012,156,1,15379.26,0.0
3253,2013,115,3,31652.31,0.05
3254,2013,152,1,2563.86,0.1
3255,2014,120,1,22355.5,0.15
3256,2014,106,2,36075.95,0.1
3257,2015,175,1,23206.0,0.15
3258,2015,27,1,39548.82,0.2
3259,2016,92,3,40516.93,0.15
3260,2016,136,1,42539.86,0.0
3261,2017,169,1,5915.86,0.05
3262,2017,43,1,51003.27,0.15
3263,2017,47,3,44066.13,0.2
3264,2018,97,1,2156.33,0.2
3265,2018,16,1,23743.03,0.1
3266,2019,175,3,23206.0,0.0
3267,2020,130,3,27639.1,0.2
3268,2021,151,1,22108.82,0.0
3269,2021,159,3,3070.84,0.15
3270,2021,185,2,25661.22,0.15
3271,2022,190,1,25334.25,0.2
3272,2022,30,3,8833.65,0.15
3273,2022,192,3,28177.04,0.2
3274,2023,27,3,39548.82,0.1
3275,2024,13,1,15039.84,0.2
3276,2024,57,3,46927.83,0.15
3277,2025,133,2,21014.51,0.05
3278,2025,174,3,538.14,0.1
3279,2026,144,3,9261.62,0.15
3280,2026,158,3,17342.07,0.0
3281,2027,197,2,26851.86,0.05
3282,2028,120,1,22355.5,0.0
3283,2028,102,3,1008.25,0.2
3284,2028,179,1,36065.25,0.0
3285,2029,128,3,44820.77,0.1
3286,2030,157,3,46646.8,0.1
3287,2030,187,2,24661.99,0.1
3288,2031,165,3,36704.4,0.1
3289,2032,80,1,19270.14,0.15
3290,2032,71,2,45760.82,0.2
3291,2032,29,1,30681.71,0.15
3292,2033,164,2,42804.34,0.1
3293,2034,77,2,6283.7,0.1
3294,2034,197,3,26851.86,0.0
3295,2035,8,2,43782.92,0.05
3296,2035,188,2,43924.5,0.2
3297,2036,132,3,30606.19,0.2
3298,2036,54,2,11768.03,0.2
3299,2037,119,3,16619.7,0.2
3300,2037,156,2,15379.26,0.1
3301,2038,81,2,23072.5,0.2
3302,2039,173,2,26855.55,0.15
3303,2039,128,3,44820.77,0.2
3304,2040,123,3,42594.36,0.1
3305,2041,56,2,44872.49,0.05
3306,2041,79,1,18307.97,0.15
3307,2041,174,3,538.14,0.0
3308,2041,10,3,18200.22,0.15
3309,2042,100,1,15290.28,0.05
3310,2043,7,3,30948.06,0.0
3311,2044,137,1,13836.35,0.15
3312,2045,39,1,11770.94,0.2
3313,2045,49,2,26129.96,0.1
3314,2046,49,2,26129.96,0.2
3315,2047,88,3,12091.36,0.1
3316,2047,34,3,1910.97,0.0
3317,2048,58,1,4945.79,0.15
3318,2048,23,2,26378.92,0.05
3319,2049,61,2,20943.29,0.1
3320,2050,73,2,49942.04,0.05
3321,2050,160,2,23328.29,0.2
3322,2051,49,1,26129.96,0.05
3323,2051,36,2,39563.63,0.15
3324,2052,75,2,40963.99,0.2
3325,2053,9,3,11984.47,0.05
3326,2054,81,2,23072.5,0.15
3327,2054,95,1,26129.21,0.05
3328,2055,106,1,36075.95,0.15
3329,2056,50,2,25321.56,0.1
3330,2057,93,3,34455.75,0.1
3331,2058,101,1,28858.95,0.0
3332,2058,29,3,30681.71,0.2
3333,2059,170,3,10648.71,0.0
3334,2060,38,3,45352.89,0.0
3335,2060,123,2,42594.36,0.1
3336,2060,174,1,538.14,0.15
3337,2061,27,1,39548.82,0.05
3338,2061,40,3,25646.78,0.05
3339,2062,162,2,48984.46,0.15
3340,2062,7,2,30948.06,0.1
3341,2063,178,2,2898.19,0.05
3342,2064,66,2,47190.57,0.1
3343,2064,95,2,26129.21,0.2
3344,2065,33,2,12098.86,0.05
3345,2066,110,2,28191.63,0.15
3346,2066,2,2,40309.91,0.2
3347,2067,173,1,26855.55,0.05
3348,2067,80,3,19270.14,0.05
3349,2068,50,3,25321.56,0.2
3350,2069,174,2,538.14,0.0
3351,2070,46,3,44085.92,0.05
3352,2071,97,3,2156.33,0.05
3353,2072,109,1,36362.87,0.05
3354,2072,145,1,12372.58,0.0
3355,2072,5,3,4803.48,0.15
3356,2073,87,3,31914.35,0.0
3357,2074,118,3,29041.54,0.0
3358,2075,119,1,16619.7,0.0
3359,2076,174,1,538.14,0.0
3360,2076,28,1,18136.06,0.2
3361,2076,45,1,26285.18,0.1
3362,2077,9,2,11984.47,0.15
3363,2078,42,2,35391.16,0.05
3364,2078,30,3,8833.65,0.0
3365,2079,50,1,25321.56,0.05
3366,2079,176,3,33751.54,0.0
3367,2080,41,2,7052.31,0.2
3368,2080,148,1,21684.4,0.0
3369,2081,87,1,31914.35,0.0
3370,2082,41,1,7052.31,0.15
3371,2083,15,3,38205.74,0.05
3372,2084,131,2,30688.69,0.15
3373,2084,60,3,10418.46,0.1
3374,2084,168,1,2470.72,0.15
3375,2085,81,3,23072.5,0.2
3376,2085,74,2,29336.62,0.15
3377,2086,138,1,49356.42,0.2
3378,2086,114,1,41748.5,0.0
3379,2087,39,1,11770.94,0.2
3380,2088,192,1,28177.04,0.0
3381,2088,191,1,25668.57,0.15
3382,2089,142,2,19228.31,0.15
3383,2089,14,2,10524.66,0.2
3384,2089,75,3,40963.99,0.1
3385,2089,67,1,21572.02,0.1
3386,2090,4,3,41885.03,0.15
3387,2091,5,2,4803.48,0.1
3388,2091,166,2,23654.57,0.05
3389,2092,66,1,47190.57,0.1
3390,2092,88,2,12091.36,0.05
3391,2093,120,3,22355.5,0.1
3392,2094,141,3,17316.48,0.1
3393,2095,1,3,40696.64,0.2
3394,2096,82,2,30777.11,0.15
3395,2097,14,2,10524.66,0.0
3396,2098,158,3,17342.07,0.2
3397,2099,40,2,25646.78,0.05
3398,2099,140,2,30777.61,0.2
3399,2100,154,1,36128.53,0.2
3400,2101,38,3,45352.89,0.0
3401,2101,103,3,41454.92,0.15
3402,2102,113,1,27795.82,0.0
3403,2103,127,1,40465.67,0.2
3404,2104,9,3,11984.47,0.15
3405,2104,86,3,8655.62,0.2
3406,2104,100,1,15290.28,0.05
3407,2105,165,2,36704.4,0.15
3408,2106,121,3,28507.38,0.1
3409,2107,37,3,29778.23,0.2
3410,2107,120,1,22355.5,0.0
3411,2108,195,1,24840.62,0.2
3412,2108,196,3,6975.02,0.1
3413,2108,68,1,10784.99,0.1
3414,2109,70,2,18353.81,0.0
3415,2109,22,1,36885.18,0.2
3416,2110,158,3,17342.07,0.1
3417,2110,143,3,33742.3,0.0
3418,2111,1,3,40696.64,0.0
3419,2112,178,3,2898.19,0.15
3420,2113,27,2,39548.82,0.05
3421,2114,120,3,22355.5,0.0
3422,2115,15,2,38205.74,0.0
3423,2115,121,2,28507.38,0.05
3424,2116,141,3,17316.48,0.1
3425,2117,153,2,42981.95,0.05
3426,2117,98,3,3308.53,0.1
3427,2118,172,1,17664.71,0.1
3428,2119,24,1,29603.93,0.15
3429,2119,9,1,11984.47,0.0
3430,2119,147,2,31001.46,0.2
3431,2119,1,3,40696.64,0.1
3432,2120,46,1,44085.92,0.1
3433,2121,90,3,37188.84,0.1
3434,2122,42,3,35391.16,0.05
3435,2122,176,3,33751.54,0.2
3436,2123,21,1,17242.26,0.05
3437,2124,121,3,28507.38,0.2
3438,2124,94,2,7289.85,0.1
3439,2125,173,3,26855.55,0.1
3440,2125,178,3,2898.19,0.05
3441,2126,109,3,36362.87,0.15
3442,2126,83,3,16031.85,0.1
3443,2126,153,2,42981.95,0.05
3444,2127,99,3,34928.44,0.2
3445,2128,67,3,21572.02,0.05
3446,2128,172,1,17664.71,0.1
3447,2129,73,1,49942.04,0.1
3448,2130,55,2,28833.78,0.0
3449,2130,113,3,27795.82,0.1
3450,2131,49,1,26129.96,0.15
3451,2132,157,2,46646.8,0.15
3452,2132,197,2,26851.86,0.2
3453,2132,59,3,34215.94,0.2
3454,2133,137,1,13836.35,0.15
3455,2134,2,2,40309.91,0.1
3456,2134,136,2,42539.86,0.0
3457,2135,118,3,29041.54,0.0
3458,2135,78,2,22980.54,0.2
3459,2136,186,2,8577.37,0.2
3460,2137,71,2,45760.82,0.2
3461,2138,132,1,30606.19,0.1
3462,2138,15,3,38205.74,0.15
3463,2139,189,1,24813.39,0.1
3464,2140,68,2,10784.99,0.0
3465,2141,148,2,21684.4,0.05
3466,2141,143,1,33742.3,0.1
3467,2142,63,2,33772.34,0.05
3468,2143,189,1,24813.39,0.0
3469,2143,152,3,2563.86,0.0
3470,2143,28,3,18136.06,0.2
3471,2143,25,2,38481.68,0.0
3472,2144,65,2,10714.5,0.2
3473,2144,106,3,36075.95,0.2
3474,2144,174,3,538.14,0.1
3475,2145,43,1,51003.27,0.1
3476,2145,20,3,27656.21,0.15
3477,2146,171,1,9250.53,0.0
3478,2147,117,3,36095.84,0.05
3479,2147,186,3,8577.37,0.1
3480,2148,137,1,13836.35,0.05
3481,2148,3,1,23359.03,0.15
3482,2149,89,3,48825.23,0.15
3483,2150,35,2,29269.09,0.1
3484,2150,3,2,23359.03,0.2
3485,2151,148,2,21684.4,0.2
3486,2151,133,1,21014.51,0.2
3487,2152,17,2,30784.12,0.15
3488,2153,66,2,47190.57,0.15
3489,2153,156,2,15379.26,0.15
3490,2153,187,1,24661.99,0.1
3491,2153,139,1,15424.8,0.2
3492,2154,117,1,36095.84,0.15
3493,2155,65,2,10714.5,0.05
3494,2155,175,1,23206.0,0.1
3495,2156,118,1,29041.54,0.15
3496,2157,13,2,15039.84,0.1
3497,2158,160,2,23328.29,0.15
3498,2158,47,2,44066.13,0.2
3499,2159,133,2,21014.51,0.2
3500,2159,167,3,39773.19,0.2
3501,2159,159,2,3070.84,0.15
3502,2160,72,2,19963.16,0.2
3503,2161,116,2,8921.83,0.0
3504,2162,2,1,40309.91,0.2
3505,2163,35,3,29269.09,0.05
3506,2163,185,2,25661.22,0.0
3507,2163,149,3,5864.85,0.1
3508,2164,112,2,14176.68,0.1
3509,2164,47,3,44066.13,0.0
3510,2164,179,3,36065.25,0.2
3511,2165,97,1,2156.33,0.2
3512,2166,29,2,30681.71,0.2
3513,2166,40,2,25646.78,0.1
3514,2167,63,2,33772.34,0.1
3515,2168,18,2,5102.7,0.15
3516,2169,103,3,41454.92,0.05
3517,2169,35,3,29269.09,0.05
3518,2170,16,3,23743.03,0.15
3519,2170,120,2,22355.5,0.2
3520,2170,8,2,43782.92,0.2
3521,2171,81,1,23072.5,0.0
3522,2172,34,3,1910.97,0.05
3523,2173,77,1,6283.7,0.05
3524,2174,113,3,27795.82,0.05
3525,2175,167,2,39773.19,0.0
3526,2175,184,3,22608.18,0.15
3527,2176,42,2,35391.16,0.15
3528,2176,73,2,49942.04,0.15
3529,2177,17,1,30784.12,0.05
3530,2178,54,3,11768.03,0.0
3531,2178,140,2,30777.61,0.2
3532,2179,143,3,33742.3,0.0
3533,2179,125,2,6198.59,0.15
3534,2180,179,2,36065.25,0.1
3535,2181,131,3,30688.69,0.15
3536,2181,85,2,23127.94,0.05
3537,2182,84,3,8374.62,0.1
3538,2183,8,1,43782.92,0.2
3539,2184,46,1,44085.92,0.0
3540,2184,87,1,31914.35,0.2
3541,2185,98,3,3308.53,0.0
3542,2185,111,2,3742.68,0.2
3543,2186,151,3,22108.82,0.2
3544,2187,80,1,19270.14,0.2
3545,2188,41,3,7052.31,0.2
3546,2189,115,1,31652.31,0.05
3547,2189,10,1,18200.22,0.05
3548,2189,85,3,23127.94,0.05
3549,2189,40,3,25646.78,0.2
3550,2190,118,3,29041.54,0.05
3551,2190,24,1,29603.93,0.05
3552,2191,54,3,11768.03,0.15
3553,2191,111,2,3742.68,0.05
3554,2191,98,2,3308.53,0.15
3555,2192,35,2,29269.09,0.2
3556,2193,200,1,20299.02,0.15
3557,2193,87,1,31914.35,0.2
3558,2194,97,1,2156.33,0.05
3559,2195,130,2,27639.1,0.15
3560,2196,69,1,9019.63,0.0
3561,2196,113,2,27795.82,0.05
3562,2197,59,2,34215.94,0.1
3563,2197,57,3,46927.83,0.1
3564,2198,88,2,12091.36,0.05
3565,2199,167,1,39773.19,0.15
3566,2200,183,1,15207.74,0.0
3567,2201,55,2,28833.78,0.2
3568,2202,150,2,27289.27,0.05
3569,2203,33,2,12098.86,0.05
3570,2204,172,1,17664.71,0.2
3571,2204,33,2,12098.86,0.15
3572,2205,6,1,21794.83,0.1
3573,2205,80,1,19270.14,0.05
3574,2205,182,2,29776.4,0.1
3575,2206,106,3,36075.95,0.2
3576,2207,180,1,21897.02,0.2
3577,2207,176,2,33751.54,0.15
3578,2208,76,1,12285.91,0.15
3579,2208,27,2,39548.82,0.2
3580,2209,18,2,5102.7,0.2
3581,2210,74,2,29336.62,0.15
3582,2211,101,2,28858.95,0.15
3583,2212,77,3,6283.7,0.1
3584,2212,72,3,19963.16,0.15
3585,2213,59,1,34215.94,0.05
3586,2214,160,3,23328.29,0.05
3587,2214,19,2,13411.65,0.2
3588,2215,91,2,19812.47,0.15
3589,2215,137,1,13836.35,0.0
3590,2216,109,1,36362.87,0.2
3591,2216,42,2,35391.16,0.1
3592,2217,152,2,2563.86,0.05
3593,2217,174,2,538.14,0.1
3594,2218,106,1,36075.95,0.2
3595,2219,53,1,50251.89,0.05
3596,2219,16,3,23743.03,0.0
3597,2220,63,3,33772.34,0.2
3598,2221,31,1,41690.09,0.2
3599,2222,195,2,24840.62,0.05
3600,2223,64,2,43716.56,0.15
3601,2224,14,2,10524.66,0.2
3602,2225,20,3,27656.21,0.0
3603,2225,10,1,18200.22,0.1
3604,2226,53,2,50251.89,0.05
3605,2226,118,2,29041.54,0.15
3606,2227,34,3,1910.97,0.15
3607,2228,131,2,30688.69,0.0
3608,2229,98,3,3308.53,0.2
3609,2229,94,2,7289.85,0.15
3610,2229,156,3,15379.26,0.2
3611,2229,111,3,3742.68,0.1
3612,2230,127,2,40465.67,0.2
3613,2231,146,2,40286.57,0.1
3614,2232,88,2,12091.36,0.05
3615,2233,100,3,15290.28,0.0
3616,2233,35,2,29269.09,0.0
3617,2234,94,2,7289.85,0.0
3618,2235,160,1,23328.29,0.1
3619,2235,89,1,48825.23,0.1
3620,2236,16,2,23743.03,0.2
3621,2237,129,1,48499.86,0.15
3622,2237,42,3,35391.16,0.1
3623,2238,18,3,5102.7,0.05
3624,2239,96,2,14581.98,0.1
3625,2240,82,1,30777.11,0.05
3626,2240,39,1,11770.94,0.05
3627,2241,99,3,34928.44,0.1
3628,2242,7,3,30948.06,0.2
3629,2243,15,1,38205.74,0.1
3630,2244,62,3,10449.51,0.0
3631,2244,45,1,26285.18,0.1
3632,2245,74,3,29336.62,0.05
3633,2245,3,3,23359.03,0.05
3634,2245,189,2,24813.39,0.05
3635,2246,6,3,21794.83,0.1
3636,2247,184,1,22608.18,0.2
3637,2248,93,1,34455.75,0.1
3638,2248,184,2,22608.18,0.2
3639,2248,169,2,5915.86,0.2
3640,2249,182,2,29776.4,0.15
3641,2249,7,3,30948.06,0.1
3642,2250,168,1,2470.72,0.05
3643,2251,105,1,17777.23,0.0
3644,2252,153,1,42981.95,0.05
3645,2252,23,2,26378.92,0.05
3646,2253,129,3,48499.86,0.1
3647,2254,52,1,15906.74,0.2
3648,2255,160,3,23328.29,0.05
3649,2255,111,2,3742.68,0.15
3650,2256,23,1,26378.92,0.15
3651,2257,33,1,12098.86,0.0
3652,2258,198,1,26983.92,0.2
3653,2259,179,3,36065.25,0.05
3654,2260,58,1,4945.79,0.0
3655,2261,79,3,18307.97,0.0
3656,2262,135,3,6436.82,0.0
3657,2263,166,3,23654.57,0.0
3658,2263,136,3,42539.86,0.15
3659,2264,78,1,22980.54,0.05
3660,2264,93,1,34455.75,0.2
3661,2265,148,3,21684.4,0.0
3662,2266,18,3,5102.7,0.05
3663,2267,101,3,28858.95,0.05
3664,2268,39,1,11770.94,0.15
3665,2269,161,1,42411.41,0.1
3666,2269,103,3,41454.92,0.0
3667,2269,126,2,1621.66,0.0
3668,2270,168,1,2470.72,0.2
3669,2271,24,3,29603.93,0.15
3670,2271,159,2,3070.84,0.0
3671,2271,30,2,8833.65,0.0
3672,2272,185,1,25661.22,0.05
3673,2273,64,2,43716.56,0.1
3674,2274,111,2,3742.68,0.0
3675,2274,8,2,43782.92,0.2
3676,2275,101,2,28858.95,0.0
3677,2276,127,2,40465.67,0.05
3678,2276,117,2,36095.84,0.15
3679,2277,20,2,27656.21,0.05
3680,2278,7,1,30948.06,0.15
3681,2279,129,1,48499.86,0.0
3682,2279,187,2,24661.99,0.15
3683,2279,20,1,27656.21,0.05
3684,2280,147,2,31001.46,0.05
3685,2280,157,1,46646.8,0.15
3686,2281,119,1,16619.7,0.0
3687,2282,156,2,15379.26,0.15
3688,2283,102,1,1008.25,0.05
3689,2283,176,1,33751.54,0.05
3690,2283,155,3,3806.76,0.15
3691,2284,127,1,40465.67,0.1
3692,2285,3,1,23359.03,0.2
3693,2286,17,2,30784.12,0.0
3694,2287,51,1,24437.01,0.05
3695,2287,64,2,43716.56,0.05
3696,2288,193,2,12185.72,0.2
3697,2288,104,2,31127.57,0.1
3698,2289,179,3,36065.25,0.2
3699,2290,160,1,23328.29,0.05
3700,2290,167,2,39773.19,0.1
3701,2291,2,2,40309.91,0.05
3702,2291,148,1,21684.4,0.2
3703,2292,84,1,8374.62,0.1
3704,2292,139,3,15424.8,0.1
3705,2292,178,3,2898.19,0.1
3706,2293,29,1,30681.71,0.2
3707,2294,148,1,21684.4,0.05
3708,2294,108,2,50140.67,0.2
3709,2295,200,2,20299.02,0.15
3710,2295,193,3,12185.72,0.2
3711,2295,61,1,20943.29,0.2
3712,2296,51,3,24437.01,0.05
3713,2296,102,1,1008.25,0.05
3714,2297,9,2,11984.47,0.05
3715,2298,113,2,27795.82,0.2
3716,2299,108,2,50140.67,0.2
3717,2300,123,3,42594.36,0.1
3718,2301,60,2,10418.46,0.0
3719,2302,103,1,41454.92,0.0
3720,2303,89,1,48825.23,0.2
3721,2304,103,1,41454.92,0.0
3722,2305,132,2,30606.19,0.0
3723,2306,29,3,30681.71,0.1
3724,2307,21,2,17242.26,0.15
3725,2308,29,3,30681.71,0.1
3726,2309,180,1,21897.02,0.0
3727,2309,98,2,3308.53,0.2
3728,2310,27,2,39548.82,0.15
3729,2311,51,1,24437.01,0.2
3730,2311,97,3,2156.33,0.05
3731,2311,20,2,27656.21,0.0
3732,2312,88,3,12091.36,0.1
3733,2312,87,2,31914.35,0.1
3734,2313,45,3,26285.18,0.05
3735,2313,190,2,25334.25,0.2
3736,2313,102,2,1008.25,0.05
3737,2314,23,2,26378.92,0.0
3738,2315,174,2,538.14,0.1
3739,2316,87,3,31914.35,0.1
3740,2317,109,1,36362.87,0.05
3741,2317,8,1,43782.92,0.0
3742,2318,106,3,36075.95,0.05
3743,2319,199,1,7411.65,0.05
3744,2320,97,2,2156.33,0.05
3745,2320,151,3,22108.82,0.0
3746,2320,121,3,28507.38,0.15
3747,2321,54,3,11768.03,0.05
3748,2321,100,3,15290.28,0.1
3749,2322,15,2,38205.74,0.15
3750,2322,149,1,5864.85,0.2
3751,2323,8,3,43782.92,0.2
3752,2324,105,2,17777.23,0.0
3753,2324,175,3,23206.0,0.0
3754,2325,106,3,36075.95,0.1
3755,2326,193,1,12185.72,0.1
3756,2326,199,3,7411.65,0.1
3757,2326,5,3,4803.48,0.1
3758,2327,191,2,25668.57,0.15
3759,2328,177,2,4661.0,0.05
3760,2329,147,3,31001.46,0.2
3761,2329,85,2,23127.94,0.0
3762,2330,47,3,44066.13,0.1
3763,2331,157,3,46646.8,0.15
3764,2332,85,2,23127.94,0.05
3765,2333,190,3,25334.25,0.15
3766,2333,193,3,12185.72,0.1
3767,2334,34,2,1910.97,0.05
3768,2334,122,3,11268.33,0.0
3769,2335,29,3,30681.71,0.0
3770,2335,107,3,16984.11,0.15
3771,2335,191,1,25668.57,0.1
3772,2336,149,3,5864.85,0.1
3773,2337,82,1,30777.11,0.05
3774,2337,150,2,27289.27,0.0
3775,2338,183,3,15207.74,0.05
3776,2338,55,1,28833.78,0.15
3777,2339,188,3,43924.5,0.2
3778,2340,24,3,29603.93,0.0
3779,2341,114,1,41748.5,0.15
3780,2342,27,3,39548.82,0.2
3781,2342,33,2,12098.86,0.1
3782,2343,20,3,27656.21,0.05
3783,2344,70,3,18353.81,0.1
3784,2345,24,2,29603.93,0.05
3785,2345,179,3,36065.25,0.05
3786,2346,90,1,37188.84,0.2
3787,2347,55,2,28833.78,0.05
3788,2348,121,2,28507.38,0.15
3789,2348,183,3,15207.74,0.15
3790,2349,143,3,33742.3,0.05
3791,2349,32,1,42924.05,0.05
3792,2350,84,2,8374.62,0.1
3793,2351,183,1,15207.74,0.0
3794,2351,121,2,28507.38,0.2
3795,2352,187,3,24661.99,0.15
3796,2352,17,1,30784.12,0.2
3797,2353,72,3,19963.16,0.0
3798,2353,19,2,13411.65,0.2
3799,2354,107,1,16984.11,0.0
3800,2355,103,2,41454.92,0.1
3801,2356,167,1,39773.19,0.0
3802,2357,130,3,27639.1,0.15
3803,2357,62,2,10449.51,0.1
3804,2357,16,1,23743.03,0.1
3805,2357,195,2,24840.62,0.05
3806,2358,198,3,26983.92,0.1
3807,2358,172,3,17664.71,0.05
3808,2358,133,1,21014.51,0.15
3809,2359,172,3,17664.71,0.15
3810,2359,124,2,11084.62,0.0
3811,2359,75,1,40963.99,0.15
3812,2359,144,3,9261.62,0.2
3813,2360,162,1,48984.46,0.05
3814,2360,38,2,45352.89,0.0
3815,2360,88,1,12091.36,0.0
3816,2361,187,3,24661.99,0.0
3817,2361,198,3,26983.92,0.05
3818,2362,104,3,31127.57,0.2
3819,2362,124,1,11084.62,0.2
3820,2363,104,2,31127.57,0.0
3821,2364,111,2,3742.68,0.05
3822,2365,56,3,44872.49,0.1
3823,2366,105,2,17777.23,0.15
3824,2367,172,1,17664.71,0.0
3825,2367,136,3,42539.86,0.0
3826,2368,49,3,26129.96,0.15
3827,2368,175,1,23206.0,0.2
3828,2369,6,1,21794.83,0.05
3829,2369,115,2,31652.31,0.2
3830,2370,136,3,42539.86,0.15
3831,2370,162,3,48984.46,0.15
3832,2371,149,1,5864.85,0.0
3833,2371,58,2,4945.79,0.0
3834,2372,132,2,30606.19,0.2
3835,2372,61,2,20943.29,0.2
3836,2373,178,3,2898.19,0.15
3837,2374,78,3,22980.54,0.15
3838,2375,176,2,33751.54,0.1
3839,2375,46,1,44085.92,0.15
3840,2375,158,2,17342.07,0.1
3841,2376,102,2,1008.25,0.05
3842,2376,82,2,30777.11,0.15
3843,2377,174,2,538.14,0.0
3844,2378,131,3,30688.69,0.0
3845,2378,42,2,35391.16,0.2
3846,2379,123,3,42594.36,0.1
3847,2380,11,1,26704.67,0.1
3848,2381,34,1,1910.97,0.0
3849,2382,46,2,44085.92,0.2
3850,2383,58,3,4945.79,0.15
3851,2383,15,3,38205.74,0.1
3852,2383,56,2,44872.49,0.05
3853,2383,33,2,12098.86,0.15
3854,2384,3,3,23359.03,0.0
3855,2385,119,1,16619.7,0.15
3856,2385,193,1,12185.72,0.1
3857,2385,199,1,7411.65,0.15
3858,2385,67,3,21572.02,0.1
3859,2386,39,2,11770.94,0.15
3860,2387,123,2,42594.36,0.0
3861,2388,182,3,29776.4,0.05
3862,2389,163,3,35870.08,0.2
3863,2390,16,2,23743.03,0.15
3864,2390,185,3,25661.22,0.05
3865,2390,92,1,40516.93,0.05
3866,2390,54,2,11768.03,0.15
3867,2391,67,1,21572.02,0.05
3868,2392,91,3,19812.47,0.15
3869,2393,198,3,26983.92,0.05
3870,2394,57,2,46927.83,0.05
3871,2395,193,3,12185.72,0.05
3872,2396,60,1,10418.46,0.15
3873,2397,188,3,43924.5,0.0
3874,2397,179,1,36065.25,0.2
3875,2398,80,3,19270.14,0.05
3876,2398,37,2,29778.23,0.0
3877,2399,115,1,31652.31,0.1
3878,2400,60,1,10418.46,0.0
3879,2401,138,1,49356.42,0.2
3880,2401,132,2,30606.19,0.1
3881,2402,197,1,26851.86,0.05
3882,2403,125,3,6198.59,0.0
3883,2404,57,2,46927.83,0.0
3884,2405,182,3,29776.4,0.1
3885,2405,165,3,36704.4,0.0
3886,2406,108,3,50140.67,0.15
3887,2407,168,3,2470.72,0.15
3888,2408,181,2,40139.53,0.1
3889,2409,177,1,4661.0,0.0
3890,2410,171,3,9250.53,0.2
3891,2411,119,3,16619.7,0.05
3892,2411,159,2,3070.84,0.1
3893,2412,53,3,50251.89,0.05
3894,2413,116,3,8921.83,0.2
3895,2413,51,2,24437.01,0.2
3896,2414,158,1,17342.07,0.1
3897,2415,34,3,1910.97,0.05
3898,2415,135,3,6436.82,0.2
3899,2416,155,2,3806.76,0.2
3900,2417,120,3,22355.5,0.05
3901,2417,174,3,538.14,0.05
3902,2417,173,1,26855.55,0.1
3903,2418,43,1,51003.27,0.2
3904,2419,194,3,50025.77,0.15
3905,2420,93,3,34455.75,0.0
3906,2420,200,1,20299.02,0.1
3907,2420,21,1,17242.26,0.15
3908,2421,189,3,24813.39,0.2
3909,2422,172,1,17664.71,0.15
3910,2423,58,2,4945.79,0.15
3911,2423,77,2,6283.7,0.0
3912,2424,146,3,40286.57,0.15
3913,2424,148,1,21684.4,0.05
3914,2424,174,3,538.14,0.2
3915,2425,158,1,17342.07,0.0
3916,2426,86,1,8655.62,0.1
3917,2427,121,2,28507.38,0.05
3918,2428,84,2,8374.62,0.2
3919,2429,62,2,10449.51,0.1
3920,2429,174,1,538.14,0.2
3921,2430,107,3,16984.11,0.2
3922,2430,59,2,34215.94,0.2
3923,2431,153,2,42981.95,0.0
3924,2432,145,2,12372.58,0.1
3925,2433,74,2,29336.62,0.15
3926,2433,107,3,16984.11,0.1
3927,2434,121,1,28507.38,0.2
3928,2435,9,1,11984.47,0.05
3929,2436,24,3,29603.93,0.05
3930,2436,5,3,4803.48,0.15
3931,2437,98,1,3308.53,0.05
3932,2437,172,2,17664.71,0.15
3933,2437,97,3,2156.33,0.15
3934,2438,181,1,40139.53,0.05
3935,2439,53,2,50251.89,0.1
3936,2439,73,3,49942.04,0.05
3937,2439,130,3,27639.1,0.0
3938,2440,101,1,28858.95,0.0
3939,2441,9,1,11984.47,0.1
3940,2441,155,3,3806.76,0.2
3941,2442,185,3,25661.22,0.0
3942,2443,54,1,11768.03,0.15
3943,2443,191,2,25668.57,0.1
3944,2444,115,3,31652.31,0.2
3945,2444,199,3,7411.65,0.05
3946,2444,197,3,26851.86,0.15
3947,2445,158,2,17342.07,0.1
3948,2446,111,1,3742.68,0.2
3949,2447,154,2,36128.53,0.0
3950,2447,51,2,24437.01,0.1
3951,2448,198,3,26983.92,0.1
3952,2448,182,3,29776.4,0.2
3953,2448,169,1,5915.86,0.0
3954,2449,193,2,12185.72,0.05
3955,2450,108,3,50140.67,0.1
3956,2450,112,2,14176.68,0.15
3957,2451,177,3,4661.0,0.15
3958,2451,60,3,10418.46,0.0
3959,2452,183,1,15207.74,0.2
3960,2452,84,3,8374.62,0.0
3961,2453,100,2,15290.28,0.0
3962,2453,112,3,14176.68,0.05
3963,2454,78,3,22980.54,0.15
3964,2455,152,3,2563.86,0.2
3965,2456,114,2,41748.5,0.05
3966,2457,91,3,19812.47,0.15
3967,2457,12,3,20855.6,0.1
3968,2458,129,2,48499.86,0.05
3969,2458,11,3,26704.67,0.1
3970,2459,62,1,10449.51,0.2
3971,2460,166,2,23654.57,0.1
3972,2460,152,2,2563.86,0.2
3973,2460,173,3,26855.55,0.05
3974,2461,57,2,46927.83,0.05
3975,2462,136,2,42539.86,0.2
3976,2463,29,1,30681.71,0.0
3977,2464,100,1,15290.28,0.2
3978,2464,9,2,11984.47,0.0
3979,2465,140,1,30777.61,0.05
3980,2466,80,2,19270.14,0.2
3981,2467,110,1,28191.63,0.1
3982,2468,16,2,23743.03,0.15
3983,2468,55,2,28833.78,0.15
3984,2469,111,3,3742.68,0.2
3985,2470,190,1,25334.25,0.15
3986,2471,46,1,44085.92,0.1
3987,2472,194,1,50025.77,0.2
3988,2473,104,2,31127.57,0.1
3989,2473,179,3,36065.25,0.15
3990,2474,183,1,15207.74,0.2
3991,2474,180,3,21897.02,0.0
3992,2475,78,1,22980.54,0.1
3993,2476,57,1,46927.83,0.05
3994,2477,140,2,30777.61,0.15
3995,2478,58,3,4945.79,0.1
3996,2479,1,1,40696.64,0.05
3997,2480,124,3,11084.62,0.0
3998,2480,50,1,25321.56,0.0
3999,2481,76,2,12285.91,0.15
4000,2482,139,1,15424.8,0.1
4001,2483,99,3,34928.44,0.0
4002,2483,192,3,28177.04,0.1
4003,2484,198,1,26983.92,0.05
4004,2484,149,2,5864.85,0.1
4005,2485,92,2,40516.93,0.0
4006,2486,172,3,17664.71,0.05
4007,2486,190,3,25334.25,0.15
4008,2487,21,3,17242.26,0.15
4009,2488,127,2,40465.67,0.0
4010,2488,20,3,27656.21,0.0
4011,2489,157,3,46646.8,0.05
4012,2489,38,3,45352.89,0.05
4013,2490,143,2,33742.3,0.0
4014,2490,184,2,22608.18,0.0
4015,2491,22,3,36885.18,0.05
4016,2491,40,1,25646.78,0.05
4017,2492,50,2,25321.56,0.2
4018,2493,35,1,29269.09,0.2
4019,2494,198,3,26983.92,0.0
4020,2494,68,1,10784.99,0.15
4021,2494,11,3,26704.67,0.0
4022,2495,121,3,28507.38,0.2
4023,2495,127,2,40465.67,0.15
4024,2495,93,1,34455.75,0.15
4025,2496,2,2,40309.91,0.15
4026,2497,177,1,4661.0,0.15
4027,2498,190,3,25334.25,0.0
4028,2498,34,3,1910.97,0.05
4029,2499,100,1,15290.28,0.15
4030,2499,152,2,2563.86,0.15
4031,2499,95,3,26129.21,0.0
4032,2500,31,3,41690.09,0.15
4033,2501,165,1,36704.4,0.2
4034,2502,32,3,42924.05,0.05
4035,2503,182,1,29776.4,0.2
4036,2503,166,3,23654.57,0.05
4037,2503,200,1,20299.02,0.0
4038,2504,92,3,40516.93,0.2
4039,2505,149,1,5864.85,0.0
4040,2505,185,2,25661.22,0.05
4041,2506,73,3,49942.04,0.1
4042,2507,143,3,33742.3,0.2
4043,2507,169,3,5915.86,0.2
4044,2508,27,2,39548.82,0.0
4045,2508,6,3,21794.83,0.15
4046,2508,150,3,27289.27,0.0
4047,2508,181,2,40139.53,0.1
4048,2509,42,1,35391.16,0.0
4049,2510,13,1,15039.84,0.15
4050,2511,32,2,42924.05,0.1
4051,2512,177,1,4661.0,0.1
4052,2512,143,2,33742.3,0.15
4053,2513,139,1,15424.8,0.2
4054,2513,180,2,21897.02,0.0
4055,2514,199,3,7411.65,0.05
4056,2515,145,2,12372.58,0.1
4057,2516,91,1,19812.47,0.15
4058,2517,175,3,23206.0,0.1
4059,2518,129,2,48499.86,0.05
4060,2518,9,3,11984.47,0.15
4061,2519,102,2,1008.25,0.2
4062,2520,176,3,33751.54,0.2
4063,2520,159,2,3070.84,0.2
4064,2521,125,1,6198.59,0.2
4065,2521,67,2,21572.02,0.0
4066,2522,171,3,9250.53,0.0
4067,2523,92,2,40516.93,0.15
4068,2524,46,3,44085.92,0.2
4069,2524,81,2,23072.5,0.15
4070,2524,49,2,26129.96,0.15
4071,2525,154,1,36128.53,0.0
4072,2525,89,1,48825.23,0.15
4073,2526,74,3,29336.62,0.15
4074,2526,127,1,40465.67,0.15
4075,2526,36,2,39563.63,0.15
4076,2527,82,1,30777.11,0.15
4077,2527,150,1,27289.27,0.2
4078,2527,4,2,41885.03,0.15
4079,2528,195,2,24840.62,0.15
4080,2529,185,3,25661.22,0.15
4081,2530,197,1,26851.86,0.1
4082,2531,33,2,12098.86,0.2
4083,2531,70,3,18353.81,0.15
4084,2532,12,1,20855.6,0.15
4085,2533,41,2,7052.31,0.15
4086,2534,76,1,12285.91,0.0
4087,2534,12,2,20855.6,0.15
4088,2535,53,1,50251.89,0.1
4089,2535,23,1,26378.92,0.1
4090,2535,184,1,22608.18,0.05
4091,2536,88,3,12091.36,0.15
4092,2537,1,2,40696.64,0.2
4093,2537,134,3,20156.16,0.1
4094,2538,17,1,30784.12,0.0
4095,2538,116,2,8921.83,0.0
4096,2539,39,1,11770.94,0.1
4097,2540,59,1,34215.94,0.05
4098,2540,85,3,23127.94,0.0
4099,2540,51,3,24437.01,0.1
4100,2541,106,1,36075.95,0.1
4101,2542,160,2,23328.29,0.05
4102,2542,59,1,34215.94,0.05
4103,2543,184,3,22608.18,0.0
4104,2544,22,1,36885.18,0.2
4105,2545,67,3,21572.02,0.05
4106,2546,71,3,45760.82,0.0
4107,2546,179,2,36065.25,0.0
4108,2547,138,3,49356.42,0.05
4109,2547,125,2,6198.59,0.05
4110,2548,163,2,35870.08,0.2
4111,2548,120,3,22355.5,0.05
4112,2549,78,1,22980.54,0.0
4113,2549,12,1,20855.6,0.15
4114,2550,38,1,45352.89,0.15
4115,2550,59,3,34215.94,0.2
4116,2550,24,3,29603.93,0.2
4117,2551,28,3,18136.06,0.0
4118,2552,175,1,23206.0,0.1
4119,2552,146,1,40286.57,0.15
4120,2552,99,2,34928.44,0.15
4121,2553,158,2,17342.07,0.05
4122,2554,93,2,34455.75,0.15
4123,2554,130,2,27639.1,0.1
4124,2555,107,3,16984.11,0.1
4125,2555,55,3,28833.78,0.2
4126,2555,197,3,26851.86,0.05
4127,2556,194,2,50025.77,0.05
4128,2557,76,3,12285.91,0.05
4129,2558,83,1,16031.85,0.1
4130,2559,120,3,22355.5,0.2
4131,2560,142,2,19228.31,0.0
4132,2560,7,1,30948.06,0.1
4133,2561,59,3,34215.94,0.2
4134,2562,121,1,28507.38,0.0
4135,2563,113,2,27795.82,0.15
4136,2563,102,3,1008.25,0.0
4137,2563,122,3,11268.33,0.05
4138,2563,112,3,14176.68,0.2
4139,2564,77,3,6283.7,0.2
4140,2564,83,2,16031.85,0.0
4141,2564,181,3,40139.53,0.05
4142,2565,121,2,28507.38,0.05
4143,2566,56,3,44872.49,0.15
4144,2567,155,1,3806.76,0.1
4145,2567,49,3,26129.96,0.05
4146,2568,25,3,38481.68,0.0
4147,2569,76,3,12285.91,0.0
4148,2570,68,1,10784.99,0.0
4149,2571,32,2,42924.05,0.0
4150,2571,4,2,41885.03,0.1
4151,2572,152,3,2563.86,0.15
4152,2573,91,2,19812.47,0.1
4153,2573,182,1,29776.4,0.05
4154,2573,119,1,16619.7,0.2
4155,2574,123,1,42594.36,0.1
4156,2574,25,1,38481.68,0.05
4157,2575,71,2,45760.82,0.05
4158,2575,149,3,5864.85,0.15
4159,2576,120,1,22355.5,0.0
4160,2576,8,1,43782.92,0.05
4161,2577,78,2,22980.54,0.1
4162,2577,58,3,4945.79,0.2
4163,2578,190,3,25334.25,0.2
4164,2579,142,2,19228.31,0.0
4165,2579,184,3,22608.18,0.2
4166,2580,24,2,29603.93,0.2
4167,2581,182,1,29776.4,0.0
4168,2582,152,1,2563.86,0.15
4169,2583,56,2,44872.49,0.05
4170,2583,117,3,36095.84,0.05
4171,2584,74,3,29336.62,0.0
4172,2585,54,1,11768.03,0.05
4173,2585,55,1,28833.78,0.05
4174,2585,31,3,41690.09,0.1
4175,2586,11,2,26704.67,0.0
4176,2587,53,3,50251.89,0.0
4177,2588,188,2,43924.5,0.2
4178,2588,189,2,24813.39,0.1
4179,2588,135,2,6436.82,0.15
4180,2588,56,3,44872.49,0.15
4181,2589,118,1,29041.54,0.05
4182,2590,106,2,36075.95,0.15
4183,2591,173,2,26855.55,0.15
4184,2592,36,1,39563.63,0.0
4185,2592,42,1,35391.16,0.2
4186,2592,141,1,17316.48,0.0
4187,2593,55,2,28833.78,0.2
4188,2593,129,1,48499.86,0.15
4189,2594,67,2,21572.02,0.05
4190,2594,196,2,6975.02,0.1
4191,2595,56,1,44872.49,0.05
4192,2595,154,1,36128.53,0.1
4193,2596,93,3,34455.75,0.15
4194,2596,165,3,36704.4,0.05
4195,2597,10,2,18200.22,0.15
4196,2597,103,1,41454.92,0.1
4197,2598,60,1,10418.46,0.05
4198,2599,168,2,2470.72,0.05
4199,2600,134,3,20156.16,0.0
4200,2600,187,1,24661.99,0.2
4201,2600,71,3,45760.82,0.1
4202,2600,149,2,5864.85,0.1
4203,2601,67,1,21572.02,0.0
4204,2602,100,3,15290.28,0.05
4205,2603,175,1,23206.0,0.15
4206,2604,5,3,4803.48,0.05
4207,2604,79,2,18307.97,0.1
4208,2605,136,1,42539.86,0.15
4209,2605,25,3,38481.68,0.1
4210,2606,93,3,34455.75,0.1
4211,2606,189,3,24813.39,0.1
4212,2607,160,1,23328.29,0.15
4213,2608,51,1,24437.01,0.15
4214,2608,27,1,39548.82,0.15
4215,2609,128,1,44820.77,0.15
4216,2610,110,3,28191.63,0.15
4217,2611,94,3,7289.85,0.05
4218,2612,144,2,9261.62,0.0
4219,2613,199,2,7411.65,0.0
4220,2614,153,1,42981.95,0.2
4221,2615,199,3,7411.65,0.0
4222,2616,168,1,2470.72,0.15
4223,2616,140,2,30777.61,0.05
4224,2616,77,1,6283.7,0.05
4225,2617,4,2,41885.03,0.15
4226,2617,174,1,538.14,0.1
4227,2618,9,1,11984.47,0.05
4228,2618,25,3,38481.68,0.0
4229,2618,20,2,27656.21,0.1
4230,2619,1,2,40696.64,0.1
4231,2620,51,2,24437.01,0.1
4232,2621,41,1,7052.31,0.1
4233,2622,155,3,3806.76,0.2
4234,2622,4,2,41885.03,0.0
4235,2622,23,2,26378.92,0.1
4236,2622,1,2,40696.64,0.2
4237,2623,161,3,42411.41,0.2
4238,2624,23,2,26378.92,0.05
4239,2624,88,3,12091.36,0.0
4240,2625,157,3,46646.8,0.15
4241,2626,60,2,10418.46,0.15
4242,2627,10,3,18200.22,0.15
4243,2628,47,1,44066.13,0.15
4244,2629,79,1,18307.97,0.05
4245,2630,131,2,30688.69,0.2
4246,2631,41,2,7052.31,0.2
4247,2631,69,2,9019.63,0.0
4248,2632,193,2,12185.72,0.1
4249,2632,166,3,23654.57,0.15
4250,2633,41,2,7052.31,0.15
4251,2633,197,1,26851.86,0.0
4252,2634,86,2,8655.62,0.2
4253,2635,120,3,22355.5,0.15
4254,2636,47,3,44066.13,0.15
4255,2637,151,2,22108.82,0.2
4256,2638,131,3,30688.69,0.2
4257,2639,176,1,33751.54,0.0
4258,2639,141,3,17316.48,0.1
4259,2639,108,3,50140.67,0.2
4260,2640,89,3,48825.23,0.15
4261,2641,123,3,42594.36,0.05
4262,2641,152,2,2563.86,0.1
4263,2641,76,2,12285.91,0.15
4264,2641,55,1,28833.78,0.05
4265,2642,39,2,11770.94,0.15
4266,2643,169,2,5915.86,0.2
4267,2643,109,2,36362.87,0.1
4268,2644,133,3,21014.51,0.15
4269,2644,114,2,41748.5,0.2
4270,2645,150,3,27289.27,0.1
4271,2646,191,3,25668.57,0.05
4272,2646,21,2,17242.26,0.15
4273,2646,90,2,37188.84,0.1
4274,2646,91,3,19812.47,0.0
4275,2647,34,1,1910.97,0.1
4276,2647,65,1,10714.5,0.15
4277,2648,154,3,36128.53,0.0
4278,2649,70,3,18353.81,0.2
4279,2649,174,3,538.14,0.15
4280,2650,59,3,34215.94,0.2
4281,2651,7,1,30948.06,0.15
4282,2652,90,3,37188.84,0.0
4283,2652,72,2,19963.16,0.2
4284,2653,59,3,34215.94,0.05
4285,2654,137,2,13836.35,0.15
4286,2655,48,3,18097.56,0.0
4287,2655,185,1,25661.22,0.15
4288,2656,78,3,22980.54,0.0
4289,2656,190,3,25334.25,0.1
4290,2657,8,1,43782.92,0.15
4291,2657,122,1,11268.33,0.0
4292,2658,71,1,45760.82,0.15
4293,2658,23,1,26378.92,0.05
4294,2658,91,3,19812.47,0.1
4295,2659,81,1,23072.5,0.05
4296,2659,27,2,39548.82,0.1
4297,2660,137,2,13836.35,0.2
4298,2661,52,2,15906.74,0.15
4299,2662,166,2,23654.57,0.1
4300,2663,101,3,28858.95,0.0
4301,2663,111,1,3742.68,0.05
4302,2664,35,3,29269.09,0.2
4303,2664,125,2,6198.59,0.1
4304,2664,51,1,24437.01,0.1
4305,2665,14,3,10524.66,0.1
4306,2665,182,1,29776.4,0.0
4307,2666,6,2,21794.83,0.15
4308,2666,46,1,44085.92,0.15
4309,2666,161,3,42411.41,0.0
4310,2667,153,1,42981.95,0.15
4311,2667,84,2,8374.62,0.2
4312,2668,119,2,16619.7,0.2
4313,2669,52,1,15906.74,0.05
4314,2669,133,1,21014.51,0.15
4315,2670,65,1,10714.5,0.1
4316,2671,168,2,2470.72,0.1
4317,2672,122,3,11268.33,0.05
4318,2672,136,2,42539.86,0.0
4319,2673,89,3,48825.23,0.05
4320,2673,172,2,17664.71,0.0
4321,2673,194,1,50025.77,0.15
4322,2674,104,3,31127.57,0.15
4323,2675,194,2,50025.77,0.0
4324,2676,163,3,35870.08,0.2
4325,2677,31,3,41690.09,0.05
4326,2677,41,1,7052.31,0.15
4327,2678,56,1,44872.49,0.05
4328,2678,146,2,40286.57,0.15
4329,2678,29,2,30681.71,0.1
4330,2679,151,2,22108.82,0.0
4331,2679,134,3,20156.16,0.05
4332,2680,64,3,43716.56,0.15
4333,2680,128,1,44820.77,0.1
4334,2680,106,3,36075.95,0.2
4335,2681,3,3,23359.03,0.0
4336,2681,126,1,1621.66,0.15
4337,2682,94,1,7289.85,0.15
4338,2682,31,2,41690.09,0.0
4339,2683,117,3,36095.84,0.05
4340,2684,175,2,23206.0,0.15
4341,2684,166,3,23654.57,0.1
4342,2685,51,1,24437.01,0.05
4343,2686,197,2,26851.86,0.15
4344,2687,85,3,23127.94,0.1
4345,2688,2,2,40309.91,0.2
4346,2688,75,1,40963.99,0.15
4347,2689,15,3,38205.74,0.0
4348,2690,116,3,8921.83,0.2
4349,2691,170,2,10648.71,0.1
4350,2692,22,2,36885.18,0.15
4351,2693,84,3,8374.62,0.2
4352,2693,192,2,28177.04,0.1
4353,2694,11,3,26704.67,0.1
4354,2694,142,3,19228.31,0.2
4355,2694,144,1,9261.62,0.0
4356,2694,169,1,5915.86,0.05
4357,2695,9,2,11984.47,0.0
4358,2695,119,3,16619.7,0.1
4359,2695,161,1,42411.41,0.15
4360,2695,96,3,14581.98,0.2
4361,2696,32,2,42924.05,0.05
4362,2696,191,1,25668.57,0.0
4363,2697,156,3,15379.26,0.15
4364,2697,154,2,36128.53,0.05
4365,2697,169,1,5915.86,0.0
4366,2698,43,2,51003.27,0.1
4367,2698,63,2,33772.34,0.0
4368,2698,92,1,40516.93,0.0
4369,2699,165,3,36704.4,0.0
4370,2700,71,1,45760.82,0.15
4371,2700,16,1,23743.03,0.05
4372,2701,38,3,45352.89,0.2
4373,2702,24,3,29603.93,0.1
4374,2703,75,1,40963.99,0.05
4375,2704,137,1,13836.35,0.0
4376,2705,178,3,2898.19,0.05
4377,2705,99,1,34928.44,0.1
4378,2706,32,3,42924.05,0.0
4379,2707,15,2,38205.74,0.2
4380,2707,89,2,48825.23,0.15
4381,2708,133,2,21014.51,0.15
4382,2709,125,2,6198.59,0.05
4383,2709,154,3,36128.53,0.2
4384,2710,39,2,11770.94,0.1
4385,2710,70,1,18353.81,0.2
4386,2710,184,1,22608.18,0.1
4387,2711,138,1,49356.42,0.05
4388,2711,41,3,7052.31,0.05
4389,2711,125,2,6198.59,0.1
4390,2712,151,3,22108.82,0.1
4391,2712,91,1,19812.47,0.1
4392,2712,26,2,5340.38,0.15
4393,2713,199,3,7411.65,0.0
4394,2713,136,2,42539.86,0.1
4395,2714,63,3,33772.34,0.0
4396,2714,14,3,10524.66,0.15
4397,2715,159,2,3070.84,0.1
4398,2715,85,3,23127.94,0.2
4399,2716,27,3,39548.82,0.1
4400,2717,182,2,29776.4,0.2
4401,2718,150,1,27289.27,0.1
4402,2718,190,3,25334.25,0.0
4403,2719,35,3,29269.09,0.1
4404,2720,183,2,15207.74,0.0
4405,2721,86,1,8655.62,0.15
4406,2722,106,2,36075.95,0.1
4407,2722,153,3,42981.95,0.05
4408,2722,93,2,34455.75,0.1
4409,2723,20,1,27656.21,0.2
4410,2724,35,1,29269.09,0.15
4411,2724,170,2,10648.71,0.1
4412,2725,197,2,26851.86,0.15
4413,2726,70,1,18353.81,0.1
4414,2726,96,2,14581.98,0.0
4415,2726,148,1,21684.4,0.05
4416,2727,38,2,45352.89,0.2
4417,2728,64,3,43716.56,0.15
4418,2728,124,3,11084.62,0.0
4419,2729,16,3,23743.03,0.1
4420,2730,94,3,7289.85,0.1
4421,2730,154,3,36128.53,0.15
4422,2730,73,2,49942.04,0.1
4423,2731,28,1,18136.06,0.05
4424,2731,112,3,14176.68,0.2
4425,2731,110,2,28191.63,0.15
4426,2732,126,1,1621.66,0.1
4427,2732,31,2,41690.09,0.2
4428,2733,8,1,43782.92,0.15
4429,2734,68,3,10784.99,0.0
4430,2735,32,1,42924.05,0.05
4431,2736,174,2,538.14,0.15
4432,2737,17,2,30784.12,0.1
4433,2738,178,2,2898.19,0.0
4434,2738,161,2,42411.41,0.0
4435,2738,52,1,15906.74,0.1
4436,2739,94,2,7289.85,0.2
4437,2740,75,2,40963.99,0.1
4438,2741,87,2,31914.35,0.05
4439,2741,94,1,7289.85,0.15
4440,2742,170,3,10648.71,0.15
4441,2742,55,3,28833.78,0.15
4442,2742,53,2,50251.89,0.2
4443,2742,96,1,14581.98,0.2
4444,2743,157,1,46646.8,0.1
4445,2743,92,3,40516.93,0.2
4446,2744,129,2,48499.86,0.0
4447,2745,21,2,17242.26,0.0
4448,2746,85,3,23127.94,0.15
4449,2747,197,1,26851.86,0.2
4450,2747,41,2,7052.31,0.2
4451,2748,101,3,28858.95,0.15
4452,2749,200,1,20299.02,0.0
4453,2749,158,3,17342.07,0.15
4454,2749,175,1,23206.0,0.2
4455,2750,133,3,21014.51,0.1
4456,2750,130,3,27639.1,0.0
4457,2751,9,3,11984.47,0.05
4458,2751,95,3,26129.21,0.0
4459,2751,96,1,14581.98,0.0
4460,2751,196,2,6975.02,0.05
4461,2752,42,2,35391.16,0.1
4462,2753,157,3,46646.8,0.05
4463,2754,188,3,43924.5,0.05
4464,2754,61,3,20943.29,0.15
4465,2755,151,1,22108.82,0.05
4466,2756,171,3,9250.53,0.2
4467,2756,172,3,17664.71,0.15
4468,2756,61,3,20943.29,0.05
4469,2757,17,3,30784.12,0.05
4470,2757,144,3,9261.62,0.1
4471,2757,137,2,13836.35,0.15
4472,2758,193,2,12185.72,0.15
4473,2759,64,3,43716.56,0.1
4474,2760,35,3,29269.09,0.05
4475,2760,190,2,25334.25,0.2
4476,2760,3,3,23359.03,0.0
4477,2761,48,3,18097.56,0.15
4478,2762,124,2,11084.62,0.05
4479,2763,106,2,36075.95,0.0
4480,2763,79,2,18307.97,0.15
4481,2764,50,3,25321.56,0.05
4482,2764,197,2,26851.86,0.2
4483,2765,105,2,17777.23,0.2
4484,2765,62,3,10449.51,0.1
4485,2766,175,3,23206.0,0.2
4486,2767,78,2,22980.54,0.2
4487,2768,80,3,19270.14,0.15
4488,2768,100,3,15290.28,0.0
4489,2769,66,2,47190.57,0.2
4490,2770,146,3,40286.57,0.1
4491,2771,84,2,8374.62,0.15
4492,2772,168,1,2470.72,0.05
4493,2773,3,3,23359.03,0.15
4494,2773,40,3,25646.78,0.0
4495,2774,145,2,12372.58,0.2
4496,2774,97,2,2156.33,0.15
4497,2775,133,1,21014.51,0.0
4498,2776,138,1,49356.42,0.2
4499,2776,47,1,44066.13,0.05
4500,2777,167,3,39773.19,0.05
4501,2777,162,2,48984.46,0.15
4502,2778,36,1,39563.63,0.05
4503,2778,48,2,18097.56,0.05
4504,2779,181,3,40139.53,0.1
4505,2780,100,3,15290.28,0.0
4506,2781,106,2,36075.95,0.1
4507,2782,134,2,20156.16,0.2
4508,2782,84,1,8374.62,0.0
4509,2783,85,2,23127.94,0.1
4510,2783,84,3,8374.62,0.15
4511,2783,150,3,27289.27,0.15
4512,2784,171,2,9250.53,0.2
4513,2784,96,2,14581.98,0.2
4514,2785,14,2,10524.66,0.0
4515,2785,91,3,19812.47,0.05
4516,2786,164,3,42804.34,0.15
4517,2786,192,2,28177.04,0.1
4518,2786,123,3,42594.36,0.1
4519,2787,107,1,16984.11,0.05
4520,2788,95,2,26129.21,0.0
4521,2789,112,2,14176.68,0.05
4522,2790,65,1,10714.5,0.1
4523,2790,46,1,44085.92,0.0
4524,2790,11,3,26704.67,0.2
4525,2791,65,2,10714.5,0.0
4526,2792,36,2,39563.63,0.0
4527,2792,13,3,15039.84,0.2
4528,2792,64,1,43716.56,0.2
4529,2793,89,2,48825.23,0.15
4530,2793,172,2,17664.71,0.0
4531,2793,169,1,5915.86,0.05
4532,2793,6,2,21794.83,0.2
4533,2794,140,1,30777.61,0.1
4534,2795,48,2,18097.56,0.15
4535,2795,182,2,29776.4,0.05
4536,2795,145,1,12372.58,0.15
4537,2795,129,3,48499.86,0.2
4538,2796,13,2,15039.84,0.05
4539,2796,200,1,20299.02,0.05
4540,2797,1,2,40696.64,0.0
4541,2798,191,1,25668.57,0.15
4542,2798,130,1,27639.1,0.0
4543,2798,158,2,17342.07,0.05
4544,2799,21,3,17242.26,0.1
4545,2800,168,2,2470.72,0.2
4546,2801,105,3,17777.23,0.2
4547,2801,93,1,34455.75,0.1
4548,2802,122,3,11268.33,0.05
4549,2802,5,2,4803.48,0.2
4550,2803,25,2,38481.68,0.05
4551,2803,29,2,30681.71,0.2
4552,2804,12,1,20855.6,0.15
4553,2804,80,2,19270.14,0.1
4554,2805,11,2,26704.67,0.0
4555,2806,193,1,12185.72,0.05
4556,2807,141,3,17316.48,0.15
4557,2808,52,2,15906.74,0.0
4558,2809,115,1,31652.31,0.05
4559,2810,63,1,33772.34,0.2
4560,2811,73,1,49942.04,0.0
4561,2812,109,2,36362.87,0.1
4562,2813,12,1,20855.6,0.05
4563,2814,23,2,26378.92,0.1
4564,2815,6,2,21794.83,0.05
4565,2816,84,2,8374.62,0.1
4566,2817,117,1,36095.84,0.0
4567,2818,104,2,31127.57,0.0
4568,2818,162,1,48984.46,0.15
4569,2819,29,1,30681.71,0.1
4570,2819,2,3,40309.91,0.15
4571,2820,11,2,26704.67,0.2
4572,2821,119,1,16619.7,0.0
4573,2822,22,2,36885.18,0.15
4574,2822,179,3,36065.25,0.2
4575,2822,134,1,20156.16,0.05
4576,2822,24,1,29603.93,0.1
4577,2823,49,1,26129.96,0.05
4578,2823,148,1,21684.4,0.1
4579,2824,73,3,49942.04,0.2
4580,2825,21,2,17242.26,0.15
4581,2825,108,1,50140.67,0.15
4582,2826,49,1,26129.96,0.2
4583,2826,38,1,45352.89,0.0
4584,2827,46,2,44085.92,0.1
4585,2828,136,2,42539.86,0.1
4586,2829,147,1,31001.46,0.0
4587,2829,7,2,30948.06,0.0
4588,2830,168,3,2470.72,0.1
4589,2830,17,3,30784.12,0.2
4590,2830,83,1,16031.85,0.1
4591,2831,156,1,15379.26,0.05
4592,2832,199,2,7411.65,0.05
4593,2833,107,1,16984.11,0.05
4594,2834,124,3,11084.62,0.1
4595,2835,50,3,25321.56,0.0
4596,2835,120,1,22355.5,0.2
4597,2836,73,2,49942.04,0.1
4598,2836,31,1,41690.09,0.15
4599,2837,9,1,11984.47,0.0
4600,2837,164,2,42804.34,0.0
4601,2837,166,3,23654.57,0.1
4602,2838,29,1,30681.71,0.1
4603,2839,160,3,23328.29,0.05
4604,2839,44,1,30820.13,0.2
4605,2840,24,3,29603.93,0.2
4606,2840,115,2,31652.31,0.15
4607,2841,117,2,36095.84,0.2
4608,2842,10,2,18200.22,0.2
4609,2843,190,1,25334.25,0.2
4610,2844,196,3,6975.02,0.0
4611,2845,176,3,33751.54,0.0
4612,2845,89,2,48825.23,0.2
4613,2845,185,3,25661.22,0.05
4614,2845,93,1,34455.75,0.0
4615,2846,55,2,28833.78,0.1
4616,2847,8,3,43782.92,0.1
4617,2847,133,3,21014.51,0.1
4618,2848,90,3,37188.84,0.1
4619,2849,91,2,19812.47,0.2
4620,2849,39,1,11770.94,0.1
4621,2849,190,2,25334.25,0.0
4622,2850,98,1,3308.53,0.2
4623,2850,95,2,26129.21,0.15
4624,2851,4,2,41885.03,0.2
4625,2852,83,3,16031.85,0.05
4626,2852,109,2,36362.87,0.0
4627,2852,38,3,45352.89,0.05
4628,2853,195,1,24840.62,0.15
4629,2854,17,3,30784.12,0.15
4630,2854,32,3,42924.05,0.0
4631,2855,7,1,30948.06,0.15
4632,2855,156,1,15379.26,0.2
4633,2856,151,3,22108.82,0.0
4634,2856,72,3,19963.16,0.0
4635,2857,13,1,15039.84,0.15
4636,2857,51,3,24437.01,0.15
4637,2858,136,2,42539.86,0.2
4638,2858,7,2,30948.06,0.15
4639,2859,127,1,40465.67,0.1
4640,2859,13,3,15039.84,0.2
4641,2860,179,2,36065.25,0.2
4642,2861,26,1,5340.38,0.2
4643,2862,166,3,23654.57,0.2
4644,2863,79,2,18307.97,0.15
4645,2863,112,1,14176.68,0.1
4646,2863,8,3,43782.92,0.1
4647,2864,145,3,12372.58,0.0
4648,2865,43,1,51003.27,0.05
4649,2865,39,2,11770.94,0.15
4650,2865,10,1,18200.22,0.2
4651,2865,91,3,19812.47,0.15
4652,2866,188,3,43924.5,0.2
4653,2866,136,1,42539.86,0.1
4654,2867,127,2,40465.67,0.0
4655,2868,192,2,28177.04,0.2
4656,2869,122,1,11268.33,0.1
4657,2870,142,1,19228.31,0.0
4658,2871,128,2,44820.77,0.2
4659,2872,73,2,49942.04,0.15
4660,2873,96,3,14581.98,0.1
4661,2873,158,3,17342.07,0.2
4662,2874,138,1,49356.42,0.1
4663,2875,149,3,5864.85,0.15
4664,2876,46,1,44085.92,0.0
4665,2876,90,1,37188.84,0.2
4666,2877,179,2,36065.25,0.1
4667,2878,148,1,21684.4,0.05
4668,2879,126,1,1621.66,0.2
4669,2880,108,3,50140.67,0.2
4670,2881,95,1,26129.21,0.0
4671,2882,20,1,27656.21,0.2
4672,2883,56,1,44872.49,0.1
4673,2884,136,3,42539.86,0.15
4674,2884,34,2,1910.97,0.05
4675,2885,85,1,23127.94,0.15
4676,2886,14,3,10524.66,0.1
4677,2886,35,3,29269.09,0.15
4678,2887,130,1,27639.1,0.0
4679,2888,41,2,7052.31,0.2
4680,2889,151,3,22108.82,0.1
4681,2889,51,1,24437.01,0.15
4682,2889,75,1,40963.99,0.2
4683,2890,33,1,12098.86,0.15
4684,2890,36,3,39563.63,0.15
4685,2890,149,3,5864.85,0.15
4686,2890,57,2,46927.83,0.0
4687,2891,146,2,40286.57,0.15
4688,2891,167,2,39773.19,0.0
4689,2892,124,3,11084.62,0.15
4690,2893,200,1,20299.02,0.15
4691,2893,145,2,12372.58,0.05
4692,2894,33,3,12098.86,0.1
4693,2895,165,2,36704.4,0.05
4694,2896,129,3,48499.86,0.0
4695,2897,85,2,23127.94,0.1
4696,2898,151,1,22108.82,0.15
4697,2899,159,2,3070.84,0.2
4698,2900,49,2,26129.96,0.2
4699,2901,96,3,14581.98,0.1
4700,2901,116,2,8921.83,0.05
4701,2902,66,3,47190.57,0.0
4702,2902,51,2,24437.01,0.2
4703,2902,52,2,15906.74,0.15
4704,2903,134,1,20156.16,0.15
4705,2903,138,3,49356.42,0.1
4706,2903,81,1,23072.5,0.2
4707,2903,84,3,8374.62,0.1
4708,2904,28,1,18136.06,0.0
4709,2905,38,2,45352.89,0.2
4710,2906,160,1,23328.29,0.1
4711,2907,150,1,27289.27,0.0
4712,2908,1,1,40696.64,0.2
4713,2908,28,3,18136.06,0.2
4714,2908,135,2,6436.82,0.2
4715,2909,160,1,23328.29,0.05
4716,2909,165,3,36704.4,0.2
4717,2909,30,1,8833.65,0.1
4718,2910,83,1,16031.85,0.2
4719,2911,129,3,48499.86,0.0
4720,2912,84,3,8374.62,0.15
4721,2913,49,2,26129.96,0.15
4722,2914,14,3,10524.66,0.0
4723,2915,106,1,36075.95,0.15
4724,2915,74,1,29336.62,0.1
4725,2915,176,2,33751.54,0.1
4726,2916,42,1,35391.16,0.05
4727,2917,60,2,10418.46,0.15
4728,2917,88,3,12091.36,0.05
4729,2917,182,1,29776.4,0.05
4730,2918,2,1,40309.91,0.15
4731,2918,126,1,1621.66,0.1
4732,2919,99,2,34928.44,0.0
4733,2920,160,2,23328.29,0.0
4734,2920,88,3,12091.36,0.0
4735,2920,67,2,21572.02,0.0
4736,2921,64,3,43716.56,0.0
4737,2921,147,1,31001.46,0.15
4738,2922,199,1,7411.65,0.15
4739,2922,92,1,40516.93,0.1
4740,2923,67,3,21572.02,0.0
4741,2924,1,1,40696.64,0.1
4742,2924,44,3,30820.13,0.0
4743,2925,103,1,41454.92,0.15
4744,2926,156,2,15379.26,0.15
4745,2927,22,3,36885.18,0.1
4746,2928,50,1,25321.56,0.05
4747,2929,93,3,34455.75,0.0
4748,2930,88,3,12091.36,0.0
4749,2931,111,3,3742.68,0.1
4750,2932,113,3,27795.82,0.0
4751,2932,166,3,23654.57,0.1
4752,2933,141,3,17316.48,0.0
4753,2933,44,3,30820.13,0.1
4754,2934,78,3,22980.54,0.05
4755,2935,150,1,27289.27,0.0
4756,2936,41,3,7052.31,0.2
4757,2936,147,2,31001.46,0.2
4758,2937,29,2,30681.71,0.0
4759,2938,56,2,44872.49,0.15
4760,2938,132,3,30606.19,0.2
4761,2939,31,2,41690.09,0.05
4762,2940,40,1,25646.78,0.0
4763,2941,182,1,29776.4,0.15
4764,2941,8,2,43782.92,0.0
4765,2942,159,3,3070.84,0.1
4766,2943,112,3,14176.68,0.2
4767,2943,159,3,3070.84,0.15
4768,2944,160,2,23328.29,0.2
4769,2945,139,1,15424.8,0.15
4770,2946,154,1,36128.53,0.05
4771,2947,118,2,29041.54,0.2
4772,2947,172,1,17664.71,0.15
4773,2948,70,3,18353.81,0.2
4774,2949,81,1,23072.5,0.05
4775,2950,144,1,9261.62,0.0
4776,2950,168,1,2470.72,0.05
4777,2951,81,1,23072.5,0.05
4778,2952,104,3,31127.57,0.05
4779,2953,61,3,20943.29,0.1
4780,2953,75,3,40963.99,0.0
4781,2953,47,3,44066.13,0.05
4782,2954,186,3,8577.37,0.1
4783,2955,101,2,28858.95,0.0
4784,2956,200,1,20299.02,0.05
4785,2956,41,2,7052.31,0.05
4786,2957,194,1,50025.77,0.2
4787,2957,65,2,10714.5,0.15
4788,2957,41,1,7052.31,0.15
4789,2958,8,2,43782.92,0.05
4790,2959,188,3,43924.5,0.2
4791,2959,51,3,24437.01,0.15
4792,2960,110,2,28191.63,0.15
4793,2960,182,2,29776.4,0.0
4794,2961,180,1,21897.02,0.0
4795,2961,128,2,44820.77,0.1
4796,2961,125,1,6198.59,0.1
4797,2961,35,3,29269.09,0.0
4798,2962,56,3,44872.49,0.0
4799,2963,95,3,26129.21,0.2
4800,2963,19,3,13411.65,0.15
4801,2963,5,1,4803.48,0.1
4802,2964,36,2,39563.63,0.05
4803,2964,89,2,48825.23,0.1
4804,2965,17,2,30784.12,0.2
4805,2966,54,1,11768.03,0.15
4806,2966,152,2,2563.86,0.05
4807,2967,82,1,30777.11,0.05
4808,2967,180,3,21897.02,0.0
4809,2968,44,3,30820.13,0.05
4810,2968,131,2,30688.69,0.05
4811,2969,161,3,42411.41,0.15
4812,2969,43,3,51003.27,0.0
4813,2969,199,2,7411.65,0.0
4814,2969,118,2,29041.54,0.05
4815,2970,60,2,10418.46,0.05
4816,2970,91,1,19812.47,0.2
4817,2971,95,1,26129.21,0.0
4818,2971,149,1,5864.85,0.15
4819,2972,152,3,2563.86,0.0
4820,2972,48,3,18097.56,0.05
4821,2973,80,3,19270.14,0.15
4822,2974,89,2,48825.23,0.0
4823,2974,2,2,40309.91,0.15
4824,2975,186,3,8577.37,0.2
4825,2976,77,3,6283.7,0.2
4826,2976,145,3,12372.58,0.2
4827,2976,73,2,49942.04,0.05
4828,2977,117,3,36095.84,0.15
4829,2977,97,3,2156.33,0.15
4830,2978,19,1,13411.65,0.2
4831,2979,84,1,8374.62,0.2
4832,2979,149,2,5864.85,0.2
4833,2979,92,2,40516.93,0.1
4834,2980,44,1,30820.13,0.1
4835,2981,87,1,31914.35,0.05
4836,2981,26,3,5340.38,0.0
4837,2982,157,2,46646.8,0.1
4838,2982,18,1,5102.7,0.2
4839,2983,169,3,5915.86,0.1
4840,2984,192,3,28177.04,0.0
4841,2985,106,2,36075.95,0.1
4842,2986,173,1,26855.55,0.15
4843,2987,194,2,50025.77,0.2
4844,2988,86,3,8655.62,0.0
4845,2989,126,1,1621.66,0.15
4846,2990,37,1,29778.23,0.15
4847,2990,61,3,20943.29,0.15
4848,2990,67,3,21572.02,0.15
4849,2991,11,3,26704.67,0.05
4850,2991,182,1,29776.4,0.2
4851,2991,51,1,24437.01,0.05
4852,2992,113,1,27795.82,0.2
4853,2993,168,3,2470.72,0.05
4854,2993,186,2,8577.37,0.1
4855,2994,190,3,25334.25,0.1
4856,2994,175,1,23206.0,0.0
4857,2995,42,2,35391.16,0.1
4858,2996,109,2,36362.87,0.05
4859,2996,63,1,33772.34,0.0
4860,2996,194,2,50025.77,0.2
4861,2997,53,1,50251.89,0.0
4862,2997,62,3,10449.51,0.2
4863,2998,62,1,10449.51,0.15
4864,2999,86,2,8655.62,0.0
4865,2999,149,1,5864.85,0.05
4866,3000,137,3,13836.35,0.0
4867,3000,25,1,38481.68,0.15
4868,3001,96,3,14581.98,0.0
4869,3002,12,1,20855.6,0.2
4870,3002,34,1,1910.97,0.1
4871,3003,65,1,10714.5,0.2
4872,3004,12,1,20855.6,0.2
4873,3005,109,1,36362.87,0.15
4874,3006,121,2,28507.38,0.05
4875,3006,137,1,13836.35,0.0
4876,3007,156,3,15379.26,0.15
4877,3008,3,1,23359.03,0.0
4878,3008,54,2,11768.03,0.05
4879,3008,171,3,9250.53,0.1
4880,3009,66,3,47190.57,0.05
4881,3009,55,2,28833.78,0.1
4882,3010,12,2,20855.6,0.1
4883,3011,12,1,20855.6,0.1
4884,3012,1,1,40696.64,0.1
4885,3012,17,1,30784.12,0.05
4886,3013,87,2,31914.35,0.1
4887,3014,117,1,36095.84,0.0
4888,3014,147,3,31001.46,0.15
4889,3014,78,1,22980.54,0.05
4890,3015,153,2,42981.95,0.15
4891,3015,92,1,40516.93,0.0
4892,3016,200,1,20299.02,0.2
4893,3017,154,3,36128.53,0.2
4894,3017,195,3,24840.62,0.15
4895,3018,117,2,36095.84,0.15
4896,3018,126,3,1621.66,0.15
4897,3019,17,2,30784.12,0.15
4898,3019,56,3,44872.49,0.0
4899,3019,129,1,48499.86,0.05
4900,3020,22,3,36885.18,0.05
4901,3020,137,3,13836.35,0.15
4902,3021,42,2,35391.16,0.2
4903,3021,11,2,26704.67,0.05
4904,3022,93,1,34455.75,0.2
4905,3023,88,3,12091.36,0.2
4906,3024,131,1,30688.69,0.15
4907,3025,58,1,4945.79,0.2
4908,3025,72,3,19963.16,0.0
4909,3026,149,3,5864.85,0.15
4910,3027,187,1,24661.99,0.05
4911,3027,174,3,538.14,0.0
4912,3028,125,2,6198.59,0.2
4913,3029,50,3,25321.56,0.0
4914,3030,139,2,15424.8,0.05
4915,3030,164,3,42804.34,0.15
4916,3031,9,2,11984.47,0.1
4917,3031,93,3,34455.75,0.05
4918,3032,150,2,27289.27,0.0
4919,3032,47,3,44066.13,0.2
4920,3033,8,2,43782.92,0.05
4921,3034,108,2,50140.67,0.0
4922,3035,14,3,10524.66,0.15
4923,3036,20,1,27656.21,0.15
4924,3036,197,3,26851.86,0.1
4925,3036,91,1,19812.47,0.0
4926,3037,89,3,48825.23,0.1
4927,3037,92,3,40516.93,0.1
4928,3038,173,2,26855.55,0.1
4929,3038,82,1,30777.11,0.15
4930,3039,133,3,21014.51,0.15
4931,3039,182,2,29776.4,0.15
4932,3040,129,3,48499.86,0.2
4933,3040,135,1,6436.82,0.05
4934,3041,28,1,18136.06,0.15
4935,3041,196,1,6975.02,0.0
4936,3041,9,2,11984.47,0.0
4937,3041,190,3,25334.25,0.1
4938,3042,18,1,5102.7,0.05
4939,3043,28,3,18136.06,0.15
4940,3044,126,3,1621.66,0.0
4941,3045,72,3,19963.16,0.1
4942,3045,25,3,38481.68,0.15
4943,3045,6,2,21794.83,0.15
4944,3046,108,2,50140.67,0.1
4945,3047,111,1,3742.68,0.1
4946,3048,128,1,44820.77,0.1
4947,3049,107,1,16984.11,0.0
4948,3049,121,1,28507.38,0.0
4949,3050,120,1,22355.5,0.05
4950,3051,84,2,8374.62,0.0
4951,3052,169,1,5915.86,0.0
4952,3052,76,2,12285.91,0.05
4953,3053,97,3,2156.33,0.15
4954,3054,145,2,12372.58,0.1
4955,3054,158,3,17342.07,0.0
4956,3055,164,1,42804.34,0.1
4957,3055,199,1,7411.65,0.2
4958,3056,119,3,16619.7,0.2
4959,3056,114,3,41748.5,0.2
4960,3056,160,1,23328.29,0.1
4961,3056,153,2,42981.95,0.2
4962,3057,120,1,22355.5,0.1
4963,3058,32,1,42924.05,0.0
4964,3058,27,1,39548.82,0.2
4965,3058,175,2,23206.0,0.1
4966,3059,64,1,43716.56,0.1
4967,3060,177,1,4661.0,0.2
4968,3060,98,1,3308.53,0.05
4969,3060,96,2,14581.98,0.1
4970,3061,122,1,11268.33,0.05
4971,3061,15,2,38205.74,0.05
4972,3062,118,3,29041.54,0.05
4973,3062,70,2,18353.81,0.15
4974,3062,51,3,24437.01,0.15
4975,3063,177,2,4661.0,0.05
4976,3064,81,1,23072.5,0.05
4977,3065,19,2,13411.65,0.1
4978,3066,18,1,5102.7,0.2
4979,3067,7,1,30948.06,0.0
4980,3067,164,2,42804.34,0.0
4981,3068,64,3,43716.56,0.15
4982,3069,53,1,50251.89,0.1
4983,3069,14,1,10524.66,0.05
4984,3070,173,2,26855.55,0.1
4985,3071,109,2,36362.87,0.05
4986,3072,94,3,7289.85,0.1
4987,3072,52,3,15906.74,0.05
4988,3073,109,1,36362.87,0.0
4989,3074,28,2,18136.06,0.2
4990,3074,176,3,33751.54,0.2
4991,3075,189,1,24813.39,0.15
4992,3076,22,2,36885.18,0.1
4993,3076,137,2,13836.35,0.05
4994,3077,199,2,7411.65,0.2
4995,3078,103,3,41454.92,0.2
4996,3078,136,2,42539.86,0.0
4997,3078,33,3,12098.86,0.0
4998,3078,185,2,25661.22,0.2
4999,3079,169,1,5915.86,0.05
5000,3079,80,1,19270.14,0.05
5001,3080,143,2,33742.3,0.2
5002,3081,90,3,37188.84,0.0
5003,3082,172,3,17664.71,0.1
5004,3082,189,3,24813.39,0.05
5005,3083,8,2,43782.92,0.0
5006,3084,127,2,40465.67,0.2
5007,3084,81,1,23072.5,0.2
5008,3084,12,3,20855.6,0.15
5009,3085,93,2,34455.75,0.05
5010,3085,67,2,21572.02,0.05
5011,3086,180,2,21897.02,0.15
5012,3087,65,2,10714.5,0.1
5013,3088,68,1,10784.99,0.0
5014,3088,151,2,22108.82,0.15
5015,3089,14,1,10524.66,0.15
5016,3090,146,3,40286.57,0.2
5017,3091,100,2,15290.28,0.05
5018,3091,77,3,6283.7,0.15
5019,3091,140,2,30777.61,0.1
5020,3092,128,3,44820.77,0.05
5021,3092,119,3,16619.7,0.1
5022,3093,75,1,40963.99,0.2
5023,3093,168,1,2470.72,0.05
5024,3093,98,1,3308.53,0.0
5025,3094,66,1,47190.57,0.1
5026,3094,7,2,30948.06,0.1
5027,3094,120,3,22355.5,0.05
5028,3095,12,2,20855.6,0.0
5029,3095,24,3,29603.93,0.2
5030,3096,57,3,46927.83,0.1
5031,3096,37,2,29778.23,0.0
5032,3096,162,2,48984.46,0.2
5033,3097,35,2,29269.09,0.0
5034,3098,76,1,12285.91,0.15
5035,3098,52,1,15906.74,0.05
5036,3099,16,3,23743.03,0.05
5037,3100,178,3,2898.19,0.1
5038,3100,199,1,7411.65,0.2
5039,3101,136,2,42539.86,0.1
5040,3102,118,2,29041.54,0.05
5041,3102,143,3,33742.3,0.05
5042,3102,147,2,31001.46,0.0
5043,3103,128,2,44820.77,0.2
5044,3103,152,2,2563.86,0.1
5045,3104,79,3,18307.97,0.1
5046,3105,91,3,19812.47,0.2
5047,3105,117,1,36095.84,0.05
5048,3106,50,3,25321.56,0.0
5049,3107,74,3,29336.62,0.05
5050,3108,28,3,18136.06,0.05
5051,3109,38,3,45352.89,0.1
5052,3110,42,1,35391.16,0.15
5053,3110,55,3,28833.78,0.05
5054,3110,154,2,36128.53,0.15
5055,3111,105,2,17777.23,0.0
5056,3112,71,2,45760.82,0.15
5057,3112,11,2,26704.67,0.1
5058,3113,42,3,35391.16,0.15
5059,3114,21,1,17242.26,0.0
5060,3115,35,3,29269.09,0.05
5061,3116,155,1,3806.76,0.0
5062,3117,167,2,39773.19,0.1
5063,3118,44,3,30820.13,0.05
5064,3118,135,2,6436.82,0.15
5065,3119,70,1,18353.81,0.05
5066,3120,82,2,30777.11,0.05
5067,3120,179,1,36065.25,0.15
5068,3121,35,3,29269.09,0.15
5069,3122,56,3,44872.49,0.15
5070,3123,149,1,5864.85,0.1
5071,3123,48,1,18097.56,0.0
5072,3124,98,1,3308.53,0.15
5073,3125,43,1,51003.27,0.1
5074,3126,161,3,42411.41,0.1
5075,3127,179,3,36065.25,0.15
5076,3127,134,2,20156.16,0.05
5077,3127,99,2,34928.44,0.0
5078,3128,92,2,40516.93,0.05
5079,3129,7,2,30948.06,0.05
5080,3130,146,3,40286.57,0.05
5081,3131,117,1,36095.84,0.0
5082,3132,146,1,40286.57,0.15
5083,3132,93,3,34455.75,0.05
5084,3133,120,1,22355.5,0.0
5085,3133,116,1,8921.83,0.2
5086,3134,50,2,25321.56,0.0
5087,3135,133,1,21014.51,0.05
5088,3135,88,3,12091.36,0.15
5089,3136,96,3,14581.98,0.0
5090,3136,156,3,15379.26,0.05
5091,3137,184,1,22608.18,0.0
5092,3138,121,1,28507.38,0.0
5093,3138,39,3,11770.94,0.15
5094,3139,41,1,7052.31,0.2
5095,3140,193,2,12185.72,0.05
5096,3140,72,1,19963.16,0.2
5097,3141,180,1,21897.02,0.05
5098,3141,83,1,16031.85,0.05
5099,3141,146,1,40286.57,0.1
5100,3141,106,3,36075.95,0.2
5101,3142,119,2,16619.7,0.0
5102,3143,115,3,31652.31,0.0
5103,3144,51,1,24437.01,0.2
5104,3145,15,2,38205.74,0.0
5105,3146,73,2,49942.04,0.0
5106,3146,18,1,5102.7,0.1
5107,3146,120,1,22355.5,0.05
5108,3147,13,3,15039.84,0.2
5109,3147,114,2,41748.5,0.15
5110,3147,132,3,30606.19,0.1
5111,3148,125,2,6198.59,0.1
5112,3149,87,3,31914.35,0.1
5113,3149,2,3,40309.91,0.0
5114,3150,12,2,20855.6,0.2
5115,3151,113,1,27795.82,0.15
5116,3151,46,2,44085.92,0.2
5117,3152,101,1,28858.95,0.15
5118,3153,110,2,28191.63,0.0
5119,3154,32,2,42924.05,0.05
5120,3155,58,3,4945.79,0.2
5121,3156,170,2,10648.71,0.0
5122,3157,177,2,4661.0,0.05
5123,3157,67,1,21572.02,0.15
5124,3158,67,2,21572.02,0.2
5125,3158,170,1,10648.71,0.2
5126,3158,50,2,25321.56,0.0
5127,3159,184,2,22608.18,0.15
5128,3160,9,2,11984.47,0.2
5129,3161,144,2,9261.62,0.2
5130,3161,173,3,26855.55,0.1
5131,3161,178,3,2898.19,0.1
5132,3162,159,1,3070.84,0.0
5133,3163,166,2,23654.57,0.15
5134,3164,110,1,28191.63,0.2
5135,3164,75,2,40963.99,0.2
5136,3165,149,2,5864.85,0.2
5137,3166,82,2,30777.11,0.15
5138,3166,56,1,44872.49,0.0
5139,3167,72,1,19963.16,0.15
5140,3167,148,3,21684.4,0.1
5141,3167,55,2,28833.78,0.2
5142,3168,38,2,45352.89,0.05
5143,3169,113,2,27795.82,0.0
5144,3169,140,2,30777.61,0.0
5145,3169,4,2,41885.03,0.2
5146,3169,70,1,18353.81,0.15
5147,3170,131,2,30688.69,0.1
5148,3171,149,1,5864.85,0.15
5149,3172,151,1,22108.82,0.05
5150,3172,36,3,39563.63,0.05
5151,3172,194,2,50025.77,0.05
5152,3173,199,1,7411.65,0.1
5153,3173,128,2,44820.77,0.15
5154,3173,31,1,41690.09,0.0
5155,3174,64,1,43716.56,0.0
5156,3175,88,3,12091.36,0.2
5157,3175,118,3,29041.54,0.1
5158,3176,30,1,8833.65,0.05
5159,3176,95,3,26129.21,0.1
5160,3177,199,2,7411.65,0.15
5161,3178,149,3,5864.85,0.0
5162,3179,86,1,8655.62,0.15
5163,3179,126,3,1621.66,0.2
5164,3179,138,1,49356.42,0.05
5165,3180,69,1,9019.63,0.05
5166,3181,104,3,31127.57,0.05
5167,3181,87,1,31914.35,0.2
5168,3182,112,3,14176.68,0.2
5169,3183,174,3,538.14,0.15
5170,3184,113,2,27795.82,0.0
5171,3184,8,2,43782.92,0.0
5172,3184,189,1,24813.39,0.15
5173,3185,97,1,2156.33,0.1
5174,3186,64,1,43716.56,0.0
5175,3186,114,2,41748.5,0.2
5176,3187,170,2,10648.71,0.1
5177,3188,73,3,49942.04,0.15
5178,3188,51,1,24437.01,0.15
5179,3188,100,1,15290.28,0.2
5180,3189,118,1,29041.54,0.1
5181,3189,112,2,14176.68,0.15
5182,3189,48,2,18097.56,0.0
5183,3190,66,3,47190.57,0.15
5184,3190,96,2,14581.98,0.0
5185,3191,75,3,40963.99,0.15
5186,3192,71,1,45760.82,0.15
5187,3193,60,3,10418.46,0.0
5188,3194,186,3,8577.37,0.2
5189,3195,121,1,28507.38,0.15
5190,3196,67,3,21572.02,0.2
5191,3197,163,1,35870.08,0.05
5192,3198,57,3,46927.83,0.2
5193,3199,135,1,6436.82,0.1
5194,3199,41,3,7052.31,0.0
5195,3200,179,1,36065.25,0.05
5196,3201,36,1,39563.63,0.1
5197,3201,170,3,10648.71,0.1
5198,3201,179,3,36065.25,0.1
5199,3202,90,2,37188.84,0.0
5200,3202,108,2,50140.67,0.1
5201,3202,117,1,36095.84,0.15
5202,3203,98,1,3308.53,0.1
5203,3203,100,2,15290.28,0.15
5204,3204,60,3,10418.46,0.0
5205,3205,103,2,41454.92,0.1
5206,3205,176,2,33751.54,0.15
5207,3205,190,2,25334.25,0.15
5208,3206,103,2,41454.92,0.15
5209,3206,96,2,14581.98,0.15
5210,3207,124,3,11084.62,0.1
5211,3207,101,1,28858.95,0.0
5212,3207,12,3,20855.6,0.1
5213,3208,36,2,39563.63,0.1
5214,3208,151,2,22108.82,0.1
5215,3209,19,1,13411.65,0.1
5216,3209,126,3,1621.66,0.2
5217,3209,94,3,7289.85,0.2
5218,3210,35,3,29269.09,0.2
5219,3211,37,2,29778.23,0.1
5220,3212,71,1,45760.82,0.05
5221,3213,20,3,27656.21,0.2
5222,3214,11,2,26704.67,0.2
5223,3215,138,2,49356.42,0.05
5224,3216,111,2,3742.68,0.0
5225,3216,176,1,33751.54,0.15
5226,3217,36,2,39563.63,0.15
5227,3217,79,1,18307.97,0.2
5228,3218,42,1,35391.16,0.1
5229,3219,50,1,25321.56,0.2
5230,3220,146,1,40286.57,0.0
5231,3220,62,1,10449.51,0.0
5232,3221,131,1,30688.69,0.15
5233,3221,68,2,10784.99,0.1
5234,3221,172,3,17664.71,0.2
5235,3222,134,2,20156.16,0.1
5236,3223,179,2,36065.25,0.1
5237,3224,101,1,28858.95,0.1
5238,3225,50,2,25321.56,0.2
5239,3226,65,2,10714.5,0.15
5240,3227,134,2,20156.16,0.0
5241,3227,55,2,28833.78,0.2
5242,3228,52,2,15906.74,0.0
5243,3228,167,3,39773.19,0.05
5244,3228,129,2,48499.86,0.1
5245,3229,109,1,36362.87,0.05
5246,3229,159,3,3070.84,0.2
5247,3229,111,2,3742.68,0.2
5248,3230,65,1,10714.5,0.15
5249,3231,37,3,29778.23,0.15
5250,3231,84,1,8374.62,0.0
5251,3232,192,1,28177.04,0.15
5252,3232,150,1,27289.27,0.1
5253,3233,155,2,3806.76,0.15
5254,3233,79,3,18307.97,0.05
5255,3233,163,3,35870.08,0.05
5256,3234,176,3,33751.54,0.1
5257,3235,135,2,6436.82,0.0
5258,3236,152,2,2563.86,0.05
5259,3237,145,3,12372.58,0.2
5260,3238,13,1,15039.84,0.15
5261,3238,24,1,29603.93,0.2
5262,3238,2,1,40309.91,0.2
5263,3239,185,3,25661.22,0.05
5264,3240,49,3,26129.96,0.15
5265,3240,139,1,15424.8,0.0
5266,3241,32,3,42924.05,0.0
5267,3241,199,3,7411.65,0.0
5268,3241,94,3,7289.85,0.1
5269,3242,188,2,43924.5,0.1
5270,3242,98,2,3308.53,0.05
5271,3242,44,1,30820.13,0.0
5272,3243,87,2,31914.35,0.15
5273,3244,61,3,20943.29,0.05
5274,3245,91,2,19812.47,0.05
5275,3245,10,3,18200.22,0.05
5276,3245,134,2,20156.16,0.05
5277,3245,40,2,25646.78,0.05
5278,3246,24,1,29603.93,0.05
5279,3246,71,1,45760.82,0.15
5280,3247,153,3,42981.95,0.1
5281,3248,71,1,45760.82,0.0
5282,3249,73,3,49942.04,0.1
5283,3250,89,1,48825.23,0.15
5284,3251,4,3,41885.03,0.2
5285,3252,64,1,43716.56,0.2
5286,3253,150,3,27289.27,0.2
5287,3254,120,1,22355.5,0.1
5288,3254,7,2,30948.06,0.0
5289,3255,52,1,15906.74,0.0
5290,3256,4,1,41885.03,0.2
5291,3256,120,1,22355.5,0.05
5292,3256,124,3,11084.62,0.1
5293,3257,62,2,10449.51,0.15
5294,3257,34,3,1910.97,0.05
5295,3258,91,2,19812.47,0.1
5296,3259,17,2,30784.12,0.05
5297,3260,122,1,11268.33,0.1
5298,3261,143,1,33742.3,0.1
5299,3262,25,1,38481.68,0.15
5300,3263,28,2,18136.06,0.05
5301,3264,198,3,26983.92,0.05
5302,3264,148,3,21684.4,0.1
5303,3265,182,1,29776.4,0.05
5304,3266,89,1,48825.23,0.05
5305,3266,16,2,23743.03,0.05
5306,3266,165,3,36704.4,0.05
5307,3267,112,2,14176.68,0.2
5308,3267,41,3,7052.31,0.2
5309,3268,165,2,36704.4,0.15
5310,3268,85,2,23127.94,0.05
5311,3268,130,1,27639.1,0.2
5312,3268,47,1,44066.13,0.05
5313,3269,155,1,3806.76,0.15
5314,3269,12,1,20855.6,0.2
5315,3270,114,2,41748.5,0.2
5316,3271,179,2,36065.25,0.1
5317,3272,23,2,26378.92,0.05
5318,3273,190,1,25334.25,0.15
5319,3274,48,3,18097.56,0.15
5320,3274,46,3,44085.92,0.1
5321,3274,9,3,11984.47,0.0
5322,3275,184,2,22608.18,0.1
5323,3276,65,1,10714.5,0.15
5324,3277,65,1,10714.5,0.05
5325,3278,145,3,12372.58,0.0
5326,3278,108,2,50140.67,0.05
5327,3279,195,3,24840.62,0.0
5328,3280,119,1,16619.7,0.05
5329,3280,162,2,48984.46,0.15
5330,3281,62,1,10449.51,0.15
5331,3281,82,3,30777.11,0.0
5332,3282,130,3,27639.1,0.1
5333,3282,115,3,31652.31,0.15
5334,3283,155,1,3806.76,0.05
5335,3284,96,1,14581.98,0.0
5336,3285,151,1,22108.82,0.0
5337,3286,55,1,28833.78,0.1
5338,3286,163,3,35870.08,0.15
5339,3287,122,2,11268.33,0.1
5340,3287,115,2,31652.31,0.1
5341,3288,31,1,41690.09,0.2
5342,3288,123,3,42594.36,0.1
5343,3289,168,2,2470.72,0.1
5344,3289,8,2,43782.92,0.05
5345,3289,62,1,10449.51,0.05
5346,3290,97,3,2156.33,0.15
5347,3290,91,3,19812.47,0.1
5348,3291,198,2,26983.92,0.15
5349,3291,17,3,30784.12,0.05
5350,3291,86,2,8655.62,0.0
5351,3292,127,1,40465.67,0.1
5352,3293,194,1,50025.77,0.15
5353,3293,18,2,5102.7,0.2
5354,3293,132,3,30606.19,0.15
5355,3293,94,2,7289.85,0.2
5356,3294,149,2,5864.85,0.1
5357,3295,4,3,41885.03,0.05
5358,3295,11,3,26704.67,0.05
5359,3296,81,1,23072.5,0.05
5360,3297,102,2,1008.25,0.2
5361,3297,189,2,24813.39,0.05
5362,3298,145,1,12372.58,0.05
5363,3299,33,2,12098.86,0.1
5364,3299,84,2,8374.62,0.15
5365,3299,24,3,29603.93,0.1
5366,3299,188,3,43924.5,0.05
5367,3300,34,1,1910.97,0.15
5368,3301,12,2,20855.6,0.0
5369,3302,110,2,28191.63,0.05
5370,3303,159,2,3070.84,0.0
5371,3304,57,2,46927.83,0.05
5372,3305,144,1,9261.62,0.0
5373,3306,200,1,20299.02,0.1
5374,3307,39,3,11770.94,0.05
5375,3307,80,3,19270.14,0.05
5376,3308,164,2,42804.34,0.0
5377,3309,173,3,26855.55,0.1
5378,3310,35,2,29269.09,0.0
5379,3310,143,2,33742.3,0.15
5380,3311,171,2,9250.53,0.05
5381,3311,152,3,2563.86,0.0
5382,3312,120,3,22355.5,0.1
5383,3312,138,2,49356.42,0.15
5384,3312,55,2,28833.78,0.2
5385,3313,113,3,27795.82,0.05
5386,3314,103,2,41454.92,0.15
5387,3315,80,3,19270.14,0.2
5388,3316,176,1,33751.54,0.2
5389,3317,54,2,11768.03,0.2
5390,3317,133,1,21014.51,0.1
5391,3318,5,2,4803.48,0.2
5392,3318,136,1,42539.86,0.1
5393,3318,84,3,8374.62,0.15
5394,3319,123,1,42594.36,0.15
5395,3320,193,1,12185.72,0.05
5396,3321,200,2,20299.02,0.15
5397,3321,37,3,29778.23,0.05
5398,3322,162,2,48984.46,0.15
5399,3323,184,1,22608.18,0.15
5400,3323,156,1,15379.26,0.1
5401,3323,183,2,15207.74,0.05
5402,3324,173,3,26855.55,0.05
5403,3325,65,2,10714.5,0.15
5404,3326,12,2,20855.6,0.0
5405,3327,77,3,6283.7,0.15
5406,3327,154,1,36128.53,0.2
5407,3327,187,1,24661.99,0.15
5408,3328,102,3,1008.25,0.15
5409,3328,44,3,30820.13,0.2
5410,3328,129,3,48499.86,0.2
5411,3329,158,2,17342.07,0.2
5412,3329,44,2,30820.13,0.0
5413,3329,70,1,18353.81,0.2
5414,3330,134,2,20156.16,0.2
5415,3331,107,1,16984.11,0.1
5416,3331,23,2,26378.92,0.0
5417,3332,139,3,15424.8,0.05
5418,3332,59,1,34215.94,0.2
5419,3332,179,1,36065.25,0.2
5420,3333,102,3,1008.25,0.05
5421,3334,108,3,50140.67,0.0
5422,3335,166,2,23654.57,0.15
5423,3335,53,3,50251.89,0.05
5424,3336,157,1,46646.8,0.0
5425,3336,142,3,19228.31,0.05
5426,3337,8,1,43782.92,0.15
5427,3338,129,2,48499.86,0.05
5428,3339,161,1,42411.41,0.05
5429,3340,94,1,7289.85,0.0
5430,3340,39,1,11770.94,0.05
5431,3341,102,3,1008.25,0.05
5432,3341,164,3,42804.34,0.0
5433,3342,2,3,40309.91,0.2
5434,3343,43,2,51003.27,0.0
5435,3344,32,3,42924.05,0.2
5436,3345,124,1,11084.62,0.05
5437,3345,48,3,18097.56,0.1
5438,3345,9,3,11984.47,0.0
5439,3346,63,2,33772.34,0.15
5440,3346,26,3,5340.38,0.1
5441,3346,170,2,10648.71,0.2
5442,3347,4,3,41885.03,0.0
5443,3347,2,3,40309.91,0.0
5444,3348,164,3,42804.34,0.0
5445,3348,193,2,12185.72,0.15
5446,3349,55,2,28833.78,0.1
5447,3349,194,3,50025.77,0.05
5448,3349,45,2,26285.18,0.05
5449,3350,131,2,30688.69,0.0
5450,3350,200,2,20299.02,0.0
5451,3351,185,2,25661.22,0.1
5452,3352,30,1,8833.65,0.15
5453,3353,15,2,38205.74,0.0
5454,3353,184,1,22608.18,0.15
5455,3353,177,1,4661.0,0.2
5456,3353,142,1,19228.31,0.0
5457,3354,14,3,10524.66,0.05
5458,3354,12,3,20855.6,0.2
5459,3355,140,3,30777.61,0.05
5460,3356,183,3,15207.74,0.0
5461,3357,53,1,50251.89,0.0
5462,3358,175,1,23206.0,0.0
5463,3359,154,3,36128.53,0.05
5464,3360,179,1,36065.25,0.2
5465,3361,175,3,23206.0,0.1
5466,3362,116,2,8921.83,0.05
5467,3363,168,1,2470.72,0.05
5468,3364,29,1,30681.71,0.15
5469,3365,89,3,48825.23,0.1
5470,3366,191,1,25668.57,0.05
5471,3367,127,1,40465.67,0.0
5472,3367,174,2,538.14,0.15
5473,3367,7,3,30948.06,0.0
5474,3368,111,2,3742.68,0.2
5475,3369,35,3,29269.09,0.0
5476,3370,25,2,38481.68,0.05
5477,3371,66,1,47190.57,0.15
5478,3372,200,1,20299.02,0.05
5479,3373,158,3,17342.07,0.1
5480,3374,176,2,33751.54,0.05
5481,3375,6,3,21794.83,0.0
5482,3375,73,2,49942.04,0.05
5483,3376,134,2,20156.16,0.0
5484,3377,88,1,12091.36,0.15
5485,3378,82,1,30777.11,0.2
5486,3379,82,1,30777.11,0.2
5487,3380,126,2,1621.66,0.0
5488,3381,128,3,44820.77,0.1
5489,3382,157,2,46646.8,0.0
5490,3383,144,3,9261.62,0.05
5491,3383,168,1,2470.72,0.15
5492,3384,169,2,5915.86,0.0
5493,3385,131,1,30688.69,0.1
5494,3386,2,1,40309.91,0.15
5495,3387,114,3,41748.5,0.2
5496,3387,43,2,51003.27,0.05
5497,3387,117,3,36095.84,0.05
5498,3388,145,1,12372.58,0.0
5499,3389,141,1,17316.48,0.0
5500,3389,61,2,20943.29,0.0
5501,3390,41,1,7052.31,0.05
5502,3391,110,1,28191.63,0.15
5503,3392,19,3,13411.65,0.2
5504,3393,8,1,43782.92,0.1
5505,3394,81,1,23072.5,0.0
5506,3395,164,2,42804.34,0.15
5507,3395,183,1,15207.74,0.0
5508,3396,172,2,17664.71,0.1
5509,3397,113,3,27795.82,0.15
5510,3398,143,3,33742.3,0.0
5511,3398,104,1,31127.57,0.1
5512,3398,50,1,25321.56,0.15
5513,3399,155,2,3806.76,0.1
5514,3399,7,3,30948.06,0.0
5515,3400,139,1,15424.8,0.2
5516,3400,169,1,5915.86,0.0
5517,3400,134,1,20156.16,0.1
5518,3401,86,2,8655.62,0.15
5519,3401,179,3,36065.25,0.15
5520,3402,107,1,16984.11,0.2
5521,3403,34,2,1910.97,0.0
5522,3403,69,1,9019.63,0.15
5523,3403,145,1,12372.58,0.2
5524,3404,25,2,38481.68,0.15
5525,3405,20,2,27656.21,0.15
5526,3406,11,1,26704.67,0.05
5527,3406,34,3,1910.97,0.0
5528,3407,90,1,37188.84,0.1
5529,3408,42,2,35391.16,0.15
5530,3409,83,3,16031.85,0.05
5531,3409,49,1,26129.96,0.2
5532,3410,163,3,35870.08,0.05
5533,3410,151,3,22108.82,0.1
5534,3410,165,3,36704.4,0.2
5535,3411,61,3,20943.29,0.2
5536,3411,93,2,34455.75,0.05
5537,3412,44,1,30820.13,0.1
5538,3412,159,3,3070.84,0.15
5539,3412,156,3,15379.26,0.0
5540,3412,49,1,26129.96,0.1
5541,3413,157,1,46646.8,0.2
5542,3414,171,2,9250.53,0.05
5543,3415,136,2,42539.86,0.1
5544,3415,79,3,18307.97,0.1
5545,3416,174,2,538.14,0.05
5546,3417,60,3,10418.46,0.15
5547,3417,82,3,30777.11,0.1
5548,3418,62,3,10449.51,0.0
5549,3419,142,3,19228.31,0.15
5550,3419,107,2,16984.11,0.05
5551,3420,40,1,25646.78,0.1
5552,3420,122,1,11268.33,0.05
5553,3421,1,1,40696.64,0.0
5554,3421,100,1,15290.28,0.15
5555,3421,162,2,48984.46,0.05
5556,3422,200,1,20299.02,0.0
5557,3423,35,1,29269.09,0.1
5558,3424,51,2,24437.01,0.1
5559,3425,107,1,16984.11,0.15
5560,3426,136,3,42539.86,0.15
5561,3427,56,1,44872.49,0.1
5562,3428,73,2,49942.04,0.1
5563,3429,184,1,22608.18,0.1
5564,3430,75,1,40963.99,0.0
5565,3431,120,2,22355.5,0.1
5566,3432,68,2,10784.99,0.15
5567,3432,76,3,12285.91,0.1
5568,3432,146,1,40286.57,0.0
5569,3433,137,2,13836.35,0.05
5570,3433,184,3,22608.18,0.1
5571,3434,130,1,27639.1,0.1
5572,3435,160,1,23328.29,0.0
5573,3436,105,3,17777.23,0.2
5574,3436,70,1,18353.81,0.1
5575,3436,193,3,12185.72,0.15
5576,3436,126,2,1621.66,0.05
5577,3437,129,1,48499.86,0.1
5578,3437,114,2,41748.5,0.05
5579,3438,167,3,39773.19,0.2
5580,3439,127,2,40465.67,0.2
5581,3440,93,1,34455.75,0.0
5582,3440,62,2,10449.51,0.1
5583,3441,67,3,21572.02,0.0
5584,3441,95,3,26129.21,0.05
5585,3442,123,3,42594.36,0.05
5586,3442,146,1,40286.57,0.1
5587,3442,46,2,44085.92,0.2
5588,3443,84,3,8374.62,0.05
5589,3444,7,1,30948.06,0.1
5590,3444,186,2,8577.37,0.1
5591,3444,129,1,48499.86,0.15
5592,3444,24,3,29603.93,0.15
5593,3445,79,1,18307.97,0.0
5594,3445,53,2,50251.89,0.15
5595,3445,191,1,25668.57,0.15
5596,3446,191,3,25668.57,0.15
5597,3447,7,2,30948.06,0.2
5598,3448,63,2,33772.34,0.1
5599,3448,192,3,28177.04,0.0
5600,3449,38,2,45352.89,0.2
5601,3449,17,3,30784.12,0.0
5602,3449,133,2,21014.51,0.1
5603,3450,20,2,27656.21,0.15
5604,3451,149,1,5864.85,0.0
5605,3452,43,2,51003.27,0.0
5606,3453,49,1,26129.96,0.15
5607,3454,66,1,47190.57,0.05
5608,3455,124,3,11084.62,0.2
5609,3455,43,2,51003.27,0.2
5610,3455,143,1,33742.3,0.05
5611,3456,45,1,26285.18,0.2
5612,3457,21,2,17242.26,0.2
5613,3458,37,2,29778.23,0.0
5614,3459,159,2,3070.84,0.2
5615,3459,102,3,1008.25,0.15
5616,3459,196,3,6975.02,0.1
5617,3460,16,3,23743.03,0.0
5618,3461,72,2,19963.16,0.05
5619,3462,4,3,41885.03,0.15
5620,3463,126,1,1621.66,0.05
5621,3464,137,1,13836.35,0.1
5622,3464,109,3,36362.87,0.1
5623,3465,181,2,40139.53,0.2
5624,3466,154,2,36128.53,0.1
5625,3466,70,3,18353.81,0.15
5626,3467,55,2,28833.78,0.2
5627,3467,193,3,12185.72,0.05
5628,3468,8,2,43782.92,0.15
5629,3468,88,2,12091.36,0.2
5630,3469,154,3,36128.53,0.2
5631,3470,54,2,11768.03,0.15
5632,3470,100,1,15290.28,0.15
5633,3471,161,1,42411.41,0.0
5634,3472,56,3,44872.49,0.1
5635,3473,138,2,49356.42,0.0
5636,3473,27,2,39548.82,0.05
5637,3474,61,2,20943.29,0.0
5638,3474,88,1,12091.36,0.2
5639,3475,142,3,19228.31,0.15
5640,3476,99,3,34928.44,0.0
5641,3476,109,3,36362.87,0.15
5642,3477,79,3,18307.97,0.15
5643,3478,101,2,28858.95,0.0
5644,3478,5,1,4803.48,0.0
5645,3478,125,1,6198.59,0.0
5646,3479,34,2,1910.97,0.05
5647,3480,98,3,3308.53,0.1
5648,3480,80,1,19270.14,0.2
5649,3481,34,2,1910.97,0.1
5650,3482,16,2,23743.03,0.2
5651,3482,129,3,48499.86,0.05
5652,3483,96,1,14581.98,0.1
5653,3484,71,3,45760.82,0.05
5654,3485,117,3,36095.84,0.2
5655,3486,115,3,31652.31,0.15
5656,3487,93,2,34455.75,0.05
5657,3487,199,2,7411.65,0.1
5658,3487,83,3,16031.85,0.1
5659,3488,192,2,28177.04,0.0
5660,3488,40,1,25646.78,0.05
5661,3489,191,2,25668.57,0.15
5662,3489,142,3,19228.31,0.0
5663,3489,75,1,40963.99,0.15
5664,3490,198,1,26983.92,0.15
5665,3490,44,3,30820.13,0.05
5666,3491,145,2,12372.58,0.1
5667,3491,176,1,33751.54,0.05
5668,3492,102,2,1008.25,0.2
5669,3492,128,3,44820.77,0.2
5670,3493,16,1,23743.03,0.2
5671,3494,10,2,18200.22,0.0
5672,3495,68,1,10784.99,0.1
5673,3496,22,2,36885.18,0.05
5674,3496,33,2,12098.86,0.2
5675,3497,121,1,28507.38,0.2
5676,3497,82,2,30777.11,0.0
5677,3498,52,3,15906.74,0.15
5678,3498,173,2,26855.55,0.05
5679,3499,158,2,17342.07,0.15
5680,3500,34,3,1910.97,0.15
5681,3501,6,1,21794.83,0.2
5682,3501,70,2,18353.81,0.05
5683,3502,63,1,33772.34,0.1
5684,3503,20,3,27656.21,0.15
5685,3503,18,3,5102.7,0.15
5686,3503,135,1,6436.82,0.15
5687,3504,46,3,44085.92,0.15
5688,3505,155,1,3806.76,0.2
5689,3505,49,1,26129.96,0.1
5690,3505,169,1,5915.86,0.2
5691,3506,22,2,36885.18,0.0
5692,3507,52,1,15906.74,0.2
5693,3507,189,2,24813.39,0.1
5694,3507,174,2,538.14,0.0
5695,3507,60,3,10418.46,0.1
5696,3508,168,2,2470.72,0.0
5697,3509,174,3,538.14,0.2
5698,3509,5,1,4803.48,0.0
5699,3510,142,3,19228.31,0.0
5700,3511,176,1,33751.54,0.2
5701,3511,18,1,5102.7,0.15
5702,3512,186,2,8577.37,0.15
5703,3513,119,2,16619.7,0.1
5704,3513,117,2,36095.84,0.15
5705,3513,62,2,10449.51,0.1
5706,3514,85,3,23127.94,0.0
5707,3515,130,1,27639.1,0.2
5708,3516,179,2,36065.25,0.05
5709,3517,190,3,25334.25,0.0
5710,3518,13,1,15039.84,0.15
5711,3519,147,2,31001.46,0.05
5712,3519,81,1,23072.5,0.0
5713,3520,188,1,43924.5,0.05
5714,3521,49,1,26129.96,0.05
5715,3521,168,2,2470.72,0.0
5716,3522,168,3,2470.72,0.1
5717,3523,8,2,43782.92,0.0
5718,3524,65,1,10714.5,0.15
5719,3525,109,1,36362.87,0.15
5720,3526,184,1,22608.18,0.1
5721,3527,32,2,42924.05,0.1
5722,3527,192,3,28177.04,0.15
5723,3528,28,2,18136.06,0.1
5724,3529,63,2,33772.34,0.05
5725,3529,189,2,24813.39,0.2
5726,3530,14,1,10524.66,0.2
5727,3531,112,3,14176.68,0.1
5728,3532,44,1,30820.13,0.0
5729,3532,89,1,48825.23,0.05
5730,3533,199,3,7411.65,0.2
5731,3533,93,1,34455.75,0.15
5732,3534,29,1,30681.71,0.1
5733,3535,138,2,49356.42,0.2
5734,3536,144,3,9261.62,0.2
5735,3536,155,2,3806.76,0.2
5736,3536,22,2,36885.18,0.0
5737,3536,152,2,2563.86,0.1
5738,3537,18,3,5102.7,0.2
5739,3537,192,2,28177.04,0.1
5740,3538,101,2,28858.95,0.1
5741,3538,169,2,5915.86,0.1
5742,3539,37,3,29778.23,0.0
5743,3539,61,1,20943.29,0.1
5744,3540,95,1,26129.21,0.1
5745,3541,189,2,24813.39,0.2
5746,3541,135,2,6436.82,0.1
5747,3541,97,2,2156.33,0.15
5748,3542,18,2,5102.7,0.15
5749,3542,129,3,48499.86,0.1
5750,3542,151,1,22108.82,0.0
5751,3543,78,1,22980.54,0.2
5752,3543,97,3,2156.33,0.05
5753,3543,116,2,8921.83,0.15
5754,3544,165,2,36704.4,0.0
5755,3545,129,1,48499.86,0.0
5756,3545,179,3,36065.25,0.1
5757,3546,119,3,16619.7,0.0
5758,3546,124,3,11084.62,0.15
5759,3547,180,2,21897.02,0.0
5760,3548,28,1,18136.06,0.05
5761,3548,106,3,36075.95,0.1
5762,3549,125,3,6198.59,0.2
5763,3550,176,3,33751.54,0.0
5764,3551,69,2,9019.63,0.15
5765,3552,46,2,44085.92,0.1
5766,3553,46,3,44085.92,0.2
5767,3554,171,1,9250.53,0.2
5768,3554,52,2,15906.74,0.15
5769,3555,129,1,48499.86,0.1
5770,3555,87,3,31914.35,0.0
5771,3556,101,3,28858.95,0.2
5772,3557,92,3,40516.93,0.15
5773,3558,84,2,8374.62,0.15
5774,3559,21,2,17242.26,0.2
5775,3559,108,3,50140.67,0.1
5776,3560,145,1,12372.58,0.15
5777,3560,62,2,10449.51,0.15
5778,3560,108,3,50140.67,0.0
5779,3560,192,2,28177.04,0.2
5780,3561,81,2,23072.5,0.0
5781,3561,31,1,41690.09,0.05
5782,3561,179,1,36065.25,0.2
5783,3562,49,1,26129.96,0.05
5784,3563,96,1,14581.98,0.2
5785,3564,102,3,1008.25,0.15
5786,3565,33,1,12098.86,0.05
5787,3566,110,2,28191.63,0.1
5788,3566,146,3,40286.57,0.15
5789,3567,142,3,19228.31,0.15
5790,3567,78,3,22980.54,0.2
5791,3568,105,1,17777.23,0.0
5792,3568,190,3,25334.25,0.15
5793,3569,15,2,38205.74,0.0
5794,3569,89,2,48825.23,0.05
5795,3569,42,2,35391.16,0.2
5796,3570,47,3,44066.13,0.0
5797,3570,196,2,6975.02,0.1
5798,3570,89,1,48825.23,0.05
5799,3571,31,1,41690.09,0.15
5800,3572,151,3,22108.82,0.0
5801,3573,100,1,15290.28,0.0
5802,3574,24,3,29603.93,0.15
5803,3574,147,1,31001.46,0.15
5804,3575,167,3,39773.19,0.1
5805,3575,5,1,4803.48,0.15
5806,3575,135,1,6436.82,0.15
5807,3575,93,1,34455.75,0.05
5808,3576,106,1,36075.95,0.1
5809,3577,53,3,50251.89,0.1
5810,3578,96,2,14581.98,0.2
5811,3579,43,3,51003.27,0.2
5812,3579,197,2,26851.86,0.0
5813,3580,77,1,6283.7,0.0
5814,3581,191,1,25668.57,0.15
5815,3582,56,1,44872.49,0.1
5816,3583,45,2,26285.18,0.1
5817,3583,182,3,29776.4,0.15
5818,3584,84,1,8374.62,0.05
5819,3585,106,1,36075.95,0.2
5820,3585,21,3,17242.26,0.05
5821,3586,63,3,33772.34,0.0
5822,3587,110,3,28191.63,0.2
5823,3587,173,2,26855.55,0.2
5824,3588,106,3,36075.95,0.0
5825,3588,36,3,39563.63,0.1
5826,3589,167,3,39773.19,0.0
5827,3590,25,1,38481.68,0.2
5828,3590,168,1,2470.72,0.15
5829,3591,155,1,3806.76,0.05
5830,3592,109,2,36362.87,0.05
5831,3592,99,2,34928.44,0.2
5832,3593,45,3,26285.18,0.0
5833,3594,41,2,7052.31,0.2
5834,3594,107,3,16984.11,0.1
5835,3595,50,1,25321.56,0.15
5836,3596,184,3,22608.18,0.2
5837,3596,45,2,26285.18,0.0
5838,3597,126,1,1621.66,0.1
5839,3597,93,3,34455.75,0.05
5840,3598,28,1,18136.06,0.05
5841,3598,169,3,5915.86,0.1
5842,3599,33,2,12098.86,0.1
5843,3599,177,2,4661.0,0.15
5844,3600,150,2,27289.27,0.0
5845,3600,162,3,48984.46,0.05
5846,3601,104,3,31127.57,0.15
5847,3602,117,1,36095.84,0.15
5848,3602,18,2,5102.7,0.05
5849,3603,160,2,23328.29,0.2
5850,3604,129,1,48499.86,0.2
5851,3604,92,3,40516.93,0.05
5852,3605,44,1,30820.13,0.0
5853,3606,71,3,45760.82,0.15
5854,3607,106,2,36075.95,0.2
5855,3608,103,3,41454.92,0.0
5856,3609,91,2,19812.47,0.15
5857,3610,36,1,39563.63,0.05
5858,3610,131,3,30688.69,0.15
5859,3611,146,3,40286.57,0.1
5860,3612,182,3,29776.4,0.0
5861,3612,145,1,12372.58,0.2
5862,3613,68,3,10784.99,0.1
5863,3614,191,2,25668.57,0.1
5864,3615,105,2,17777.23,0.0
5865,3616,61,3,20943.29,0.15
5866,3616,139,2,15424.8,0.1
5867,3617,189,1,24813.39,0.2
5868,3618,179,2,36065.25,0.15
5869,3618,95,3,26129.21,0.15
5870,3618,153,3,42981.95,0.05
5871,3619,54,3,11768.03,0.1
5872,3620,194,2,50025.77,0.0
5873,3620,152,1,2563.86,0.2
5874,3620,49,2,26129.96,0.0
5875,3621,118,1,29041.54,0.15
5876,3622,144,2,9261.62,0.05
5877,3623,181,3,40139.53,0.15
5878,3624,113,1,27795.82,0.0
5879,3625,8,3,43782.92,0.05
5880,3625,58,3,4945.79,0.2
5881,3626,18,1,5102.7,0.0
5882,3627,148,2,21684.4,0.15
5883,3627,159,2,3070.84,0.15
5884,3628,114,3,41748.5,0.15
5885,3628,42,1,35391.16,0.1
5886,3628,5,2,4803.48,0.2
5887,3628,52,1,15906.74,0.15
5888,3629,124,1,11084.62,0.15
5889,3630,149,3,5864.85,0.0
5890,3630,162,2,48984.46,0.15
5891,3631,84,2,8374.62,0.05
5892,3631,126,3,1621.66,0.15
5893,3632,9,2,11984.47,0.1
5894,3633,116,1,8921.83,0.2
5895,3634,101,2,28858.95,0.2
5896,3635,191,2,25668.57,0.1
5897,3636,141,3,17316.48,0.05
5898,3636,168,3,2470.72,0.0
5899,3636,137,2,13836.35,0.2
5900,3636,127,3,40465.67,0.15
5901,3637,15,1,38205.74,0.1
5902,3638,25,1,38481.68,0.2
5903,3639,109,1,36362.87,0.1
5904,3639,108,2,50140.67,0.15
5905,3640,13,1,15039.84,0.2
5906,3640,176,2,33751.54,0.2
5907,3641,4,1,41885.03,0.1
5908,3642,81,3,23072.5,0.15
5909,3643,4,1,41885.03,0.0
5910,3643,11,3,26704.67,0.0
5911,3644,9,3,11984.47,0.2
5912,3644,116,2,8921.83,0.1
5913,3644,54,2,11768.03,0.15
5914,3645,182,2,29776.4,0.15
5915,3645,60,2,10418.46,0.05
5916,3645,162,2,48984.46,0.2
5917,3646,147,3,31001.46,0.0
5918,3647,71,1,45760.82,0.0
5919,3647,27,3,39548.82,0.2
5920,3648,148,2,21684.4,0.15
5921,3649,57,1,46927.83,0.0
5922,3650,4,2,41885.03,0.1
5923,3651,170,3,10648.71,0.1
5924,3652,182,2,29776.4,0.0
5925,3652,45,1,26285.18,0.0
5926,3653,150,1,27289.27,0.1
5927,3653,168,3,2470.72,0.1
5928,3653,11,3,26704.67,0.0
5929,3654,43,3,51003.27,0.1
5930,3654,170,1,10648.71,0.05
5931,3655,115,3,31652.31,0.2
5932,3656,151,3,22108.82,0.05
5933,3656,10,1,18200.22,0.05
5934,3657,182,3,29776.4,0.15
5935,3657,115,2,31652.31,0.15
5936,3658,10,1,18200.22,0.2
5937,3658,162,3,48984.46,0.1
5938,3658,100,1,15290.28,0.05
5939,3659,80,3,19270.14,0.05
5940,3659,5,3,4803.48,0.2
5941,3660,121,1,28507.38,0.2
5942,3660,141,2,17316.48,0.1
5943,3661,180,3,21897.02,0.05
5944,3662,26,3,5340.38,0.05
5945,3663,42,3,35391.16,0.2
5946,3664,163,3,35870.08,0.15
5947,3664,160,3,23328.29,0.0
5948,3665,193,2,12185.72,0.05
5949,3666,2,2,40309.91,0.0
5950,3667,80,3,19270.14,0.0
5951,3668,31,1,41690.09,0.0
5952,3668,57,1,46927.83,0.15
5953,3669,15,2,38205.74,0.15
5954,3670,104,2,31127.57,0.0
5955,3670,116,3,8921.83,0.05
5956,3671,171,1,9250.53,0.0
5957,3671,144,1,9261.62,0.0
5958,3671,142,1,19228.31,0.2
5959,3671,156,2,15379.26,0.1
5960,3672,70,2,18353.81,0.2
5961,3672,9,3,11984.47,0.05
5962,3673,4,1,41885.03,0.15
5963,3674,113,2,27795.82,0.2
5964,3675,153,3,42981.95,0.05
5965,3676,153,2,42981.95,0.05
5966,3677,88,2,12091.36,0.0
5967,3678,104,2,31127.57,0.2
5968,3679,123,3,42594.36,0.1
5969,3679,67,1,21572.02,0.1
5970,3680,116,2,8921.83,0.05
5971,3681,185,2,25661.22,0.1
5972,3682,133,1,21014.51,0.1
5973,3682,137,1,13836.35,0.15
5974,3683,155,1,3806.76,0.0
5975,3683,147,3,31001.46,0.1
5976,3684,196,2,6975.02,0.15
5977,3684,27,2,39548.82,0.05
5978,3684,29,1,30681.71,0.2
5979,3685,20,2,27656.21,0.1
5980,3685,82,3,30777.11,0.15
5981,3685,118,2,29041.54,0.0
5982,3686,16,2,23743.03,0.2
5983,3686,170,1,10648.71,0.2
5984,3687,130,3,27639.1,0.05
5985,3688,150,2,27289.27,0.0
5986,3688,58,1,4945.79,0.15
5987,3688,67,2,21572.02,0.2
5988,3688,112,2,14176.68,0.0
5989,3689,161,2,42411.41,0.1
5990,3690,177,1,4661.0,0.05
5991,3691,148,1,21684.4,0.1
5992,3691,39,3,11770.94,0.1
5993,3692,197,2,26851.86,0.15
5994,3693,20,2,27656.21,0.1
5995,3694,136,1,42539.86,0.15
5996,3694,164,1,42804.34,0.2
5997,3695,164,1,42804.34,0.05
5998,3696,174,2,538.14,0.0
5999,3696,190,2,25334.25,0.0
6000,3696,38,3,45352.89,0.2
6001,3697,100,1,15290.28,0.2
6002,3697,198,3,26983.92,0.15
6003,3698,119,2,16619.7,0.15
6004,3698,189,2,24813.39,0.05
6005,3699,56,1,44872.49,0.05
6006,3699,162,3,48984.46,0.2
6007,3699,121,2,28507.38,0.1
6008,3700,194,2,50025.77,0.05
6009,3701,25,3,38481.68,0.05
6010,3702,157,3,46646.8,0.2
6011,3702,40,2,25646.78,0.0
6012,3702,46,3,44085.92,0.05
6013,3703,180,3,21897.02,0.0
6014,3703,58,2,4945.79,0.05
6015,3703,36,2,39563.63,0.05
6016,3704,65,1,10714.5,0.2
6017,3704,188,2,43924.5,0.1
6018,3705,72,1,19963.16,0.2
6019,3706,82,3,30777.11,0.05
6020,3706,138,1,49356.42,0.1
6021,3707,14,2,10524.66,0.15
6022,3707,60,1,10418.46,0.0
6023,3708,41,3,7052.31,0.05
6024,3709,49,2,26129.96,0.1
6025,3710,3,3,23359.03,0.2
6026,3710,79,2,18307.97,0.1
6027,3710,115,2,31652.31,0.0
6028,3711,129,3,48499.86,0.15
6029,3712,24,1,29603.93,0.1
6030,3712,50,1,25321.56,0.2
6031,3713,139,2,15424.8,0.2
6032,3714,75,3,40963.99,0.05
6033,3715,99,1,34928.44,0.2
6034,3716,138,1,49356.42,0.0
6035,3716,45,3,26285.18,0.05
6036,3717,140,3,30777.61,0.2
6037,3717,113,3,27795.82,0.1
6038,3717,46,2,44085.92,0.15
6039,3718,171,1,9250.53,0.0
6040,3718,55,2,28833.78,0.05
6041,3718,101,1,28858.95,0.0
6042,3719,76,1,12285.91,0.15
6043,3719,100,1,15290.28,0.15
6044,3719,11,1,26704.67,0.2
6045,3720,61,3,20943.29,0.15
6046,3720,54,2,11768.03,0.2
6047,3721,73,3,49942.04,0.15
6048,3722,21,3,17242.26,0.0
6049,3723,62,2,10449.51,0.05
6050,3724,175,1,23206.0,0.0
6051,3724,9,3,11984.47,0.0
6052,3724,59,2,34215.94,0.15
6053,3725,97,2,2156.33,0.05
6054,3726,37,2,29778.23,0.1
6055,3726,135,1,6436.82,0.1
6056,3726,71,1,45760.82,0.2
6057,3726,93,3,34455.75,0.1
6058,3727,97,1,2156.33,0.05
6059,3728,91,1,19812.47,0.0
6060,3728,20,3,27656.21,0.1
6061,3728,196,3,6975.02,0.15
6062,3729,98,3,3308.53,0.15
6063,3730,190,1,25334.25,0.05
6064,3730,169,2,5915.86,0.0
6065,3731,152,1,2563.86,0.0
6066,3732,157,3,46646.8,0.1
6067,3733,163,3,35870.08,0.0
6068,3734,185,2,25661.22,0.1
6069,3734,98,1,3308.53,0.0
6070,3734,35,2,29269.09,0.15
6071,3735,140,2,30777.61,0.15
6072,3735,74,1,29336.62,0.05
6073,3736,111,1,3742.68,0.1
6074,3736,90,1,37188.84,0.05
6075,3736,15,3,38205.74,0.2
6076,3737,69,3,9019.63,0.1
6077,3738,4,1,41885.03,0.0
6078,3738,118,3,29041.54,0.0
6079,3739,194,3,50025.77,0.2
6080,3739,44,2,30820.13,0.0
6081,3740,170,3,10648.71,0.0
6082,3741,164,2,42804.34,0.15
6083,3741,192,1,28177.04,0.1
6084,3741,8,3,43782.92,0.1
6085,3741,109,1,36362.87,0.05
6086,3742,199,2,7411.65,0.0
6087,3742,32,2,42924.05,0.15
6088,3743,82,2,30777.11,0.0
6089,3743,92,1,40516.93,0.2
6090,3744,142,2,19228.31,0.2
6091,3744,178,1,2898.19,0.05
6092,3744,43,1,51003.27,0.05
6093,3745,172,3,17664.71,0.0
6094,3746,168,1,2470.72,0.0
6095,3747,175,2,23206.0,0.05
6096,3748,113,2,27795.82,0.2
6097,3749,41,2,7052.31,0.2
6098,3750,86,1,8655.62,0.1
6099,3751,123,1,42594.36,0.05
6100,3751,189,2,24813.39,0.2
6101,3752,154,2,36128.53,0.05
6102,3753,177,1,4661.0,0.1
6103,3754,194,1,50025.77,0.15
6104,3755,102,1,1008.25,0.05
6105,3756,130,2,27639.1,0.0
6106,3756,73,3,49942.04,0.05
6107,3757,101,2,28858.95,0.1
6108,3758,150,3,27289.27,0.1
6109,3759,188,3,43924.5,0.1
6110,3760,5,1,4803.48,0.0
6111,3760,49,3,26129.96,0.15
6112,3761,25,3,38481.68,0.15
6113,3761,74,3,29336.62,0.05
6114,3762,152,1,2563.86,0.2
6115,3762,167,2,39773.19,0.0
6116,3763,15,2,38205.74,0.2
6117,3764,170,3,10648.71,0.0
6118,3764,28,2,18136.06,0.0
6119,3764,86,3,8655.62,0.05
6120,3765,120,1,22355.5,0.0
6121,3765,125,3,6198.59,0.0
6122,3765,44,2,30820.13,0.1
6123,3766,121,3,28507.38,0.05
6124,3767,178,2,2898.19,0.0
6125,3767,19,2,13411.65,0.1
6126,3768,3,3,23359.03,0.1
6127,3768,8,2,43782.92,0.15
6128,3768,52,3,15906.74,0.2
6129,3769,136,2,42539.86,0.15
6130,3769,102,1,1008.25,0.15
6131,3770,72,3,19963.16,0.15
6132,3771,2,2,40309.91,0.05
6133,3772,97,3,2156.33,0.0
6134,3773,121,1,28507.38,0.05
6135,3773,68,1,10784.99,0.2
6136,3774,1,1,40696.64,0.15
6137,3775,54,3,11768.03,0.05
6138,3776,34,3,1910.97,0.2
6139,3777,2,1,40309.91,0.2
6140,3777,79,1,18307.97,0.1
6141,3778,5,1,4803.48,0.15
6142,3779,182,2,29776.4,0.15
6143,3779,85,2,23127.94,0.05
6144,3780,111,3,3742.68,0.1
6145,3780,108,3,50140.67,0.0
6146,3781,190,1,25334.25,0.15
6147,3782,121,3,28507.38,0.0
6148,3783,39,2,11770.94,0.2
6149,3784,87,1,31914.35,0.15
6150,3785,69,1,9019.63,0.2
6151,3786,132,3,30606.19,0.05
6152,3786,59,1,34215.94,0.05
6153,3787,196,3,6975.02,0.1
6154,3787,92,1,40516.93,0.15
6155,3787,62,1,10449.51,0.2
6156,3788,89,1,48825.23,0.2
6157,3788,49,3,26129.96,0.15
6158,3789,75,1,40963.99,0.0
6159,3789,181,2,40139.53,0.2
6160,3789,8,3,43782.92,0.15
6161,3790,78,2,22980.54,0.1
6162,3790,117,3,36095.84,0.15
6163,3791,168,2,2470.72,0.15
6164,3792,195,3,24840.62,0.2
6165,3793,107,2,16984.11,0.2
6166,3794,80,2,19270.14,0.15
6167,3795,87,1,31914.35,0.2
6168,3795,148,2,21684.4,0.0
6169,3795,123,1,42594.36,0.05
6170,3795,116,3,8921.83,0.1
6171,3796,121,1,28507.38,0.15
6172,3797,187,3,24661.99,0.0
6173,3798,133,2,21014.51,0.0
6174,3798,191,3,25668.57,0.15
6175,3798,6,2,21794.83,0.15
6176,3799,72,1,19963.16,0.15
6177,3799,55,3,28833.78,0.05
6178,3800,176,3,33751.54,0.2
6179,3800,129,2,48499.86,0.15
6180,3801,174,2,538.14,0.2
6181,3801,185,3,25661.22,0.0
6182,3802,130,2,27639.1,0.05
6183,3803,64,2,43716.56,0.0
6184,3804,68,3,10784.99,0.1
6185,3805,143,3,33742.3,0.15
6186,3806,29,1,30681.71,0.15
6187,3807,123,3,42594.36,0.05
6188,3808,18,3,5102.7,0.05
6189,3809,151,1,22108.82,0.15
6190,3809,31,3,41690.09,0.2
6191,3810,137,2,13836.35,0.05
6192,3810,131,2,30688.69,0.2
6193,3811,150,2,27289.27,0.0
6194,3811,17,3,30784.12,0.2
6195,3811,160,2,23328.29,0.0
6196,3812,90,3,37188.84,0.1
6197,3812,174,2,538.14,0.05
6198,3813,59,1,34215.94,0.1
6199,3814,107,1,16984.11,0.0
6200,3815,95,3,26129.21,0.15
6201,3816,6,3,21794.83,0.1
6202,3816,127,2,40465.67,0.2
6203,3816,32,3,42924.05,0.0
6204,3816,112,2,14176.68,0.1
6205,3817,16,3,23743.03,0.1
6206,3818,114,2,41748.5,0.15
6207,3819,62,1,10449.51,0.0
6208,3820,80,1,19270.14,0.15
6209,3820,199,3,7411.65,0.15
6210,3821,106,3,36075.95,0.05
6211,3822,144,3,9261.62,0.1
6212,3823,79,2,18307.97,0.05
6213,3823,40,3,25646.78,0.1
6214,3824,151,3,22108.82,0.15
6215,3825,190,1,25334.25,0.1
6216,3825,154,1,36128.53,0.2
6217,3826,50,2,25321.56,0.15
6218,3827,83,2,16031.85,0.1
6219,3827,71,3,45760.82,0.15
6220,3828,180,3,21897.02,0.05
6221,3828,171,3,9250.53,0.15
6222,3829,16,1,23743.03,0.2
6223,3829,180,3,21897.02,0.05
6224,3829,83,2,16031.85,0.2
6225,3830,111,3,3742.68,0.15
6226,3831,143,2,33742.3,0.05
6227,3832,1,3,40696.64,0.0
6228,3832,197,2,26851.86,0.1
6229,3833,180,1,21897.02,0.05
6230,3833,6,2,21794.83,0.15
6231,3833,66,1,47190.57,0.0
6232,3834,52,1,15906.74,0.15
6233,3835,127,2,40465.67,0.05
6234,3835,120,2,22355.5,0.0
6235,3836,40,2,25646.78,0.2
6236,3837,189,2,24813.39,0.15
6237,3837,177,1,4661.0,0.1
6238,3837,120,1,22355.5,0.15
6239,3837,27,2,39548.82,0.05
6240,3838,118,3,29041.54,0.0
6241,3838,41,3,7052.31,0.1
6242,3838,146,1,40286.57,0.2
6243,3838,185,3,25661.22,0.0
6244,3839,185,2,25661.22,0.15
6245,3840,43,2,51003.27,0.0
6246,3841,90,2,37188.84,0.05
6247,3842,102,3,1008.25,0.0
6248,3842,164,2,42804.34,0.2
6249,3842,60,2,10418.46,0.15
6250,3843,124,1,11084.62,0.1
6251,3844,73,2,49942.04,0.15
6252,3845,132,3,30606.19,0.05
6253,3845,41,2,7052.31,0.2
6254,3845,168,1,2470.72,0.15
6255,3845,12,3,20855.6,0.0
6256,3846,180,2,21897.02,0.0
6257,3847,48,1,18097.56,0.05
6258,3847,101,2,28858.95,0.0
6259,3848,121,1,28507.38,0.05
6260,3848,58,1,4945.79,0.0
6261,3849,183,2,15207.74,0.15
6262,3849,111,2,3742.68,0.15
6263,3850,74,1,29336.62,0.05
6264,3850,168,2,2470.72,0.05
6265,3850,2,3,40309.91,0.0
6266,3850,84,3,8374.62,0.15
6267,3851,72,3,19963.16,0.05
6268,3851,57,3,46927.83,0.15
6269,3851,86,1,8655.62,0.15
6270,3851,58,3,4945.79,0.0
6271,3852,18,1,5102.7,0.2
6272,3853,86,2,8655.62,0.05
6273,3854,58,2,4945.79,0.15
6274,3855,194,2,50025.77,0.1
6275,3855,168,2,2470.72,0.1
6276,3855,144,2,9261.62,0.05
6277,3856,81,1,23072.5,0.0
6278,3857,189,2,24813.39,0.1
6279,3858,3,2,23359.03,0.0
6280,3858,94,3,7289.85,0.15
6281,3858,41,3,7052.31,0.15
6282,3858,160,2,23328.29,0.1
6283,3859,198,1,26983.92,0.1
6284,3860,151,3,22108.82,0.2
6285,3860,150,2,27289.27,0.05
6286,3860,179,2,36065.25,0.2
6287,3861,39,2,11770.94,0.05
6288,3862,7,1,30948.06,0.15
6289,3863,86,2,8655.62,0.0
6290,3863,171,2,9250.53,0.0
6291,3864,195,3,24840.62,0.15
6292,3865,93,3,34455.75,0.05
6293,3865,20,2,27656.21,0.2
6294,3866,86,1,8655.62,0.0
6295,3867,45,1,26285.18,0.1
6296,3867,117,2,36095.84,0.1
6297,3868,6,3,21794.83,0.0
6298,3869,127,3,40465.67,0.05
6299,3869,109,1,36362.87,0.05
6300,3870,107,2,16984.11,0.1
6301,3870,196,3,6975.02,0.15
6302,3870,23,1,26378.92,0.1
6303,3871,180,2,21897.02,0.1
6304,3872,37,1,29778.23,0.1
6305,3873,199,3,7411.65,0.2
6306,3873,116,1,8921.83,0.0
6307,3873,11,1,26704.67,0.1
6308,3874,28,1,18136.06,0.2
6309,3875,19,3,13411.65,0.2
6310,3875,158,2,17342.07,0.0
6311,3876,143,3,33742.3,0.1
6312,3876,154,1,36128.53,0.15
6313,3877,78,3,22980.54,0.0
6314,3877,142,1,19228.31,0.15
6315,3878,125,3,6198.59,0.05
6316,3879,4,3,41885.03,0.0
6317,3880,139,3,15424.8,0.2
6318,3881,85,1,23127.94,0.2
6319,3881,168,1,2470.72,0.1
6320,3881,131,1,30688.69,0.05
6321,3882,183,1,15207.74,0.1
6322,3883,142,3,19228.31,0.0
6323,3883,190,2,25334.25,0.15
6324,3883,29,3,30681.71,0.05
6325,3883,178,2,2898.19,0.2
6326,3884,169,3,5915.86,0.2
6327,3884,111,1,3742.68,0.05
6328,3885,200,1,20299.02,0.15
6329,3885,61,3,20943.29,0.15
6330,3885,18,3,5102.7,0.1
6331,3886,36,3,39563.63,0.0
6332,3887,75,2,40963.99,0.15
6333,3888,199,1,7411.65,0.2
6334,3888,67,1,21572.02,0.05
6335,3889,186,2,8577.37,0.2
6336,3889,187,3,24661.99,0.05
6337,3890,41,1,7052.31,0.15
6338,3891,69,3,9019.63,0.2
6339,3891,160,2,23328.29,0.2
6340,3892,186,1,8577.37,0.05
6341,3892,83,2,16031.85,0.0
6342,3892,154,3,36128.53,0.05
6343,3893,58,1,4945.79,0.1
6344,3894,95,3,26129.21,0.1
6345,3894,107,2,16984.11,0.0
6346,3895,101,2,28858.95,0.2
6347,3895,91,3,19812.47,0.0
6348,3896,74,3,29336.62,0.2
6349,3897,15,2,38205.74,0.05
6350,3898,146,2,40286.57,0.1
6351,3898,173,3,26855.55,0.0
6352,3898,193,2,12185.72,0.1
6353,3899,136,2,42539.86,0.05
6354,3900,181,1,40139.53,0.05
6355,3900,145,1,12372.58,0.05
6356,3900,83,1,16031.85,0.15
6357,3901,70,2,18353.81,0.1
6358,3901,187,1,24661.99,0.05
6359,3901,142,2,19228.31,0.0
6360,3901,126,1,1621.66,0.2
6361,3902,200,2,20299.02,0.15
6362,3903,140,2,30777.61,0.0
6363,3904,4,3,41885.03,0.1
6364,3905,52,2,15906.74,0.0
6365,3905,148,3,21684.4,0.05
6366,3905,63,2,33772.34,0.1
6367,3906,72,3,19963.16,0.15
6368,3906,37,3,29778.23,0.2
6369,3907,140,3,30777.61,0.0
6370,3908,4,3,41885.03,0.15
6371,3908,111,2,3742.68,0.15
6372,3909,46,3,44085.92,0.2
6373,3909,95,2,26129.21,0.05
6374,3910,112,1,14176.68,0.05
6375,3910,177,2,4661.0,0.2
6376,3910,42,1,35391.16,0.0
6377,3911,121,1,28507.38,0.1
6378,3911,88,1,12091.36,0.2
6379,3912,190,3,25334.25,0.1
6380,3913,163,3,35870.08,0.0
6381,3913,121,1,28507.38,0.05
6382,3913,144,3,9261.62,0.0
6383,3914,117,2,36095.84,0.0
6384,3915,7,1,30948.06,0.2
6385,3915,108,2,50140.67,0.1
6386,3916,5,2,4803.48,0.2
6387,3916,35,2,29269.09,0.1
6388,3916,192,2,28177.04,0.05
6389,3917,171,2,9250.53,0.0
6390,3917,55,3,28833.78,0.1
6391,3918,160,1,23328.29,0.05
6392,3918,19,1,13411.65,0.05
6393,3919,32,2,42924.05,0.15
6394,3919,136,2,42539.86,0.2
6395,3920,109,2,36362.87,0.1
6396,3920,164,2,42804.34,0.15
6397,3921,35,1,29269.09,0.0
6398,3921,193,1,12185.72,0.0
6399,3922,142,1,19228.31,0.2
6400,3923,190,2,25334.25,0.2
6401,3924,5,1,4803.48,0.2
6402,3925,183,2,15207.74,0.2
6403,3926,165,1,36704.4,0.1
6404,3926,57,1,46927.83,0.05
6405,3927,152,1,2563.86,0.2
6406,3928,68,1,10784.99,0.1
6407,3929,127,1,40465.67,0.15
6408,3929,123,2,42594.36,0.1
6409,3929,116,2,8921.83,0.15
6410,3930,13,1,15039.84,0.2
6411,3930,43,3,51003.27,0.1
6412,3931,26,2,5340.38,0.2
6413,3932,9,1,11984.47,0.15
6414,3933,59,3,34215.94,0.15
6415,3934,137,3,13836.35,0.2
6416,3934,126,2,1621.66,0.05
6417,3935,5,3,4803.48,0.1
6418,3935,195,2,24840.62,0.1
6419,3936,161,3,42411.41,0.05
6420,3936,178,2,2898.19,0.2
6421,3936,151,3,22108.82,0.1
6422,3937,122,1,11268.33,0.15
6423,3938,185,3,25661.22,0.2
6424,3938,63,1,33772.34,0.2
6425,3939,34,3,1910.97,0.0
6426,3940,82,2,30777.11,0.15
6427,3941,108,3,50140.67,0.15
6428,3942,75,3,40963.99,0.15
6429,3942,106,3,36075.95,0.15
6430,3943,18,3,5102.7,0.2
6431,3944,112,1,14176.68,0.15
6432,3945,21,3,17242.26,0.1
6433,3945,58,3,4945.79,0.1
6434,3946,84,1,8374.62,0.0
6435,3946,150,1,27289.27,0.2
6436,3947,113,1,27795.82,0.05
6437,3948,86,1,8655.62,0.2
6438,3948,162,2,48984.46,0.15
6439,3948,14,1,10524.66,0.15
6440,3949,109,1,36362.87,0.15
6441,3950,130,2,27639.1,0.1
6442,3950,150,2,27289.27,0.2
6443,3951,127,3,40465.67,0.0
6444,3951,174,3,538.14,0.15
6445,3951,119,3,16619.7,0.05
6446,3952,35,1,29269.09,0.2
6447,3952,6,3,21794.83,0.0
6448,3953,8,1,43782.92,0.1
6449,3954,105,3,17777.23,0.15
6450,3955,102,2,1008.25,0.0
6451,3955,47,2,44066.13,0.15
6452,3956,88,1,12091.36,0.1
6453,3957,197,1,26851.86,0.2
6454,3957,194,3,50025.77,0.15
6455,3957,195,2,24840.62,0.0
6456,3958,172,3,17664.71,0.2
6457,3958,4,1,41885.03,0.0
6458,3959,162,3,48984.46,0.15
6459,3959,91,1,19812.47,0.1
6460,3960,45,2,26285.18,0.1
6461,3961,185,2,25661.22,0.15
6462,3961,178,2,2898.19,0.05
6463,3961,151,3,22108.82,0.1
6464,3962,51,2,24437.01,0.0
6465,3962,12,2,20855.6,0.0
6466,3963,40,2,25646.78,0.0
6467,3963,191,1,25668.57,0.05
6468,3964,66,1,47190.57,0.1
6469,3964,53,1,50251.89,0.15
6470,3964,195,2,24840.62,0.1
6471,3965,175,2,23206.0,0.15
6472,3965,124,1,11084.62,0.1
6473,3966,34,2,1910.97,0.2
6474,3966,100,2,15290.28,0.1
6475,3966,197,1,26851.86,0.05
6476,3967,3,3,23359.03,0.2
6477,3967,77,2,6283.7,0.2
6478,3968,1,2,40696.64,0.15
6479,3969,176,3,33751.54,0.05
6480,3970,8,3,43782.92,0.2
6481,3970,106,3,36075.95,0.0
6482,3970,22,2,36885.18,0.1
6483,3971,101,2,28858.95,0.1
6484,3971,182,2,29776.4,0.05
6485,3971,106,3,36075.95,0.0
6486,3971,155,2,3806.76,0.0
6487,3972,44,1,30820.13,0.1
6488,3972,75,2,40963.99,0.15
6489,3973,63,3,33772.34,0.0
6490,3974,90,1,37188.84,0.15
6491,3975,147,1,31001.46,0.1
6492,3975,96,2,14581.98,0.2
6493,3975,184,2,22608.18,0.15
6494,3976,82,3,30777.11,0.0
6495,3977,144,1,9261.62,0.0
6496,3978,46,3,44085.92,0.05
6497,3978,134,3,20156.16,0.2
6498,3979,119,2,16619.7,0.1
6499,3980,107,1,16984.11,0.05
6500,3980,192,3,28177.04,0.15
6501,3980,174,1,538.14,0.1
6502,3981,164,1,42804.34,0.15
6503,3981,156,3,15379.26,0.05
6504,3982,147,2,31001.46,0.05
6505,3983,113,3,27795.82,0.1
6506,3983,86,2,8655.62,0.05
6507,3983,101,3,28858.95,0.0
6508,3984,17,3,30784.12,0.1
6509,3984,162,2,48984.46,0.15
6510,3985,5,1,4803.48,0.15
6511,3986,38,3,45352.89,0.0
6512,3987,14,3,10524.66,0.0
6513,3987,92,2,40516.93,0.1
6514,3988,131,2,30688.69,0.0
6515,3989,129,1,48499.86,0.1
6516,3989,28,1,18136.06,0.15
6517,3989,24,3,29603.93,0.05
6518,3990,94,2,7289.85,0.05
6519,3990,41,3,7052.31,0.1
6520,3991,140,2,30777.61,0.15
6521,3991,101,2,28858.95,0.0
6522,3992,77,3,6283.7,0.2
6523,3993,198,2,26983.92,0.0
6524,3993,10,1,18200.22,0.2
6525,3994,99,3,34928.44,0.0
6526,3994,156,2,15379.26,0.1
6527,3994,196,3,6975.02,0.2
6528,3995,123,1,42594.36,0.0
6529,3996,147,1,31001.46,0.0
6530,3996,64,1,43716.56,0.05
6531,3997,147,1,31001.46,0.15
6532,3998,108,1,50140.67,0.0
6533,3998,6,1,21794.83,0.15
6534,3999,138,1,49356.42,0.1
6535,3999,74,2,29336.62,0.15
6536,4000,35,3,29269.09,0.2
6537,4001,135,3,6436.82,0.1
6538,4001,69,1,9019.63,0.2
6539,4001,45,2,26285.18,0.15
6540,4001,180,1,21897.02,0.15
6541,4002,94,2,7289.85,0.2
6542,4003,40,3,25646.78,0.1
6543,4003,57,2,46927.83,0.05
6544,4004,83,2,16031.85,0.0
6545,4004,143,2,33742.3,0.05
6546,4005,171,1,9250.53,0.05
6547,4006,183,1,15207.74,0.2
6548,4007,61,3,20943.29,0.15
6549,4007,92,3,40516.93,0.2
6550,4007,37,2,29778.23,0.0
6551,4008,50,2,25321.56,0.2
6552,4009,77,1,6283.7,0.15
6553,4009,125,3,6198.59,0.1
6554,4010,128,2,44820.77,0.1
6555,4010,69,2,9019.63,0.0
6556,4010,106,2,36075.95,0.05
6557,4011,63,1,33772.34,0.0
6558,4011,27,3,39548.82,0.1
6559,4011,195,3,24840.62,0.0
6560,4012,13,3,15039.84,0.15
6561,4013,190,2,25334.25,0.1
6562,4014,192,2,28177.04,0.2
6563,4014,174,1,538.14,0.0
6564,4015,3,1,23359.03,0.0
6565,4016,165,3,36704.4,0.15
6566,4016,143,2,33742.3,0.2
6567,4017,67,2,21572.02,0.15
6568,4018,151,1,22108.82,0.15
6569,4019,198,3,26983.92,0.2
6570,4020,97,3,2156.33,0.1
6571,4020,50,2,25321.56,0.1
6572,4020,99,1,34928.44,0.05
6573,4021,114,2,41748.5,0.1
6574,4022,105,1,17777.23,0.15
6575,4022,59,3,34215.94,0.05
6576,4023,178,2,2898.19,0.05
6577,4024,158,1,17342.07,0.1
6578,4025,56,2,44872.49,0.1
6579,4026,164,2,42804.34,0.05
6580,4027,81,1,23072.5,0.1
6581,4028,30,1,8833.65,0.1
6582,4028,154,3,36128.53,0.0
6583,4028,75,2,40963.99,0.15
6584,4029,107,1,16984.11,0.2
6585,4030,165,3,36704.4,0.15
6586,4031,20,2,27656.21,0.1
6587,4032,125,2,6198.59,0.15
6588,4032,116,1,8921.83,0.2
6589,4032,61,3,20943.29,0.1
6590,4033,156,1,15379.26,0.15
6591,4033,143,2,33742.3,0.15
6592,4034,60,1,10418.46,0.2
6593,4034,100,2,15290.28,0.2
6594,4034,112,3,14176.68,0.1
6595,4034,94,3,7289.85,0.15
6596,4035,130,3,27639.1,0.1
6597,4035,192,3,28177.04,0.1
6598,4036,63,1,33772.34,0.2
6599,4037,68,2,10784.99,0.2
6600,4038,17,3,30784.12,0.1
6601,4038,112,1,14176.68,0.1
6602,4038,63,2,33772.34,0.1
6603,4039,124,2,11084.62,0.05
6604,4040,41,1,7052.31,0.05
6605,4041,71,3,45760.82,0.15
6606,4042,99,1,34928.44,0.2
6607,4043,141,3,17316.48,0.2
6608,4044,96,2,14581.98,0.2
6609,4045,138,3,49356.42,0.05
6610,4045,57,3,46927.83,0.0
6611,4045,33,3,12098.86,0.0
6612,4046,83,2,16031.85,0.1
6613,4046,151,2,22108.82,0.0
6614,4046,4,2,41885.03,0.05
6615,4047,141,2,17316.48,0.1
6616,4048,187,3,24661.99,0.0
6617,4049,71,1,45760.82,0.1
6618,4049,78,2,22980.54,0.05
6619,4050,190,1,25334.25,0.05
6620,4050,121,3,28507.38,0.05
6621,4050,27,1,39548.82,0.0
6622,4051,196,2,6975.02,0.05
6623,4051,105,1,17777.23,0.1
6624,4052,50,3,25321.56,0.15
6625,4052,183,2,15207.74,0.2
6626,4052,95,3,26129.21,0.2
6627,4053,102,1,1008.25,0.2
6628,4054,181,1,40139.53,0.2
6629,4055,1,3,40696.64,0.15
6630,4056,196,2,6975.02,0.15
6631,4056,162,3,48984.46,0.2
6632,4057,180,2,21897.02,0.05
6633,4058,109,1,36362.87,0.0
6634,4059,121,1,28507.38,0.2
6635,4059,117,3,36095.84,0.2
6636,4060,112,2,14176.68,0.0
6637,4060,99,3,34928.44,0.15
6638,4061,128,2,44820.77,0.1
6639,4061,129,1,48499.86,0.0
6640,4062,75,2,40963.99,0.0
6641,4062,72,2,19963.16,0.05
6642,4063,41,3,7052.31,0.0
6643,4063,157,3,46646.8,0.0
6644,4064,114,3,41748.5,0.05
6645,4065,177,2,4661.0,0.1
6646,4065,38,1,45352.89,0.15
6647,4066,89,2,48825.23,0.15
6648,4067,86,3,8655.62,0.1
6649,4068,189,2,24813.39,0.15
6650,4068,90,1,37188.84,0.0
6651,4069,82,1,30777.11,0.2
6652,4070,198,2,26983.92,0.05
6653,4070,186,2,8577.37,0.1
6654,4071,184,3,22608.18,0.15
6655,4071,152,3,2563.86,0.0
6656,4072,172,2,17664.71,0.1
6657,4072,129,3,48499.86,0.1
6658,4072,78,1,22980.54,0.2
6659,4072,2,1,40309.91,0.1
6660,4073,101,2,28858.95,0.2
6661,4074,37,3,29778.23,0.05
6662,4074,112,3,14176.68,0.1
6663,4075,117,3,36095.84,0.0
6664,4076,49,1,26129.96,0.15
6665,4077,115,1,31652.31,0.05
6666,4077,47,3,44066.13,0.0
6667,4078,141,1,17316.48,0.2
6668,4079,8,1,43782.92,0.15
6669,4080,134,2,20156.16,0.2
6670,4080,86,3,8655.62,0.05
6671,4080,58,1,4945.79,0.1
6672,4081,186,1,8577.37,0.05
6673,4081,147,2,31001.46,0.0
6674,4081,44,2,30820.13,0.05
6675,4081,80,1,19270.14,0.15
6676,4082,145,3,12372.58,0.1
6677,4082,10,3,18200.22,0.05
6678,4083,144,2,9261.62,0.2
6679,4084,109,3,36362.87,0.0
6680,4085,42,1,35391.16,0.2
6681,4086,87,3,31914.35,0.15
6682,4087,103,2,41454.92,0.15
6683,4088,90,3,37188.84,0.1
6684,4089,63,3,33772.34,0.1
6685,4090,1,2,40696.64,0.15
6686,4091,169,1,5915.86,0.1
6687,4092,76,3,12285.91,0.2
6688,4092,11,3,26704.67,0.2
6689,4092,46,3,44085.92,0.2
6690,4092,85,3,23127.94,0.0
6691,4093,139,2,15424.8,0.1
6692,4094,39,1,11770.94,0.1
6693,4095,75,2,40963.99,0.15
6694,4096,12,1,20855.6,0.05
6695,4096,135,2,6436.82,0.0
6696,4097,74,1,29336.62,0.1
6697,4098,120,3,22355.5,0.1
6698,4099,30,2,8833.65,0.0
6699,4099,104,3,31127.57,0.0
6700,4100,175,1,23206.0,0.0
6701,4101,94,3,7289.85,0.15
6702,4102,23,2,26378.92,0.0
6703,4102,60,3,10418.46,0.1
6704,4102,166,2,23654.57,0.1
6705,4103,11,2,26704.67,0.1
6706,4104,9,3,11984.47,0.2
6707,4104,165,1,36704.4,0.05
6708,4105,6,3,21794.83,0.2
6709,4105,104,3,31127.57,0.0
6710,4106,99,2,34928.44,0.2
6711,4106,80,1,19270.14,0.1
6712,4106,156,2,15379.26,0.1
6713,4107,167,1,39773.19,0.05
6714,4107,130,3,27639.1,0.15
6715,4108,56,2,44872.49,0.1
6716,4109,43,2,51003.27,0.1
6717,4110,131,3,30688.69,0.0
6718,4111,135,3,6436.82,0.05
6719,4112,17,2,30784.12,0.05
6720,4113,166,3,23654.57,0.2
6721,4114,182,2,29776.4,0.05
6722,4114,105,3,17777.23,0.2
6723,4115,11,3,26704.67,0.0
6724,4116,55,3,28833.78,0.2
6725,4117,180,3,21897.02,0.2
6726,4118,140,2,30777.61,0.05
6727,4118,189,2,24813.39,0.0
6728,4118,107,2,16984.11,0.0
6729,4119,97,3,2156.33,0.15
6730,4119,29,1,30681.71,0.2
6731,4120,115,1,31652.31,0.15
6732,4120,54,1,11768.03,0.2
6733,4121,30,2,8833.65,0.15
6734,4122,144,1,9261.62,0.05
6735,4122,27,3,39548.82,0.2
6736,4122,58,2,4945.79,0.15
6737,4123,174,3,538.14,0.0
6738,4123,47,2,44066.13,0.0
6739,4124,65,2,10714.5,0.1
6740,4125,99,2,34928.44,0.05
6741,4125,40,1,25646.78,0.05
6742,4125,95,2,26129.21,0.05
6743,4126,33,2,12098.86,0.15
6744,4127,116,1,8921.83,0.05
6745,4127,102,3,1008.25,0.1
6746,4128,191,2,25668.57,0.15
6747,4128,164,2,42804.34,0.1
6748,4128,150,1,27289.27,0.2
6749,4129,145,3,12372.58,0.2
6750,4130,116,2,8921.83,0.05
6751,4130,31,3,41690.09,0.05
6752,4131,87,2,31914.35,0.0
6753,4132,10,2,18200.22,0.0
6754,4132,72,2,19963.16,0.1
6755,4132,45,2,26285.18,0.0
6756,4133,86,2,8655.62,0.0
6757,4133,10,2,18200.22,0.05
6758,4133,68,2,10784.99,0.1
6759,4134,89,3,48825.23,0.2
6760,4135,37,2,29778.23,0.2
6761,4135,154,2,36128.53,0.1
6762,4136,169,3,5915.86,0.2
6763,4137,30,3,8833.65,0.15
6764,4137,57,3,46927.83,0.0
6765,4138,130,2,27639.1,0.15
6766,4139,155,1,3806.76,0.2
6767,4140,114,3,41748.5,0.15
6768,4140,64,2,43716.56,0.05
6769,4141,45,2,26285.18,0.15
6770,4142,125,2,6198.59,0.0
6771,4143,67,2,21572.02,0.0
6772,4144,112,1,14176.68,0.05
6773,4144,178,2,2898.19,0.05
6774,4145,84,2,8374.62,0.1
6775,4146,143,1,33742.3,0.05
6776,4147,111,1,3742.68,0.0
6777,4147,185,1,25661.22,0.2
6778,4148,32,3,42924.05,0.1
6779,4149,3,3,23359.03,0.1
6780,4150,34,3,1910.97,0.1
6781,4151,124,1,11084.62,0.1
6782,4151,87,2,31914.35,0.2
6783,4152,16,3,23743.03,0.1
6784,4153,135,3,6436.82,0.0
6785,4153,45,2,26285.18,0.05
6786,4154,39,2,11770.94,0.05
6787,4155,9,3,11984.47,0.05
6788,4156,55,3,28833.78,0.0
6789,4156,126,3,1621.66,0.05
6790,4157,121,1,28507.38,0.15
6791,4158,40,2,25646.78,0.05
6792,4159,185,2,25661.22,0.15
6793,4160,158,2,17342.07,0.2
6794,4161,32,3,42924.05,0.1
6795,4161,149,2,5864.85,0.2
6796,4162,164,2,42804.34,0.2
6797,4162,181,3,40139.53,0.05
6798,4162,118,3,29041.54,0.1
6799,4163,157,1,46646.8,0.0
6800,4164,126,2,1621.66,0.15
6801,4165,187,2,24661.99,0.15
6802,4166,182,3,29776.4,0.0
6803,4167,85,3,23127.94,0.15
6804,4167,59,2,34215.94,0.2
6805,4167,104,1,31127.57,0.05
6806,4168,20,2,27656.21,0.0
6807,4169,183,1,15207.74,0.15
6808,4169,199,2,7411.65,0.2
6809,4169,53,1,50251.89,0.1
6810,4170,11,1,26704.67,0.2
6811,4171,57,1,46927.83,0.0
6812,4171,49,3,26129.96,0.1
6813,4172,171,1,9250.53,0.2
6814,4172,187,1,24661.99,0.0
6815,4173,72,3,19963.16,0.0
6816,4174,109,1,36362.87,0.2
6817,4175,31,3,41690.09,0.05
6818,4176,178,3,2898.19,0.2
6819,4177,94,1,7289.85,0.0
6820,4177,50,2,25321.56,0.1
6821,4178,172,3,17664.71,0.15
6822,4178,62,3,10449.51,0.0
6823,4179,63,2,33772.34,0.0
6824,4180,149,3,5864.85,0.15
6825,4180,22,2,36885.18,0.0
6826,4180,6,3,21794.83,0.15
6827,4181,61,2,20943.29,0.1
6828,4181,184,1,22608.18,0.1
6829,4182,37,2,29778.23,0.05
6830,4183,80,3,19270.14,0.2
6831,4183,127,1,40465.67,0.05
6832,4184,87,3,31914.35,0.05
6833,4184,27,2,39548.82,0.0
6834,4184,164,1,42804.34,0.1
6835,4185,107,1,16984.11,0.0
6836,4186,75,1,40963.99,0.0
6837,4187,123,3,42594.36,0.2
6838,4188,167,1,39773.19,0.15
6839,4189,158,3,17342.07,0.0
6840,4190,157,2,46646.8,0.1
6841,4191,109,3,36362.87,0.15
6842,4192,96,1,14581.98,0.2
6843,4193,142,1,19228.31,0.15
6844,4194,173,1,26855.55,0.1
6845,4194,42,1,35391.16,0.15
6846,4195,121,3,28507.38,0.15
6847,4195,51,1,24437.01,0.1
6848,4195,14,1,10524.66,0.2
6849,4196,159,1,3070.84,0.2
6850,4197,40,2,25646.78,0.15
6851,4197,7,1,30948.06,0.15
6852,4197,14,1,10524.66,0.15
6853,4198,46,3,44085.92,0.1
6854,4199,132,2,30606.19,0.15
6855,4200,184,3,22608.18,0.2
6856,4200,137,1,13836.35,0.0
6857,4201,119,1,16619.7,0.2
6858,4202,85,1,23127.94,0.05
6859,4203,54,1,11768.03,0.2
6860,4203,45,2,26285.18,0.05
6861,4204,84,1,8374.62,0.1
6862,4204,66,3,47190.57,0.05
6863,4204,10,3,18200.22,0.1
6864,4205,95,2,26129.21,0.05
6865,4206,130,2,27639.1,0.1
6866,4206,138,2,49356.42,0.2
6867,4207,140,1,30777.61,0.0
6868,4208,162,3,48984.46,0.05
6869,4209,70,2,18353.81,0.05
6870,4209,193,2,12185.72,0.15
6871,4210,134,2,20156.16,0.1
6872,4210,62,3,10449.51,0.0
6873,4210,123,2,42594.36,0.1
6874,4210,90,3,37188.84,0.05
6875,4211,93,1,34455.75,0.0
6876,4212,128,1,44820.77,0.2
6877,4212,192,3,28177.04,0.0
6878,4212,119,3,16619.7,0.05
6879,4213,38,1,45352.89,0.0
6880,4214,197,3,26851.86,0.2
6881,4214,93,1,34455.75,0.1
6882,4215,61,1,20943.29,0.1
6883,4216,149,2,5864.85,0.0
6884,4216,108,1,50140.67,0.0
6885,4217,104,1,31127.57,0.0
6886,4218,174,2,538.14,0.05
6887,4218,52,1,15906.74,0.15
6888,4218,54,1,11768.03,0.05
6889,4219,99,3,34928.44,0.2
6890,4219,14,1,10524.66,0.0
6891,4220,191,2,25668.57,0.15
6892,4220,71,1,45760.82,0.05
6893,4220,34,1,1910.97,0.15
6894,4220,195,1,24840.62,0.1
6895,4221,141,1,17316.48,0.05
6896,4222,17,2,30784.12,0.0
6897,4223,31,3,41690.09,0.1
6898,4223,155,2,3806.76,0.15
6899,4224,65,1,10714.5,0.2
6900,4224,12,3,20855.6,0.2
6901,4224,86,2,8655.62,0.0
6902,4225,154,1,36128.53,0.0
6903,4225,182,2,29776.4,0.15
6904,4226,60,2,10418.46,0.05
6905,4226,164,2,42804.34,0.05
6906,4227,95,1,26129.21,0.15
6907,4228,62,1,10449.51,0.1
6908,4228,93,1,34455.75,0.05
6909,4229,8,3,43782.92,0.05
6910,4229,39,3,11770.94,0.15
6911,4230,26,1,5340.38,0.15
6912,4231,191,2,25668.57,0.0
6913,4232,149,1,5864.85,0.05
6914,4233,115,2,31652.31,0.15
6915,4234,171,2,9250.53,0.2
6916,4235,121,1,28507.38,0.15
6917,4236,39,1,11770.94,0.15
6918,4237,160,3,23328.29,0.1
6919,4237,159,1,3070.84,0.15
6920,4237,127,1,40465.67,0.1
6921,4238,134,3,20156.16,0.2
6922,4239,183,2,15207.74,0.2
6923,4239,30,1,8833.65,0.0
6924,4240,28,2,18136.06,0.0
6925,4241,67,1,21572.02,0.1
6926,4242,75,3,40963.99,0.2
6927,4243,94,2,7289.85,0.15
6928,4244,20,3,27656.21,0.05
6929,4245,190,2,25334.25,0.1
6930,4246,1,3,40696.64,0.15
6931,4247,83,2,16031.85,0.1
6932,4248,139,2,15424.8,0.0
6933,4248,91,1,19812.47,0.1
6934,4249,32,3,42924.05,0.0
6935,4250,104,1,31127.57,0.15
6936,4250,23,1,26378.92,0.05
6937,4250,119,3,16619.7,0.0
6938,4251,173,1,26855.55,0.15
6939,4252,57,1,46927.83,0.2
6940,4253,167,2,39773.19,0.05
6941,4253,23,1,26378.92,0.05
6942,4254,121,2,28507.38,0.15
6943,4254,151,2,22108.82,0.0
6944,4254,98,1,3308.53,0.0
6945,4255,171,3,9250.53,0.1
6946,4255,199,2,7411.65,0.05
6947,4256,186,3,8577.37,0.15
6948,4256,15,3,38205.74,0.05
6949,4257,20,2,27656.21,0.05
6950,4257,32,2,42924.05,0.05
6951,4257,108,2,50140.67,0.0
6952,4258,65,2,10714.5,0.1
6953,4258,122,3,11268.33,0.15
6954,4259,37,3,29778.23,0.05
6955,4259,71,1,45760.82,0.05
6956,4259,193,1,12185.72,0.15
6957,4260,76,1,12285.91,0.0
6958,4260,33,2,12098.86,0.2
6959,4260,191,2,25668.57,0.15
6960,4261,133,3,21014.51,0.1
6961,4262,180,2,21897.02,0.2
6962,4263,72,3,19963.16,0.15
6963,4264,38,1,45352.89,0.15
6964,4265,66,2,47190.57,0.05
6965,4266,60,2,10418.46,0.1
6966,4266,26,3,5340.38,0.1
6967,4267,9,2,11984.47,0.1
6968,4268,177,1,4661.0,0.15
6969,4269,168,3,2470.72,0.1
6970,4269,27,3,39548.82,0.15
6971,4269,58,3,4945.79,0.05
6972,4269,165,3,36704.4,0.0
6973,4270,4,3,41885.03,0.2
6974,4270,128,3,44820.77,0.0
6975,4271,138,3,49356.42,0.1
6976,4271,110,2,28191.63,0.15
6977,4272,143,3,33742.3,0.05
6978,4273,71,2,45760.82,0.1
6979,4273,28,3,18136.06,0.1
6980,4273,179,2,36065.25,0.1
6981,4273,173,2,26855.55,0.05
6982,4274,180,1,21897.02,0.1
6983,4275,168,2,2470.72,0.2
6984,4275,156,2,15379.26,0.0
6985,4275,121,1,28507.38,0.15
6986,4275,64,3,43716.56,0.1
6987,4276,93,1,34455.75,0.0
6988,4277,180,2,21897.02,0.0
6989,4277,124,2,11084.62,0.0
6990,4278,55,1,28833.78,0.0
6991,4278,122,3,11268.33,0.0
6992,4279,160,2,23328.29,0.2
6993,4280,115,3,31652.31,0.0
6994,4280,69,3,9019.63,0.2
6995,4281,145,1,12372.58,0.1
6996,4282,169,1,5915.86,0.2
6997,4282,91,2,19812.47,0.15
6998,4283,40,3,25646.78,0.1
6999,4283,129,2,48499.86,0.05
7000,4283,18,2,5102.7,0.15
7001,4284,102,1,1008.25,0.2
7002,4285,45,1,26285.18,0.15
7003,4285,74,3,29336.62,0.0
7004,4286,89,2,48825.23,0.0
7005,4287,185,3,25661.22,0.15
7006,4287,186,1,8577.37,0.15
7007,4288,157,1,46646.8,0.2
7008,4289,189,2,24813.39,0.2
7009,4289,191,1,25668.57,0.0
7010,4289,168,1,2470.72,0.05
7011,4289,14,3,10524.66,0.0
7012,4290,150,2,27289.27,0.2
7013,4291,142,1,19228.31,0.05
7014,4292,21,1,17242.26,0.1
7015,4293,128,1,44820.77,0.1
7016,4294,177,3,4661.0,0.05
7017,4295,89,2,48825.23,0.0
7018,4296,177,2,4661.0,0.0
7019,4297,67,2,21572.02,0.05
7020,4297,24,2,29603.93,0.15
7021,4297,49,1,26129.96,0.05
7022,4298,167,2,39773.19,0.05
7023,4299,66,1,47190.57,0.1
7024,4299,47,3,44066.13,0.05
7025,4300,65,1,10714.5,0.0
7026,4301,62,2,10449.51,0.1
7027,4302,167,3,39773.19,0.15
7028,4303,182,3,29776.4,0.1
7029,4304,13,3,15039.84,0.1
7030,4305,35,3,29269.09,0.0
7031,4305,170,3,10648.71,0.1
7032,4305,85,2,23127.94,0.2
7033,4305,58,2,4945.79,0.15
7034,4306,181,1,40139.53,0.15
7035,4306,156,2,15379.26,0.05
7036,4307,118,3,29041.54,0.1
7037,4308,57,3,46927.83,0.0
7038,4309,175,1,23206.0,0.05
7039,4310,22,2,36885.18,0.0
7040,4310,62,1,10449.51,0.0
7041,4311,54,1,11768.03,0.0
7042,4312,85,1,23127.94,0.1
7043,4313,174,2,538.14,0.15
7044,4313,12,3,20855.6,0.1
7045,4313,46,3,44085.92,0.1
7046,4314,27,1,39548.82,0.05
7047,4314,44,3,30820.13,0.05
7048,4315,44,1,30820.13,0.2
7049,4316,64,3,43716.56,0.1
7050,4317,122,3,11268.33,0.2
7051,4317,16,2,23743.03,0.05
7052,4317,197,3,26851.86,0.0
7053,4318,4,3,41885.03,0.1
7054,4319,113,1,27795.82,0.15
7055,4319,133,3,21014.51,0.05
7056,4320,29,2,30681.71,0.2
7057,4321,97,3,2156.33,0.0
7058,4322,159,3,3070.84,0.05
7059,4323,96,1,14581.98,0.2
7060,4324,115,3,31652.31,0.1
7061,4325,154,3,36128.53,0.2
7062,4326,64,1,43716.56,0.05
7063,4326,139,2,15424.8,0.1
7064,4327,113,1,27795.82,0.0
7065,4327,190,1,25334.25,0.05
7066,4327,60,2,10418.46,0.0
7067,4327,140,3,30777.61,0.1
7068,4328,102,2,1008.25,0.1
7069,4328,44,2,30820.13,0.1
7070,4329,125,1,6198.59,0.0
7071,4330,60,2,10418.46,0.1
7072,4331,130,1,27639.1,0.05
7073,4331,133,2,21014.51,0.2
7074,4332,171,3,9250.53,0.0
7075,4332,32,3,42924.05,0.2
7076,4333,145,3,12372.58,0.05
7077,4333,167,3,39773.19,0.1
7078,4334,35,3,29269.09,0.2
7079,4335,124,3,11084.62,0.2
7080,4336,88,2,12091.36,0.1
7081,4336,132,1,30606.19,0.15
7082,4337,96,2,14581.98,0.1
7083,4338,61,1,20943.29,0.0
7084,4339,5,2,4803.48,0.15
7085,4340,127,1,40465.67,0.15
7086,4341,60,1,10418.46,0.0
7087,4342,18,2,5102.7,0.0
7088,4342,184,1,22608.18,0.2
7089,4343,191,1,25668.57,0.0
7090,4344,126,3,1621.66,0.0
7091,4344,53,1,50251.89,0.1
7092,4345,59,2,34215.94,0.2
7093,4345,125,1,6198.59,0.15
7094,4346,56,2,44872.49,0.2
7095,4347,55,2,28833.78,0.0
7096,4347,8,3,43782.92,0.2
7097,4348,14,1,10524.66,0.1
7098,4349,95,2,26129.21,0.05
7099,4349,133,1,21014.51,0.15
7100,4349,34,1,1910.97,0.1
7101,4349,12,2,20855.6,0.1
7102,4350,111,3,3742.68,0.1
7103,4351,63,2,33772.34,0.0
7104,4351,38,2,45352.89,0.1
7105,4351,93,1,34455.75,0.2
7106,4352,7,3,30948.06,0.05
7107,4352,86,2,8655.62,0.15
7108,4353,31,1,41690.09,0.15
7109,4353,34,1,1910.97,0.0
7110,4354,123,3,42594.36,0.2
7111,4354,141,1,17316.48,0.05
7112,4355,180,2,21897.02,0.0
7113,4356,138,3,49356.42,0.15
7114,4356,26,3,5340.38,0.1
7115,4356,146,2,40286.57,0.1
7116,4357,181,2,40139.53,0.2
7117,4358,187,2,24661.99,0.1
7118,4358,115,1,31652.31,0.0
7119,4359,67,2,21572.02,0.0
7120,4359,15,2,38205.74,0.1
7121,4359,163,2,35870.08,0.15
7122,4360,72,3,19963.16,0.05
7123,4360,3,1,23359.03,0.0
7124,4361,166,2,23654.57,0.2
7125,4361,128,3,44820.77,0.2
7126,4362,10,1,18200.22,0.05
7127,4362,7,2,30948.06,0.0
7128,4363,9,2,11984.47,0.2
7129,4364,162,2,48984.46,0.0
7130,4365,66,2,47190.57,0.1
7131,4365,70,2,18353.81,0.2
7132,4366,13,1,15039.84,0.0
7133,4367,10,3,18200.22,0.15
7134,4367,6,2,21794.83,0.1
7135,4367,75,2,40963.99,0.2
7136,4368,136,1,42539.86,0.1
7137,4369,138,2,49356.42,0.05
7138,4369,113,2,27795.82,0.15
7139,4370,142,3,19228.31,0.2
7140,4371,73,2,49942.04,0.15
7141,4372,114,2,41748.5,0.0
7142,4373,50,3,25321.56,0.0
7143,4374,155,3,3806.76,0.0
7144,4374,85,1,23127.94,0.2
7145,4375,171,1,9250.53,0.15
7146,4376,175,3,23206.0,0.1
7147,4377,173,1,26855.55,0.1
7148,4378,155,2,3806.76,0.05
7149,4378,6,1,21794.83,0.1
7150,4379,113,2,27795.82,0.1
7151,4379,19,1,13411.65,0.15
7152,4379,199,3,7411.65,0.1
7153,4380,124,3,11084.62,0.15
7154,4381,198,1,26983.92,0.05
7155,4381,26,1,5340.38,0.05
7156,4381,161,1,42411.41,0.2
7157,4382,121,1,28507.38,0.05
7158,4383,97,1,2156.33,0.15
7159,4384,75,2,40963.99,0.15
7160,4385,73,3,49942.04,0.2
7161,4385,94,3,7289.85,0.05
7162,4386,79,1,18307.97,0.2
7163,4387,131,1,30688.69,0.0
7164,4388,62,1,10449.51,0.1
7165,4388,114,3,41748.5,0.1
7166,4388,162,2,48984.46,0.2
7167,4389,41,3,7052.31,0.15
7168,4389,200,3,20299.02,0.1
7169,4390,24,3,29603.93,0.2
7170,4390,184,2,22608.18,0.0
7171,4390,69,1,9019.63,0.2
7172,4390,77,3,6283.7,0.1
7173,4391,195,3,24840.62,0.1
7174,4392,61,3,20943.29,0.1
7175,4392,149,3,5864.85,0.2
7176,4392,40,2,25646.78,0.2
7177,4393,123,1,42594.36,0.15
7178,4394,164,3,42804.34,0.15
7179,4395,66,3,47190.57,0.15
7180,4396,116,2,8921.83,0.05
7181,4396,136,2,42539.86,0.05
7182,4396,12,2,20855.6,0.0
7183,4397,138,1,49356.42,0.15
7184,4397,117,1,36095.84,0.2
7185,4398,79,2,18307.97,0.15
7186,4398,114,2,41748.5,0.15
7187,4399,103,1,41454.92,0.2
7188,4399,193,1,12185.72,0.2
7189,4400,49,2,26129.96,0.05
7190,4401,65,1,10714.5,0.1
7191,4402,167,1,39773.19,0.0
7192,4402,157,2,46646.8,0.15
7193,4403,128,2,44820.77,0.15
7194,4403,4,2,41885.03,0.1
7195,4403,136,3,42539.86,0.0
7196,4404,96,3,14581.98,0.15
7197,4405,55,3,28833.78,0.15
7198,4405,188,2,43924.5,0.0
7199,4406,72,2,19963.16,0.15
7200,4406,115,1,31652.31,0.1
7201,4407,116,2,8921.83,0.0
7202,4408,94,3,7289.85,0.0
7203,4409,93,2,34455.75,0.1
7204,4409,95,3,26129.21,0.1
7205,4410,159,3,3070.84,0.2
7206,4411,83,2,16031.85,0.15
7207,4411,118,3,29041.54,0.05
7208,4411,34,2,1910.97,0.1
7209,4412,69,2,9019.63,0.1
7210,4412,192,2,28177.04,0.1
7211,4412,141,3,17316.48,0.15
7212,4413,193,3,12185.72,0.15
7213,4414,87,3,31914.35,0.1
7214,4415,1,3,40696.64,0.1
7215,4415,182,1,29776.4,0.0
7216,4415,86,3,8655.62,0.15
7217,4415,7,1,30948.06,0.15
7218,4416,121,3,28507.38,0.05
7219,4416,34,2,1910.97,0.15
7220,4416,136,3,42539.86,0.1
7221,4417,143,1,33742.3,0.2
7222,4417,128,3,44820.77,0.1
7223,4418,41,3,7052.31,0.15
7224,4418,189,2,24813.39,0.0
7225,4419,109,3,36362.87,0.2
7226,4420,163,1,35870.08,0.15
7227,4421,79,2,18307.97,0.2
7228,4422,198,3,26983.92,0.1
7229,4423,93,1,34455.75,0.0
7230,4424,155,2,3806.76,0.1
7231,4424,102,1,1008.25,0.15
7232,4424,27,2,39548.82,0.15
7233,4425,66,2,47190.57,0.15
7234,4425,36,1,39563.63,0.15
7235,4426,145,2,12372.58,0.05
7236,4426,17,3,30784.12,0.15
7237,4426,151,3,22108.82,0.1
7238,4426,29,1,30681.71,0.15
7239,4427,88,1,12091.36,0.1
7240,4427,156,1,15379.26,0.0
7241,4428,19,2,13411.65,0.15
7242,4429,136,2,42539.86,0.2
7243,4429,16,3,23743.03,0.05
7244,4430,123,3,42594.36,0.0
7245,4431,17,1,30784.12,0.05
7246,4432,192,3,28177.04,0.2
7247,4432,79,1,18307.97,0.05
7248,4433,198,2,26983.92,0.1
7249,4434,111,3,3742.68,0.05
7250,4435,72,2,19963.16,0.0
7251,4435,160,3,23328.29,0.0
7252,4436,98,3,3308.53,0.2
7253,4437,157,1,46646.8,0.05
7254,4437,31,3,41690.09,0.1
7255,4438,68,1,10784.99,0.05
7256,4439,28,3,18136.06,0.05
7257,4440,154,2,36128.53,0.15
7258,4440,25,2,38481.68,0.2
7259,4441,22,3,36885.18,0.05
7260,4442,49,1,26129.96,0.2
7261,4443,192,2,28177.04,0.2
7262,4443,16,2,23743.03,0.15
7263,4444,166,2,23654.57,0.05
7264,4444,149,1,5864.85,0.2
7265,4445,75,3,40963.99,0.05
7266,4445,49,3,26129.96,0.15
7267,4445,143,2,33742.3,0.1
7268,4446,136,2,42539.86,0.05
7269,4446,129,2,48499.86,0.15
7270,4446,77,1,6283.7,0.1
7271,4447,162,2,48984.46,0.0
7272,4447,200,3,20299.02,0.05
7273,4448,188,1,43924.5,0.15
7274,4449,35,3,29269.09,0.0
7275,4450,148,1,21684.4,0.1
7276,4450,53,1,50251.89,0.1
7277,4450,20,2,27656.21,0.05
7278,4450,103,1,41454.92,0.15
7279,4451,156,1,15379.26,0.1
7280,4452,168,3,2470.72,0.2
7281,4452,163,1,35870.08,0.15
7282,4452,79,1,18307.97,0.15
7283,4453,184,3,22608.18,0.15
7284,4453,119,3,16619.7,0.05
7285,4453,196,3,6975.02,0.2
7286,4454,135,3,6436.82,0.0
7287,4454,146,1,40286.57,0.2
7288,4454,69,2,9019.63,0.15
7289,4455,125,2,6198.59,0.1
7290,4456,138,2,49356.42,0.2
7291,4457,76,1,12285.91,0.15
7292,4458,43,3,51003.27,0.15
7293,4459,98,3,3308.53,0.1
7294,4459,81,1,23072.5,0.1
7295,4459,47,2,44066.13,0.05
7296,4460,132,1,30606.19,0.05
7297,4461,6,2,21794.83,0.0
7298,4462,3,1,23359.03,0.2
7299,4462,118,1,29041.54,0.05
7300,4463,72,3,19963.16,0.05
7301,4463,64,2,43716.56,0.0
7302,4464,47,3,44066.13,0.0
7303,4464,109,2,36362.87,0.2
7304,4464,94,2,7289.85,0.05
7305,4464,113,2,27795.82,0.1
7306,4465,150,1,27289.27,0.1
7307,4466,17,3,30784.12,0.0
7308,4467,30,3,8833.65,0.1
7309,4468,95,2,26129.21,0.15
7310,4469,24,2,29603.93,0.0
7311,4469,57,3,46927.83,0.0
7312,4470,184,3,22608.18,0.15
7313,4470,17,2,30784.12,0.2
7314,4471,116,2,8921.83,0.15
7315,4472,128,1,44820.77,0.0
7316,4472,60,3,10418.46,0.15
7317,4472,2,1,40309.91,0.15
7318,4473,153,2,42981.95,0.0
7319,4474,2,1,40309.91,0.1
7320,4475,106,1,36075.95,0.2
7321,4475,41,3,7052.31,0.05
7322,4476,41,2,7052.31,0.0
7323,4476,186,1,8577.37,0.15
7324,4476,174,1,538.14,0.05
7325,4477,86,2,8655.62,0.2
7326,4478,104,1,31127.57,0.05
7327,4479,81,1,23072.5,0.1
7328,4479,22,3,36885.18,0.0
7329,4479,70,2,18353.81,0.15
7330,4480,143,3,33742.3,0.0
7331,4481,9,1,11984.47,0.1
7332,4481,78,3,22980.54,0.05
7333,4481,87,1,31914.35,0.0
7334,4481,14,3,10524.66,0.1
7335,4482,161,1,42411.41,0.05
7336,4482,105,2,17777.23,0.15
7337,4483,49,2,26129.96,0.15
7338,4483,180,2,21897.02,0.2
7339,4484,13,2,15039.84,0.1
7340,4485,86,2,8655.62,0.15
7341,4485,97,2,2156.33,0.0
7342,4485,39,2,11770.94,0.05
7343,4486,103,2,41454.92,0.0
7344,4487,68,3,10784.99,0.2
7345,4488,29,3,30681.71,0.15
7346,4489,67,1,21572.02,0.2
7347,4490,199,2,7411.65,0.0
7348,4491,77,3,6283.7,0.0
7349,4491,144,2,9261.62,0.0
7350,4492,143,1,33742.3,0.0
7351,4493,172,2,17664.71,0.15
7352,4493,85,1,23127.94,0.2
7353,4494,126,3,1621.66,0.2
7354,4495,84,1,8374.62,0.1
7355,4496,75,1,40963.99,0.1
7356,4497,72,3,19963.16,0.1
7357,4497,192,1,28177.04,0.15
7358,4497,36,2,39563.63,0.0
7359,4498,16,3,23743.03,0.1
7360,4499,17,1,30784.12,0.05
7361,4499,85,2,23127.94,0.2
7362,4500,198,2,26983.92,0.2
7363,4500,46,2,44085.92,0.2
7364,4501,114,1,41748.5,0.1
7365,4501,12,1,20855.6,0.15
7366,4501,76,3,12285.91,0.2
7367,4502,30,1,8833.65,0.0
7368,4502,76,2,12285.91,0.15
7369,4503,21,3,17242.26,0.0
7370,4503,113,1,27795.82,0.15
7371,4504,68,1,10784.99,0.15
7372,4505,121,1,28507.38,0.05
7373,4506,167,2,39773.19,0.15
7374,4506,120,3,22355.5,0.0
7375,4507,81,1,23072.5,0.15
7376,4507,65,1,10714.5,0.1
7377,4508,127,2,40465.67,0.0
7378,4509,118,2,29041.54,0.0
7379,4510,138,1,49356.42,0.15
7380,4510,2,2,40309.91,0.2
7381,4511,130,2,27639.1,0.1
7382,4512,112,1,14176.68,0.2
7383,4513,124,2,11084.62,0.15
7384,4513,12,2,20855.6,0.05
7385,4514,155,1,3806.76,0.05
7386,4514,186,3,8577.37,0.05
7387,4515,31,2,41690.09,0.05
7388,4516,163,3,35870.08,0.05
7389,4517,41,2,7052.31,0.05
7390,4518,160,3,23328.29,0.05
7391,4518,125,1,6198.59,0.15
7392,4519,119,1,16619.7,0.2
7393,4519,72,3,19963.16,0.2
7394,4519,177,1,4661.0,0.05
7395,4520,12,3,20855.6,0.2
7396,4520,89,2,48825.23,0.1
7397,4521,161,2,42411.41,0.2
7398,4521,198,3,26983.92,0.2
7399,4522,139,3,15424.8,0.05
7400,4522,8,2,43782.92,0.15
7401,4522,24,1,29603.93,0.0
7402,4522,46,3,44085.92,0.05
7403,4523,191,1,25668.57,0.2
7404,4524,39,2,11770.94,0.15
7405,4525,10,2,18200.22,0.05
7406,4525,18,3,5102.7,0.0
7407,4526,102,1,1008.25,0.15
7408,4526,184,1,22608.18,0.05
7409,4527,87,3,31914.35,0.0
7410,4527,159,2,3070.84,0.0
7411,4527,91,2,19812.47,0.15
7412,4528,193,3,12185.72,0.15
7413,4528,20,1,27656.21,0.2
7414,4528,112,2,14176.68,0.1
7415,4529,102,3,1008.25,0.05
7416,4530,14,1,10524.66,0.1
7417,4531,97,3,2156.33,0.15
7418,4532,37,1,29778.23,0.2
7419,4533,84,2,8374.62,0.1
7420,4534,141,1,17316.48,0.15
7421,4535,5,2,4803.48,0.2
7422,4535,157,2,46646.8,0.05
7423,4536,167,2,39773.19,0.0
7424,4536,144,3,9261.62,0.05
7425,4537,74,1,29336.62,0.0
7426,4537,31,3,41690.09,0.0
7427,4538,83,3,16031.85,0.1
7428,4539,62,3,10449.51,0.2
7429,4540,7,1,30948.06,0.1
7430,4541,58,3,4945.79,0.1
7431,4542,183,1,15207.74,0.2
7432,4542,107,3,16984.11,0.15
7433,4543,99,3,34928.44,0.05
7434,4543,71,2,45760.82,0.1
7435,4543,145,3,12372.58,0.0
7436,4544,120,3,22355.5,0.0
7437,4545,81,3,23072.5,0.05
7438,4545,192,1,28177.04,0.1
7439,4546,33,2,12098.86,0.2
7440,4547,41,2,7052.31,0.1
7441,4547,117,2,36095.84,0.0
7442,4548,2,2,40309.91,0.0
7443,4548,176,1,33751.54,0.2
7444,4548,197,3,26851.86,0.1
7445,4548,13,2,15039.84,0.1
7446,4549,54,3,11768.03,0.2
7447,4550,139,1,15424.8,0.15
7448,4550,73,2,49942.04,0.0
7449,4551,131,1,30688.69,0.2
7450,4552,1,2,40696.64,0.05
7451,4553,58,1,4945.79,0.0
7452,4554,36,3,39563.63,0.1
7453,4555,95,1,26129.21,0.0
7454,4556,41,2,7052.31,0.15
7455,4557,113,3,27795.82,0.2
7456,4558,195,2,24840.62,0.0
7457,4559,32,3,42924.05,0.0
7458,4559,54,3,11768.03,0.1
7459,4560,7,2,30948.06,0.0
7460,4561,27,1,39548.82,0.0
7461,4561,33,2,12098.86,0.1
7462,4562,11,3,26704.67,0.1
7463,4562,71,1,45760.82,0.1
7464,4563,155,1,3806.76,0.05
7465,4564,40,2,25646.78,0.2
7466,4564,122,1,11268.33,0.15
7467,4565,150,2,27289.27,0.05
7468,4565,68,3,10784.99,0.15
7469,4566,52,3,15906.74,0.05
7470,4566,11,3,26704.67,0.1
7471,4567,53,3,50251.89,0.0
7472,4568,14,2,10524.66,0.15
7473,4569,12,2,20855.6,0.0
7474,4570,32,1,42924.05,0.15
7475,4571,77,3,6283.7,0.0
7476,4572,81,3,23072.5,0.0
7477,4573,111,3,3742.68,0.1
7478,4573,100,1,15290.28,0.15
7479,4574,110,2,28191.63,0.05
7480,4575,79,3,18307.97,0.1
7481,4576,153,2,42981.95,0.15
7482,4576,72,3,19963.16,0.0
7483,4577,194,3,50025.77,0.2
7484,4578,28,2,18136.06,0.15
7485,4579,168,3,2470.72,0.15
7486,4579,28,3,18136.06,0.2
7487,4580,106,1,36075.95,0.05
7488,4580,200,3,20299.02,0.0
7489,4581,3,2,23359.03,0.05
7490,4582,54,1,11768.03,0.2
7491,4582,62,3,10449.51,0.05
7492,4583,146,2,40286.57,0.0
7493,4584,84,3,8374.62,0.05
7494,4584,7,2,30948.06,0.0
7495,4585,7,2,30948.06,0.05
7496,4586,140,2,30777.61,0.15
7497,4586,112,3,14176.68,0.1
7498,4587,128,3,44820.77,0.05
7499,4588,189,1,24813.39,0.15
7500,4589,188,3,43924.5,0.2
7501,4590,110,1,28191.63,0.15
7502,4591,92,1,40516.93,0.15
7503,4592,15,3,38205.74,0.2
7504,4593,38,3,45352.89,0.15
7505,4593,52,1,15906.74,0.0
7506,4593,49,3,26129.96,0.2
7507,4593,12,3,20855.6,0.05
7508,4594,128,1,44820.77,0.15
7509,4595,135,3,6436.82,0.15
7510,4596,1,3,40696.64,0.2
7511,4597,168,1,2470.72,0.15
7512,4597,106,2,36075.95,0.2
7513,4598,176,3,33751.54,0.0
7514,4598,45,2,26285.18,0.2
7515,4598,130,3,27639.1,0.15
7516,4599,97,2,2156.33,0.2
7517,4600,135,1,6436.82,0.15
7518,4600,17,3,30784.12,0.0
7519,4601,42,2,35391.16,0.05
7520,4602,69,2,9019.63,0.1
7521,4603,6,2,21794.83,0.2
7522,4604,174,3,538.14,0.05
7523,4604,116,1,8921.83,0.1
7524,4605,157,3,46646.8,0.15
7525,4606,114,1,41748.5,0.2
7526,4606,3,1,23359.03,0.2
7527,4606,56,1,44872.49,0.1
7528,4606,32,3,42924.05,0.0
7529,4607,89,2,48825.23,0.1
7530,4607,186,3,8577.37,0.15
7531,4608,12,3,20855.6,0.05
7532,4608,70,1,18353.81,0.1
7533,4609,82,3,30777.11,0.15
7534,4610,118,1,29041.54,0.15
7535,4610,189,1,24813.39,0.05
7536,4610,163,1,35870.08,0.05
7537,4611,130,3,27639.1,0.0
7538,4612,109,3,36362.87,0.15
7539,4613,82,3,30777.11,0.2
7540,4614,122,2,11268.33,0.05
7541,4614,163,3,35870.08,0.0
7542,4614,176,3,33751.54,0.15
7543,4615,3,1,23359.03,0.15
7544,4615,180,3,21897.02,0.05
7545,4616,165,3,36704.4,0.05
7546,4616,199,2,7411.65,0.0
7547,4616,86,1,8655.62,0.15
7548,4617,135,2,6436.82,0.0
7549,4617,136,2,42539.86,0.0
7550,4618,82,2,30777.11,0.2
7551,4619,26,3,5340.38,0.15
7552,4619,61,1,20943.29,0.0
7553,4619,162,2,48984.46,0.05
7554,4620,31,2,41690.09,0.05
7555,4620,123,2,42594.36,0.15
7556,4620,172,3,17664.71,0.2
7557,4620,87,2,31914.35,0.1
7558,4621,29,2,30681.71,0.2
7559,4622,58,3,4945.79,0.0
7560,4623,158,2,17342.07,0.15
7561,4624,9,3,11984.47,0.1
7562,4625,113,2,27795.82,0.15
7563,4625,134,2,20156.16,0.0
7564,4626,86,2,8655.62,0.1
7565,4626,114,2,41748.5,0.15
7566,4627,154,3,36128.53,0.15
7567,4628,82,2,30777.11,0.1
7568,4629,81,3,23072.5,0.1
7569,4629,88,1,12091.36,0.1
7570,4630,109,2,36362.87,0.15
7571,4631,46,3,44085.92,0.2
7572,4632,119,1,16619.7,0.05
7573,4633,108,1,50140.67,0.15
7574,4633,121,3,28507.38,0.0
7575,4633,158,1,17342.07,0.1
7576,4633,70,2,18353.81,0.0
7577,4634,42,2,35391.16,0.05
7578,4635,172,3,17664.71,0.05
7579,4635,138,1,49356.42,0.2
7580,4636,52,3,15906.74,0.2
7581,4637,36,1,39563.63,0.1
7582,4638,65,3,10714.5,0.2
7583,4638,109,3,36362.87,0.15
7584,4639,106,2,36075.95,0.0
7585,4640,93,2,34455.75,0.1
7586,4641,165,3,36704.4,0.0
7587,4642,80,2,19270.14,0.0
7588,4642,52,3,15906.74,0.1
7589,4643,149,2,5864.85,0.05
7590,4643,42,2,35391.16,0.05
7591,4644,2,2,40309.91,0.0
7592,4644,166,1,23654.57,0.0
7593,4645,110,2,28191.63,0.1
7594,4646,163,2,35870.08,0.0
7595,4646,10,2,18200.22,0.2
7596,4646,150,1,27289.27,0.2
7597,4647,22,3,36885.18,0.0
7598,4647,2,2,40309.91,0.15
7599,4647,13,2,15039.84,0.2
7600,4648,80,1,19270.14,0.0
7601,4648,87,1,31914.35,0.0
7602,4648,185,2,25661.22,0.2
7603,4649,103,3,41454.92,0.15
7604,4649,34,3,1910.97,0.1
7605,4649,168,3,2470.72,0.05
7606,4650,2,2,40309.91,0.05
7607,4650,166,3,23654.57,0.05
7608,4651,173,3,26855.55,0.2
7609,4652,118,3,29041.54,0.05
7610,4653,199,1,7411.65,0.05
7611,4654,102,2,1008.25,0.15
7612,4655,28,3,18136.06,0.15
7613,4655,12,1,20855.6,0.2
7614,4656,104,1,31127.57,0.0
7615,4656,193,2,12185.72,0.0
7616,4657,65,1,10714.5,0.05
7617,4658,6,2,21794.83,0.1
7618,4659,118,2,29041.54,0.1
7619,4660,148,3,21684.4,0.1
7620,4661,106,1,36075.95,0.15
7621,4661,87,3,31914.35,0.1
7622,4662,82,1,30777.11,0.1
7623,4663,126,3,1621.66,0.1
7624,4664,106,1,36075.95,0.05
7625,4665,180,3,21897.02,0.1
7626,4666,141,3,17316.48,0.15
7627,4667,154,3,36128.53,0.2
7628,4668,82,3,30777.11,0.05
7629,4669,186,1,8577.37,0.1
7630,4670,42,1,35391.16,0.05
7631,4670,136,1,42539.86,0.0
7632,4670,189,2,24813.39,0.1
7633,4671,6,1,21794.83,0.05
7634,4671,169,3,5915.86,0.15
7635,4672,72,2,19963.16,0.1
7636,4673,199,3,7411.65,0.05
7637,4674,80,3,19270.14,0.15
7638,4674,89,3,48825.23,0.15
7639,4675,128,3,44820.77,0.1
7640,4675,178,3,2898.19,0.0
7641,4675,165,2,36704.4,0.15
7642,4676,34,3,1910.97,0.15
7643,4676,68,3,10784.99,0.1
7644,4676,163,3,35870.08,0.15
7645,4677,190,3,25334.25,0.05
7646,4678,76,3,12285.91,0.0
7647,4678,27,2,39548.82,0.15
7648,4679,169,1,5915.86,0.0
7649,4679,20,3,27656.21,0.2
7650,4680,75,2,40963.99,0.05
7651,4681,43,3,51003.27,0.05
7652,4681,149,1,5864.85,0.15
7653,4682,34,1,1910.97,0.2
7654,4682,32,1,42924.05,0.15
7655,4683,90,3,37188.84,0.15
7656,4684,13,2,15039.84,0.2
7657,4684,197,3,26851.86,0.0
7658,4684,47,1,44066.13,0.1
7659,4685,121,3,28507.38,0.2
7660,4685,145,1,12372.58,0.1
7661,4686,136,2,42539.86,0.05
7662,4686,191,2,25668.57,0.1
7663,4687,90,1,37188.84,0.05
7664,4687,30,2,8833.65,0.05
7665,4687,167,2,39773.19,0.1
7666,4688,120,3,22355.5,0.0
7667,4689,6,2,21794.83,0.05
7668,4690,188,1,43924.5,0.2
7669,4691,167,2,39773.19,0.05
7670,4692,116,3,8921.83,0.1
7671,4693,159,2,3070.84,0.05
7672,4693,6,3,21794.83,0.0
7673,4693,191,1,25668.57,0.2
7674,4694,164,1,42804.34,0.0
7675,4695,79,3,18307.97,0.05
7676,4696,169,3,5915.86,0.0
7677,4697,68,2,10784.99,0.2
7678,4698,56,2,44872.49,0.15
7679,4699,15,2,38205.74,0.0
7680,4700,160,2,23328.29,0.0
7681,4701,34,3,1910.97,0.05
7682,4701,99,1,34928.44,0.15
7683,4702,66,3,47190.57,0.05
7684,4703,86,2,8655.62,0.05
7685,4704,197,2,26851.86,0.2
7686,4705,66,3,47190.57,0.15
7687,4706,132,3,30606.19,0.05
7688,4707,133,2,21014.51,0.15
7689,4708,42,3,35391.16,0.05
7690,4708,180,3,21897.02,0.2
7691,4709,50,3,25321.56,0.0
7692,4709,100,3,15290.28,0.1
7693,4710,69,1,9019.63,0.2
7694,4711,58,3,4945.79,0.1
7695,4712,184,3,22608.18,0.05
7696,4713,103,1,41454.92,0.2
7697,4714,108,2,50140.67,0.0
7698,4715,186,3,8577.37,0.1
7699,4716,73,2,49942.04,0.2
7700,4717,127,2,40465.67,0.1
7701,4717,26,3,5340.38,0.05
7702,4718,53,1,50251.89,0.15
7703,4719,199,1,7411.65,0.05
7704,4719,59,3,34215.94,0.1
7705,4720,85,1,23127.94,0.2
7706,4720,99,2,34928.44,0.0
7707,4721,98,1,3308.53,0.05
7708,4721,93,1,34455.75,0.0
7709,4721,162,1,48984.46,0.0
7710,4722,136,2,42539.86,0.1
7711,4723,198,2,26983.92,0.2
7712,4723,145,3,12372.58,0.15
7713,4724,2,2,40309.91,0.0
7714,4725,84,3,8374.62,0.0
7715,4725,59,3,34215.94,0.15
7716,4726,158,3,17342.07,0.0
7717,4727,56,2,44872.49,0.15
7718,4728,54,2,11768.03,0.2
7719,4728,44,3,30820.13,0.05
7720,4728,187,3,24661.99,0.15
7721,4728,143,2,33742.3,0.15
7722,4729,46,3,44085.92,0.2
7723,4729,102,2,1008.25,0.1
7724,4730,20,3,27656.21,0.1
7725,4731,67,1,21572.02,0.2
7726,4732,169,1,5915.86,0.15
7727,4733,155,1,3806.76,0.0
7728,4734,167,2,39773.19,0.1
7729,4735,69,3,9019.63,0.2
7730,4735,30,2,8833.65,0.1
7731,4736,174,3,538.14,0.15
7732,4737,68,3,10784.99,0.05
7733,4738,2,3,40309.91,0.05
7734,4738,148,2,21684.4,0.15
7735,4739,20,1,27656.21,0.15
7736,4739,91,3,19812.47,0.1
7737,4739,116,1,8921.83,0.15
7738,4740,173,1,26855.55,0.2
7739,4741,23,3,26378.92,0.0
7740,4742,50,3,25321.56,0.2
7741,4742,23,2,26378.92,0.15
7742,4743,5,2,4803.48,0.1
7743,4744,71,3,45760.82,0.1
7744,4744,72,2,19963.16,0.15
7745,4745,20,2,27656.21,0.15
7746,4745,159,3,3070.84,0.15
7747,4745,105,1,17777.23,0.0
7748,4746,14,2,10524.66,0.05
7749,4746,184,2,22608.18,0.0
7750,4747,1,2,40696.64,0.1
7751,4747,48,2,18097.56,0.15
7752,4748,78,2,22980.54,0.1
7753,4749,165,2,36704.4,0.1
7754,4750,50,1,25321.56,0.2
7755,4750,186,3,8577.37,0.15
7756,4751,78,1,22980.54,0.0
7757,4752,111,3,3742.68,0.1
7758,4753,193,1,12185.72,0.05
7759,4753,186,1,8577.37,0.0
7760,4754,77,3,6283.7,0.05
7761,4754,110,1,28191.63,0.1
7762,4755,163,2,35870.08,0.0
7763,4755,6,2,21794.83,0.1
7764,4756,119,1,16619.7,0.0
7765,4757,199,2,7411.65,0.05
7766,4758,1,2,40696.64,0.2
7767,4759,107,1,16984.11,0.2
7768,4760,148,3,21684.4,0.15
7769,4761,15,2,38205.74,0.0
7770,4762,13,1,15039.84,0.15
7771,4762,111,3,3742.68,0.0
7772,4762,102,1,1008.25,0.15
7773,4763,118,2,29041.54,0.2
7774,4763,15,1,38205.74,0.1
7775,4764,118,3,29041.54,0.2
7776,4765,175,2,23206.0,0.2
7777,4765,121,2,28507.38,0.05
7778,4766,148,2,21684.4,0.15
7779,4767,146,3,40286.57,0.15
7780,4768,141,2,17316.48,0.2
7781,4768,119,2,16619.7,0.0
7782,4769,39,1,11770.94,0.0
7783,4769,155,3,3806.76,0.15
7784,4769,131,3,30688.69,0.2
7785,4770,121,2,28507.38,0.2
7786,4771,130,1,27639.1,0.1
7787,4772,117,3,36095.84,0.15
7788,4772,90,3,37188.84,0.15
7789,4773,111,1,3742.68,0.15
7790,4774,129,1,48499.86,0.0
7791,4774,48,3,18097.56,0.15
7792,4774,179,1,36065.25,0.1
7793,4774,60,2,10418.46,0.15
7794,4775,152,1,2563.86,0.0
7795,4775,91,1,19812.47,0.05
7796,4776,39,3,11770.94,0.0
7797,4777,84,2,8374.62,0.15
7798,4778,134,2,20156.16,0.0
7799,4778,17,3,30784.12,0.05
7800,4779,47,2,44066.13,0.1
7801,4779,76,3,12285.91,0.0
7802,4779,193,3,12185.72,0.05
7803,4780,108,2,50140.67,0.0
7804,4781,172,1,17664.71,0.05
7805,4781,164,3,42804.34,0.0
7806,4782,146,2,40286.57,0.05
7807,4783,138,1,49356.42,0.05
7808,4784,168,3,2470.72,0.0
7809,4785,132,3,30606.19,0.0
7810,4786,98,1,3308.53,0.0
7811,4786,149,2,5864.85,0.15
7812,4787,78,3,22980.54,0.1
7813,4787,111,2,3742.68,0.2
7814,4788,198,2,26983.92,0.2
7815,4789,26,3,5340.38,0.05
7816,4790,40,3,25646.78,0.2
7817,4790,127,1,40465.67,0.0
7818,4791,176,2,33751.54,0.2
7819,4791,42,3,35391.16,0.0
7820,4792,129,2,48499.86,0.0
7821,4793,134,2,20156.16,0.1
7822,4793,19,1,13411.65,0.15
7823,4794,110,1,28191.63,0.0
7824,4794,185,2,25661.22,0.15
7825,4794,100,3,15290.28,0.05
7826,4795,72,1,19963.16,0.15
7827,4795,42,2,35391.16,0.0
7828,4796,8,3,43782.92,0.2
7829,4796,88,3,12091.36,0.1
7830,4797,72,1,19963.16,0.1
7831,4797,174,3,538.14,0.15
7832,4798,176,3,33751.54,0.1
7833,4799,46,1,44085.92,0.0
7834,4799,73,1,49942.04,0.0
7835,4800,94,1,7289.85,0.2
7836,4801,24,3,29603.93,0.2
7837,4801,115,3,31652.31,0.15
7838,4801,89,1,48825.23,0.05
7839,4802,157,3,46646.8,0.15
7840,4802,78,2,22980.54,0.1
7841,4803,26,2,5340.38,0.2
7842,4803,157,2,46646.8,0.2
7843,4804,47,3,44066.13,0.2
7844,4804,93,1,34455.75,0.0
7845,4804,20,1,27656.21,0.05
7846,4805,104,2,31127.57,0.2
7847,4805,60,1,10418.46,0.05
7848,4805,55,2,28833.78,0.15
7849,4806,122,3,11268.33,0.1
7850,4806,15,3,38205.74,0.1
7851,4807,43,1,51003.27,0.05
7852,4807,109,3,36362.87,0.1
7853,4807,130,3,27639.1,0.1
7854,4808,178,2,2898.19,0.1
7855,4809,47,1,44066.13,0.05
7856,4810,2,1,40309.91,0.0
7857,4811,87,2,31914.35,0.15
7858,4812,200,3,20299.02,0.1
7859,4812,26,1,5340.38,0.05
7860,4813,196,2,6975.02,0.05
7861,4813,93,1,34455.75,0.05
7862,4814,4,3,41885.03,0.05
7863,4815,63,2,33772.34,0.1
7864,4815,31,1,41690.09,0.1
7865,4816,184,1,22608.18,0.05
7866,4817,65,3,10714.5,0.05
7867,4818,53,3,50251.89,0.1
7868,4819,124,2,11084.62,0.1
7869,4819,148,2,21684.4,0.05
7870,4820,126,1,1621.66,0.1
7871,4820,51,1,24437.01,0.0
7872,4821,67,3,21572.02,0.1
7873,4822,185,1,25661.22,0.1
7874,4822,134,3,20156.16,0.05
7875,4823,75,2,40963.99,0.2
7876,4823,11,1,26704.67,0.2
7877,4824,94,3,7289.85,0.1
7878,4825,192,1,28177.04,0.2
7879,4826,188,3,43924.5,0.15
7880,4827,110,1,28191.63,0.1
7881,4828,119,2,16619.7,0.0
7882,4828,186,3,8577.37,0.0
7883,4828,56,2,44872.49,0.1
7884,4829,174,1,538.14,0.15
7885,4830,52,3,15906.74,0.0
7886,4831,118,1,29041.54,0.1
7887,4831,96,1,14581.98,0.05
7888,4831,6,3,21794.83,0.15
7889,4831,17,3,30784.12,0.0
7890,4832,56,2,44872.49,0.15
7891,4832,77,2,6283.7,0.1
7892,4832,197,2,26851.86,0.2
7893,4832,25,3,38481.68,0.15
7894,4833,125,1,6198.59,0.05
7895,4834,152,1,2563.86,0.2
7896,4834,151,1,22108.82,0.1
7897,4834,138,1,49356.42,0.2
7898,4834,121,1,28507.38,0.2
7899,4835,141,1,17316.48,0.05
7900,4835,190,3,25334.25,0.05
7901,4835,20,3,27656.21,0.2
7902,4836,85,2,23127.94,0.1
7903,4837,195,2,24840.62,0.15
7904,4837,166,2,23654.57,0.1
7905,4838,41,3,7052.31,0.1
7906,4839,40,3,25646.78,0.05
7907,4839,44,2,30820.13,0.15
7908,4839,4,2,41885.03,0.1
7909,4840,34,3,1910.97,0.15
7910,4840,151,1,22108.82,0.05
7911,4841,115,1,31652.31,0.2
7912,4842,97,3,2156.33,0.15
7913,4842,12,3,20855.6,0.2
7914,4843,52,3,15906.74,0.1
7915,4843,155,2,3806.76,0.0
7916,4844,99,3,34928.44,0.2
7917,4845,185,1,25661.22,0.2
7918,4846,98,1,3308.53,0.2
7919,4847,188,2,43924.5,0.0
7920,4848,48,2,18097.56,0.2
7921,4849,127,1,40465.67,0.0
7922,4850,167,1,39773.19,0.0
7923,4851,154,2,36128.53,0.15
7924,4852,81,3,23072.5,0.2
7925,4852,161,2,42411.41,0.2
7926,4852,9,2,11984.47,0.0
7927,4853,82,1,30777.11,0.2
7928,4854,158,3,17342.07,0.0
7929,4855,141,3,17316.48,0.15
7930,4855,132,1,30606.19,0.2
7931,4856,1,2,40696.64,0.0
7932,4857,191,1,25668.57,0.05
7933,4858,7,2,30948.06,0.2
7934,4858,63,1,33772.34,0.2
7935,4859,143,3,33742.3,0.1
7936,4859,170,2,10648.71,0.1
7937,4860,125,1,6198.59,0.0
7938,4861,45,3,26285.18,0.15
7939,4861,111,2,3742.68,0.15
7940,4862,144,1,9261.62,0.0
7941,4863,20,3,27656.21,0.0
7942,4863,176,2,33751.54,0.05
7943,4864,77,3,6283.7,0.05
7944,4865,152,2,2563.86,0.2
7945,4866,85,3,23127.94,0.1
7946,4866,198,1,26983.92,0.0
7947,4866,97,3,2156.33,0.0
7948,4867,9,3,11984.47,0.15
7949,4867,17,2,30784.12,0.15
7950,4868,24,3,29603.93,0.05
7951,4869,41,2,7052.31,0.1
7952,4870,113,2,27795.82,0.0
7953,4870,80,1,19270.14,0.0
7954,4871,55,1,28833.78,0.05
7955,4872,136,1,42539.86,0.15
7956,4873,5,1,4803.48,0.05
7957,4873,79,1,18307.97,0.15
7958,4874,135,1,6436.82,0.0
7959,4874,140,3,30777.61,0.1
7960,4874,142,3,19228.31,0.05
7961,4875,56,1,44872.49,0.1
7962,4876,89,1,48825.23,0.15
7963,4877,102,1,1008.25,0.2
7964,4878,27,2,39548.82,0.05
7965,4878,3,1,23359.03,0.0
7966,4878,148,1,21684.4,0.0
7967,4879,169,1,5915.86,0.1
7968,4880,102,3,1008.25,0.05
7969,4881,140,3,30777.61,0.0
7970,4882,170,2,10648.71,0.0
7971,4883,145,3,12372.58,0.2
7972,4884,24,1,29603.93,0.0
7973,4884,153,2,42981.95,0.15
7974,4884,80,3,19270.14,0.15
7975,4885,181,1,40139.53,0.15
7976,4886,120,2,22355.5,0.05
7977,4887,41,3,7052.31,0.1
7978,4887,10,2,18200.22,0.0
7979,4887,162,3,48984.46,0.2
7980,4888,2,1,40309.91,0.1
7981,4888,112,1,14176.68,0.05
7982,4888,189,1,24813.39,0.1
7983,4889,103,3,41454.92,0.05
7984,4890,84,1,8374.62,0.0
7985,4891,148,2,21684.4,0.15
7986,4892,125,2,6198.59,0.0
7987,4892,63,3,33772.34,0.1
7988,4892,10,1,18200.22,0.05
7989,4893,33,1,12098.86,0.2
7990,4894,52,1,15906.74,0.2
7991,4895,39,1,11770.94,0.15
7992,4895,76,2,12285.91,0.0
7993,4896,52,3,15906.74,0.15
7994,4896,87,2,31914.35,0.1
7995,4897,145,1,12372.58,0.05
7996,4898,58,3,4945.79,0.1
7997,4898,170,2,10648.71,0.1
7998,4899,155,1,3806.76,0.2
7999,4900,130,1,27639.1,0.0
8000,4901,142,2,19228.31,0.0
8001,4902,175,2,23206.0,0.15
8002,4903,24,3,29603.93,0.1
8003,4904,62,3,10449.51,0.0
8004,4905,93,1,34455.75,0.0
8005,4906,66,3,47190.57,0.1
8006,4907,93,3,34455.75,0.1
8007,4907,131,2,30688.69,0.1
8008,4907,184,3,22608.18,0.05
8009,4908,129,1,48499.86,0.2
8010,4909,55,1,28833.78,0.0
8011,4910,90,1,37188.84,0.2
8012,4911,155,1,3806.76,0.15
8013,4912,153,2,42981.95,0.1
8014,4912,29,1,30681.71,0.15
8015,4913,31,1,41690.09,0.15
8016,4913,191,2,25668.57,0.15
8017,4913,149,3,5864.85,0.1
8018,4914,72,1,19963.16,0.15
8019,4914,103,3,41454.92,0.05
8020,4915,173,3,26855.55,0.1
8021,4915,164,1,42804.34,0.2
8022,4916,89,3,48825.23,0.2
8023,4916,109,3,36362.87,0.15
8024,4917,43,1,51003.27,0.0
8025,4917,3,2,23359.03,0.2
8026,4918,21,3,17242.26,0.1
8027,4918,8,1,43782.92,0.1
8028,4918,59,2,34215.94,0.15
8029,4918,99,2,34928.44,0.0
8030,4919,37,3,29778.23,0.15
8031,4920,150,2,27289.27,0.1
8032,4921,17,2,30784.12,0.1
8033,4922,91,3,19812.47,0.0
8034,4922,4,1,41885.03,0.05
8035,4923,5,3,4803.48,0.2
8036,4923,110,2,28191.63,0.1
8037,4924,81,2,23072.5,0.1
8038,4925,115,3,31652.31,0.05
8039,4926,53,3,50251.89,0.0
8040,4926,106,1,36075.95,0.2
8041,4927,134,1,20156.16,0.1
8042,4928,166,3,23654.57,0.0
8043,4929,111,3,3742.68,0.1
8044,4930,39,1,11770.94,0.15
8045,4931,76,1,12285.91,0.15
8046,4932,110,1,28191.63,0.05
8047,4933,44,2,30820.13,0.1
8048,4934,52,1,15906.74,0.05
8049,4934,170,2,10648.71,0.0
8050,4934,169,2,5915.86,0.15
8051,4935,48,3,18097.56,0.0
8052,4936,89,2,48825.23,0.1
8053,4936,77,2,6283.7,0.0
8054,4936,18,1,5102.7,0.15
8055,4937,115,3,31652.31,0.0
8056,4938,141,2,17316.48,0.2
8057,4939,30,2,8833.65,0.05
8058,4940,55,3,28833.78,0.15
8059,4940,194,3,50025.77,0.0
8060,4941,196,3,6975.02,0.05
8061,4942,109,3,36362.87,0.1
8062,4942,167,2,39773.19,0.0
8063,4943,16,2,23743.03,0.1
8064,4944,185,2,25661.22,0.15
8065,4945,119,3,16619.7,0.1
8066,4946,85,1,23127.94,0.2
8067,4947,91,1,19812.47,0.0
8068,4948,79,3,18307.97,0.2
8069,4948,64,3,43716.56,0.05
8070,4949,4,3,41885.03,0.2
8071,4950,132,1,30606.19,0.05
8072,4950,111,3,3742.68,0.1
8073,4950,31,3,41690.09,0.1
8074,4951,28,1,18136.06,0.2
8075,4951,65,3,10714.5,0.05
8076,4952,86,1,8655.62,0.0
8077,4953,173,3,26855.55,0.2
8078,4954,87,1,31914.35,0.2
8079,4954,145,1,12372.58,0.2
8080,4955,136,2,42539.86,0.05
8081,4955,10,3,18200.22,0.05
8082,4956,198,2,26983.92,0.05
8083,4956,11,1,26704.67,0.15
8084,4957,4,3,41885.03,0.2
8085,4958,14,1,10524.66,0.2
8086,4959,75,3,40963.99,0.15
8087,4959,5,3,4803.48,0.15
8088,4959,27,2,39548.82,0.15
8089,4960,179,1,36065.25,0.2
8090,4960,177,3,4661.0,0.0
8091,4961,85,2,23127.94,0.0
8092,4961,4,3,41885.03,0.15
8093,4962,91,2,19812.47,0.1
8094,4963,195,2,24840.62,0.0
8095,4963,79,2,18307.97,0.2
8096,4963,90,1,37188.84,0.1
8097,4963,181,1,40139.53,0.2
8098,4964,112,2,14176.68,0.05
8099,4965,79,1,18307.97,0.1
8100,4965,63,3,33772.34,0.1
8101,4966,109,3,36362.87,0.1
8102,4967,119,1,16619.7,0.2
8103,4967,160,2,23328.29,0.05
8104,4968,59,3,34215.94,0.15
8105,4968,43,1,51003.27,0.05
8106,4969,59,1,34215.94,0.05
8107,4969,126,3,1621.66,0.2
8108,4969,194,1,50025.77,0.2
8109,4970,11,2,26704.67,0.15
8110,4970,84,2,8374.62,0.0
8111,4971,68,1,10784.99,0.1
8112,4971,17,1,30784.12,0.0
8113,4971,176,2,33751.54,0.15
8114,4972,60,1,10418.46,0.2
8115,4973,114,3,41748.5,0.2
8116,4973,99,1,34928.44,0.15
8117,4974,91,3,19812.47,0.0
8118,4975,121,1,28507.38,0.1
8119,4975,2,1,40309.91,0.05
8120,4976,62,2,10449.51,0.1
8121,4977,56,1,44872.49,0.2
8122,4977,119,1,16619.7,0.0
8123,4978,20,3,27656.21,0.1
8124,4979,20,1,27656.21,0.1
8125,4980,124,2,11084.62,0.2
8126,4980,184,1,22608.18,0.15
8127,4980,31,1,41690.09,0.0
8128,4981,74,2,29336.62,0.15
8129,4982,44,1,30820.13,0.1
8130,4982,7,2,30948.06,0.2
8131,4982,114,2,41748.5,0.05
8132,4983,80,2,19270.14,0.1
8133,4983,31,2,41690.09,0.15
8134,4984,116,3,8921.83,0.0
8135,4984,50,2,25321.56,0.2
8136,4984,17,3,30784.12,0.1
8137,4985,104,2,31127.57,0.0
8138,4985,60,1,10418.46,0.2
8139,4986,134,1,20156.16,0.2
8140,4986,155,1,3806.76,0.0
8141,4986,69,1,9019.63,0.1
8142,4987,94,2,7289.85,0.2
8143,4988,27,2,39548.82,0.15
8144,4988,104,1,31127.57,0.2
8145,4989,13,3,15039.84,0.1
8146,4990,131,1,30688.69,0.05
8147,4990,176,2,33751.54,0.1
8148,4990,159,2,3070.84,0.05
8149,4991,44,1,30820.13,0.15
8150,4991,111,1,3742.68,0.1
8151,4992,9,2,11984.47,0.05
8152,4992,140,2,30777.61,0.05
8153,4993,145,1,12372.58,0.0
8154,4994,49,2,26129.96,0.05
8155,4995,151,1,22108.82,0.2
8156,4995,189,3,24813.39,0.0
8157,4996,2,3,40309.91,0.05
8158,4997,165,3,36704.4,0.05
8159,4998,29,3,30681.71,0.0
8160,4999,126,2,1621.66,0.1
8161,5000,186,1,8577.37,0.2
8162,5000,123,3,42594.36,0.15
