Order_ID,Customer_ID,Order_Date,Order_Status
1,658,2025-02-01 21:00:00,Delivered
2,639,2025-12-19 18:00:00,Delivered
3,376,2024-08-14 19:00:00,Delivered
4,14,2024-08-01 20:00:00,Delivered
5,912,2024-03-22 14:00:00,Delivered
6,63,2025-01-04 17:00:00,Delivered
7,912,2025-03-01 11:00:00,Delivered
8,60,2025-09-23 08:00:00,Delivered
9,752,2024-03-13 09:00:00,Delivered
10,222,2025-06-15 03:00:00,Delivered
11,237,2025-06-28 12:00:00,Delivered
12,539,2025-11-03 07:00:00,Delivered
13,971,2024-07-02 17:00:00,Delivered
14,426,2024-04-18 20:00:00,Delivered
15,691,2025-04-14 22:00:00,Delivered
16,905,2024-04-16 05:00:00,Delivered
17,564,2025-02-15 16:00:00,Delivered
18,162,2025-06-30 19:00:00,Delivered
19,361,2024-11-18 17:00:00,Returned
20,333,2025-01-15 13:00:00,Delivered
21,441,2024-11-27 19:00:00,Delivered
22,559,2024-08-07 12:00:00,Delivered
23,949,2024-09-17 11:00:00,Returned
24,459,2025-02-10 00:00:00,Delivered
25,292,2025-09-02 00:00:00,Delivered
26,912,2024-11-05 00:00:00,Delivered
27,228,2024-08-07 10:00:00,Delivered
28,842,2025-12-07 08:00:00,Cancelled
29,524,2025-07-23 18:00:00,Returned
30,159,2024-04-06 01:00:00,Delivered
31,160,2024-05-21 08:00:00,Delivered
32,597,2024-09-12 07:00:00,Delivered
33,308,2024-04-04 18:00:00,Delivered
34,940,2024-08-10 23:00:00,Delivered
35,333,2025-05-09 05:00:00,Delivered
36,921,2025-12-07 22:00:00,Delivered
37,930,2024-04-07 19:00:00,Delivered
38,39,2025-08-13 12:00:00,Delivered
39,58,2024-12-08 11:00:00,Cancelled
40,445,2025-03-02 03:00:00,Cancelled
41,233,2025-10-30 19:00:00,Returned
42,650,2025-10-09 12:00:00,Delivered
43,537,2024-02-12 10:00:00,Delivered
44,154,2024-11-30 16:00:00,Delivered
45,157,2024-02-21 21:00:00,Delivered
46,403,2025-04-01 19:00:00,Delivered
47,93,2024-08-15 13:00:00,Delivered
48,404,2024-05-31 04:00:00,Delivered
49,488,2025-08-08 23:00:00,Delivered
50,409,2024-09-25 02:00:00,Delivered
51,445,2025-12-15 04:00:00,Delivered
52,493,2025-07-26 06:00:00,Delivered
53,668,2025-08-08 06:00:00,Delivered
54,754,2025-06-20 07:00:00,Delivered
55,273,2025-03-16 10:00:00,Delivered
56,590,2024-04-01 03:00:00,Delivered
57,434,2025-01-09 11:00:00,Delivered
58,353,2025-08-31 20:00:00,Delivered
59,313,2024-06-22 11:00:00,Delivered
60,823,2025-03-28 19:00:00,Delivered
61,46,2024-08-27 06:00:00,Delivered
62,160,2024-03-28 03:00:00,Delivered
63,249,2025-09-27 04:00:00,Cancelled
64,840,2024-10-21 00:00:00,Delivered
65,824,2024-04-23 09:00:00,Delivered
66,24,2024-12-05 06:00:00,Delivered
67,217,2024-07-27 17:00:00,Delivered
68,265,2025-07-15 15:00:00,Delivered
69,145,2025-12-12 22:00:00,Delivered
70,386,2025-08-19 21:00:00,Delivered
71,262,2024-06-23 01:00:00,Delivered
72,809,2025-12-14 19:00:00,Delivered
73,477,2025-11-01 00:00:00,Delivered
74,677,2024-10-04 21:00:00,Cancelled
75,676,2025-01-03 03:00:00,Delivered
76,889,2025-10-26 12:00:00,Delivered
77,390,2025-06-04 22:00:00,Delivered
78,324,2025-05-11 19:00:00,Delivered
79,191,2024-07-22 16:00:00,Returned
80,575,2025-12-30 00:00:00,Delivered
81,945,2025-06-26 09:00:00,Delivered
82,403,2024-06-09 00:00:00,Delivered
83,361,2024-12-29 20:00:00,Delivered
84,514,2024-10-09 01:00:00,Delivered
85,900,2025-01-31 00:00:00,Returned
86,972,2024-10-13 07:00:00,Delivered
87,919,2025-02-06 21:00:00,Delivered
88,748,2025-01-26 16:00:00,Returned
89,628,2025-10-02 21:00:00,Delivered
90,247,2025-08-09 04:00:00,Delivered
91,320,2025-09-11 10:00:00,Delivered
92,135,2024-07-30 20:00:00,Delivered
93,555,2025-12-01 06:00:00,Cancelled
94,317,2025-12-06 22:00:00,Cancelled
95,932,2024-05-18 13:00:00,Returned
96,1000,2024-05-28 20:00:00,Returned
97,940,2024-06-10 10:00:00,Delivered
98,546,2024-05-01 05:00:00,Delivered
99,901,2024-05-29 23:00:00,Delivered
100,327,2025-02-27 13:00:00,Delivered
101,764,2025-10-14 23:00:00,Delivered
102,798,2024-07-11 03:00:00,Delivered
103,27,2025-09-18 19:00:00,Delivered
104,581,2025-09-19 07:00:00,Delivered
105,237,2025-12-04 00:00:00,Delivered
106,705,2025-05-03 04:00:00,Delivered
107,620,2025-04-25 22:00:00,Delivered
108,189,2025-01-31 15:00:00,Delivered
109,168,2024-07-16 07:00:00,Delivered
110,783,2024-01-16 08:00:00,Returned
111,228,2025-11-18 06:00:00,Delivered
112,68,2024-06-30 14:00:00,Cancelled
113,502,2025-12-05 10:00:00,Cancelled
114,909,2024-09-09 13:00:00,Delivered
115,43,2025-09-14 23:00:00,Cancelled
116,738,2024-11-16 12:00:00,Delivered
117,761,2025-08-08 19:00:00,Delivered
118,657,2025-12-22 01:00:00,Delivered
119,463,2025-04-12 01:00:00,Cancelled
120,252,2025-06-15 17:00:00,Delivered
121,753,2024-02-10 17:00:00,Delivered
122,784,2025-10-07 01:00:00,Delivered
123,451,2025-02-11 09:00:00,Delivered
124,293,2025-04-17 05:00:00,Delivered
125,628,2024-02-25 22:00:00,Delivered
126,146,2025-04-19 20:00:00,Delivered
127,740,2025-05-27 03:00:00,Delivered
128,600,2025-12-13 17:00:00,Delivered
129,424,2024-11-27 14:00:00,Delivered
130,465,2025-08-27 22:00:00,Cancelled
131,904,2025-04-10 02:00:00,Delivered
132,709,2025-10-26 22:00:00,Delivered
133,736,2024-05-06 02:00:00,Delivered
134,461,2025-10-11 11:00:00,Delivered
135,725,2025-01-28 23:00:00,Delivered
136,524,2025-09-18 05:00:00,Delivered
137,390,2024-02-14 05:00:00,Cancelled
138,580,2025-11-06 04:00:00,Delivered
139,149,2024-07-02 22:00:00,Delivered
140,316,2024-11-12 23:00:00,Delivered
141,457,2024-10-22 20:00:00,Delivered
142,921,2024-05-14 06:00:00,Delivered
143,784,2024-09-16 00:00:00,Delivered
144,876,2025-05-25 17:00:00,Delivered
145,623,2025-05-20 07:00:00,Delivered
146,676,2025-05-02 14:00:00,Delivered
147,82,2025-09-07 19:00:00,Delivered
148,904,2025-07-14 08:00:00,Delivered
149,571,2024-07-31 01:00:00,Delivered
150,57,2025-10-30 11:00:00,Delivered
151,875,2024-02-03 21:00:00,Delivered
152,618,2024-11-01 10:00:00,Returned
153,51,2024-04-21 13:00:00,Returned
154,166,2025-11-19 09:00:00,Delivered
155,709,2025-12-17 19:00:00,Delivered
156,576,2024-06-30 14:00:00,Delivered
157,369,2024-02-06 02:00:00,Delivered
158,331,2025-01-12 12:00:00,Cancelled
159,777,2025-03-13 17:00:00,Delivered
160,483,2024-05-17 03:00:00,Delivered
161,282,2024-12-03 16:00:00,Delivered
162,215,2025-12-13 06:00:00,Delivered
163,112,2025-08-08 23:00:00,Returned
164,542,2024-03-30 15:00:00,Delivered
165,620,2025-12-24 09:00:00,Delivered
166,869,2024-11-20 08:00:00,Delivered
167,639,2024-12-28 04:00:00,Delivered
168,509,2025-06-16 23:00:00,Delivered
169,505,2024-07-03 19:00:00,Delivered
170,298,2024-07-17 00:00:00,Delivered
171,477,2025-10-02 03:00:00,Delivered
172,213,2025-09-22 13:00:00,Delivered
173,342,2024-12-24 17:00:00,Delivered
174,218,2024-01-12 20:00:00,Delivered
175,289,2024-09-17 02:00:00,Delivered
176,519,2025-07-17 10:00:00,Delivered
177,117,2025-12-03 10:00:00,Delivered
178,742,2025-08-05 19:00:00,Returned
179,853,2024-06-28 06:00:00,Delivered
180,347,2025-11-19 15:00:00,Cancelled
181,817,2024-02-06 20:00:00,Delivered
182,160,2025-10-04 14:00:00,Cancelled
183,550,2024-12-09 14:00:00,Delivered
184,424,2024-02-27 16:00:00,Delivered
185,743,2025-11-25 10:00:00,Delivered
186,20,2024-08-01 18:00:00,Delivered
187,819,2024-12-28 02:00:00,Returned
188,288,2024-02-01 10:00:00,Returned
189,642,2025-07-01 05:00:00,Delivered
190,399,2024-07-10 19:00:00,Delivered
191,802,2024-11-11 22:00:00,Cancelled
192,727,2024-02-02 08:00:00,Delivered
193,509,2024-08-31 11:00:00,Delivered
194,974,2024-11-05 06:00:00,Delivered
195,180,2024-04-24 11:00:00,Delivered
196,797,2024-07-25 02:00:00,Delivered
197,26,2025-05-09 16:00:00,Delivered
198,349,2025-05-10 23:00:00,Cancelled
199,318,2024-12-01 04:00:00,Delivered
200,101,2025-06-12 21:00:00,Returned
201,211,2024-02-07 14:00:00,Delivered
202,886,2025-06-18 03:00:00,Delivered
203,955,2024-02-15 21:00:00,Cancelled
204,893,2024-03-30 10:00:00,Delivered
205,48,2024-04-15 16:00:00,Delivered
206,764,2024-11-15 00:00:00,Delivered
207,320,2025-10-16 06:00:00,Delivered
208,198,2024-10-20 08:00:00,Delivered
209,792,2025-03-27 21:00:00,Delivered
210,153,2024-06-10 08:00:00,Delivered
211,982,2025-09-29 17:00:00,Delivered
212,212,2025-07-09 11:00:00,Delivered
213,278,2024-05-24 22:00:00,Delivered
214,588,2024-09-07 05:00:00,Delivered
215,628,2024-12-12 17:00:00,Delivered
216,134,2024-01-30 15:00:00,Cancelled
217,52,2024-04-18 12:00:00,Delivered
218,437,2025-02-05 05:00:00,Delivered
219,913,2025-08-29 20:00:00,Cancelled
220,717,2025-04-01 19:00:00,Delivered
221,341,2024-07-21 22:00:00,Delivered
222,829,2025-06-30 02:00:00,Returned
223,774,2025-04-21 18:00:00,Delivered
224,833,2025-12-16 14:00:00,Delivered
225,318,2025-12-01 20:00:00,Delivered
226,477,2025-04-26 07:00:00,Returned
227,148,2025-09-23 08:00:00,Cancelled
228,402,2024-07-06 22:00:00,Cancelled
229,339,2024-11-28 14:00:00,Delivered
230,67,2025-05-01 03:00:00,Delivered
231,473,2024-06-23 09:00:00,Delivered
232,619,2025-08-11 04:00:00,Delivered
233,416,2024-04-19 10:00:00,Delivered
234,73,2024-11-05 17:00:00,Delivered
235,605,2025-02-27 07:00:00,Delivered
236,562,2024-06-11 15:00:00,Delivered
237,349,2024-08-01 22:00:00,Delivered
238,804,2025-03-21 18:00:00,Delivered
239,558,2025-12-11 07:00:00,Delivered
240,686,2024-03-20 23:00:00,Returned
241,588,2025-05-13 03:00:00,Delivered
242,475,2024-11-29 17:00:00,Delivered
243,456,2024-06-29 09:00:00,Returned
244,72,2025-09-04 03:00:00,Delivered
245,611,2025-01-23 10:00:00,Delivered
246,677,2024-03-03 02:00:00,Delivered
247,143,2025-08-17 20:00:00,Delivered
248,776,2024-05-30 21:00:00,Delivered
249,545,2024-10-25 12:00:00,Delivered
250,458,2024-07-19 06:00:00,Delivered
251,325,2024-11-02 18:00:00,Delivered
252,696,2024-11-07 13:00:00,Delivered
253,938,2024-12-18 02:00:00,Delivered
254,627,2025-06-06 12:00:00,Cancelled
255,873,2024-10-28 01:00:00,Delivered
256,563,2024-02-24 00:00:00,Delivered
257,841,2025-01-02 03:00:00,Cancelled
258,887,2024-02-01 07:00:00,Delivered
259,605,2025-02-07 20:00:00,Delivered
260,392,2025-02-19 12:00:00,Delivered
261,217,2025-11-09 05:00:00,Delivered
262,193,2025-07-22 12:00:00,Cancelled
263,369,2025-03-03 04:00:00,Delivered
264,894,2025-11-17 04:00:00,Delivered
265,74,2025-10-25 00:00:00,Delivered
266,907,2025-05-13 21:00:00,Delivered
267,140,2024-03-27 04:00:00,Delivered
268,426,2025-04-11 22:00:00,Delivered
269,436,2025-09-30 05:00:00,Delivered
270,435,2025-07-19 14:00:00,Delivered
271,232,2024-07-09 13:00:00,Delivered
272,592,2025-05-25 23:00:00,Delivered
273,514,2024-10-02 13:00:00,Returned
274,591,2025-01-10 01:00:00,Returned
275,582,2025-05-09 22:00:00,Delivered
276,595,2025-05-08 22:00:00,Delivered
277,748,2025-06-23 08:00:00,Delivered
278,81,2025-06-19 19:00:00,Delivered
279,484,2025-10-07 23:00:00,Delivered
280,685,2024-03-20 21:00:00,Delivered
281,818,2025-08-16 09:00:00,Delivered
282,926,2024-12-17 17:00:00,Delivered
283,481,2025-04-09 16:00:00,Cancelled
284,588,2024-12-05 13:00:00,Delivered
285,818,2024-10-28 09:00:00,Delivered
286,712,2025-09-03 23:00:00,Delivered
287,804,2025-07-31 08:00:00,Delivered
288,485,2025-08-15 05:00:00,Delivered
289,673,2024-10-25 23:00:00,Delivered
290,294,2025-05-11 02:00:00,Delivered
291,79,2024-10-11 08:00:00,Delivered
292,288,2024-10-08 08:00:00,Delivered
293,115,2025-09-10 05:00:00,Cancelled
294,757,2024-06-03 21:00:00,Delivered
295,828,2024-06-28 08:00:00,Delivered
296,242,2025-05-11 05:00:00,Delivered
297,883,2024-02-03 10:00:00,Returned
298,991,2024-05-28 19:00:00,Returned
299,158,2025-05-22 13:00:00,Delivered
300,244,2025-11-07 14:00:00,Delivered
301,172,2024-08-03 18:00:00,Delivered
302,354,2024-02-25 20:00:00,Delivered
303,840,2024-04-28 01:00:00,Delivered
304,409,2025-05-02 09:00:00,Delivered
305,972,2025-06-29 07:00:00,Delivered
306,723,2025-02-03 15:00:00,Delivered
307,544,2025-03-21 00:00:00,Delivered
308,817,2025-04-04 12:00:00,Delivered
309,985,2025-06-26 21:00:00,Returned
310,100,2025-06-28 20:00:00,Delivered
311,865,2025-03-18 19:00:00,Cancelled
312,879,2024-10-06 10:00:00,Delivered
313,822,2024-04-10 08:00:00,Delivered
314,401,2025-04-17 21:00:00,Delivered
315,752,2025-11-19 18:00:00,Delivered
316,533,2024-12-11 21:00:00,Delivered
317,185,2024-11-16 17:00:00,Delivered
318,9,2024-03-10 00:00:00,Delivered
319,538,2024-04-16 21:00:00,Delivered
320,225,2024-10-17 08:00:00,Delivered
321,25,2025-09-26 02:00:00,Delivered
322,609,2025-11-03 06:00:00,Returned
323,654,2024-05-04 22:00:00,Returned
324,89,2025-09-11 04:00:00,Delivered
325,783,2025-10-25 18:00:00,Delivered
326,190,2024-04-23 22:00:00,Delivered
327,302,2025-04-23 21:00:00,Returned
328,655,2025-04-09 08:00:00,Delivered
329,709,2025-11-14 10:00:00,Delivered
330,800,2024-03-16 08:00:00,Delivered
331,392,2025-02-01 10:00:00,Returned
332,265,2024-09-28 05:00:00,Delivered
333,504,2024-07-24 19:00:00,Delivered
334,661,2025-05-18 03:00:00,Delivered
335,788,2025-03-17 06:00:00,Delivered
336,109,2025-03-28 22:00:00,Delivered
337,36,2024-03-15 02:00:00,Delivered
338,257,2025-04-01 00:00:00,Cancelled
339,153,2025-10-30 20:00:00,Delivered
340,39,2025-11-11 12:00:00,Delivered
341,717,2024-12-03 12:00:00,Delivered
342,528,2025-12-25 15:00:00,Delivered
343,414,2024-03-12 17:00:00,Delivered
344,394,2025-12-06 15:00:00,Delivered
345,549,2025-01-02 10:00:00,Delivered
346,411,2024-02-26 20:00:00,Returned
347,663,2024-04-02 11:00:00,Delivered
348,984,2024-12-14 02:00:00,Cancelled
349,779,2024-10-23 20:00:00,Delivered
350,568,2024-02-10 12:00:00,Delivered
351,307,2025-12-13 12:00:00,Cancelled
352,646,2025-12-06 11:00:00,Delivered
353,907,2025-10-09 14:00:00,Delivered
354,144,2024-02-06 06:00:00,Delivered
355,608,2024-09-01 15:00:00,Delivered
356,812,2025-07-07 20:00:00,Delivered
357,547,2025-04-05 00:00:00,Delivered
358,58,2024-12-11 23:00:00,Delivered
359,122,2024-08-04 20:00:00,Delivered
360,470,2025-11-25 17:00:00,Delivered
361,594,2024-08-26 02:00:00,Delivered
362,145,2025-05-15 20:00:00,Delivered
363,929,2025-09-25 01:00:00,Delivered
364,665,2024-05-13 00:00:00,Delivered
365,52,2024-11-10 03:00:00,Delivered
366,175,2025-08-28 02:00:00,Delivered
367,109,2024-04-26 15:00:00,Delivered
368,631,2024-08-13 02:00:00,Delivered
369,437,2024-12-11 23:00:00,Delivered
370,333,2024-05-03 21:00:00,Delivered
371,141,2024-11-25 06:00:00,Delivered
372,608,2024-06-26 10:00:00,Delivered
373,281,2024-05-24 13:00:00,Delivered
374,379,2025-07-20 05:00:00,Delivered
375,948,2025-08-18 01:00:00,Delivered
376,811,2025-10-09 19:00:00,Delivered
377,162,2024-01-17 15:00:00,Delivered
378,8,2024-07-02 02:00:00,Delivered
379,608,2024-10-17 13:00:00,Delivered
380,812,2025-05-02 22:00:00,Delivered
381,147,2025-10-17 08:00:00,Delivered
382,422,2024-09-01 05:00:00,Delivered
383,39,2025-09-02 05:00:00,Delivered
384,627,2024-03-31 20:00:00,Cancelled
385,309,2024-12-22 13:00:00,Delivered
386,242,2024-07-15 03:00:00,Returned
387,98,2025-09-25 11:00:00,Cancelled
388,553,2025-06-03 07:00:00,Delivered
389,642,2025-11-06 06:00:00,Delivered
390,199,2024-04-25 04:00:00,Delivered
391,992,2025-04-30 15:00:00,Delivered
392,687,2024-02-14 01:00:00,Delivered
393,292,2024-08-02 13:00:00,Delivered
394,632,2025-04-09 01:00:00,Delivered
395,54,2025-07-04 05:00:00,Delivered
396,30,2025-05-11 16:00:00,Delivered
397,917,2024-08-28 23:00:00,Delivered
398,594,2024-11-29 13:00:00,Delivered
399,694,2024-11-29 07:00:00,Delivered
400,334,2024-08-21 03:00:00,Delivered
401,423,2024-07-23 12:00:00,Cancelled
402,76,2025-04-27 18:00:00,Delivered
403,912,2025-03-22 04:00:00,Delivered
404,625,2025-04-10 05:00:00,Delivered
405,140,2025-04-13 23:00:00,Delivered
406,368,2024-10-03 06:00:00,Delivered
407,33,2025-12-09 18:00:00,Delivered
408,140,2024-04-23 14:00:00,Delivered
409,176,2024-12-17 07:00:00,Cancelled
410,619,2024-06-09 20:00:00,Returned
411,928,2024-06-23 18:00:00,Returned
412,876,2024-08-23 02:00:00,Delivered
413,535,2025-05-15 06:00:00,Delivered
414,858,2025-04-18 08:00:00,Delivered
415,439,2024-09-09 07:00:00,Delivered
416,594,2024-08-15 18:00:00,Returned
417,936,2025-08-10 00:00:00,Delivered
418,46,2024-02-11 15:00:00,Delivered
419,517,2024-02-04 13:00:00,Delivered
420,491,2025-12-14 03:00:00,Delivered
421,247,2024-03-26 17:00:00,Delivered
422,710,2025-02-20 06:00:00,Delivered
423,303,2024-09-01 20:00:00,Returned
424,17,2025-05-06 21:00:00,Delivered
425,721,2025-04-15 18:00:00,Delivered
426,25,2025-04-10 14:00:00,Delivered
427,896,2025-12-21 12:00:00,Delivered
428,893,2025-01-14 20:00:00,Delivered
429,649,2024-01-02 20:00:00,Delivered
430,915,2025-12-08 10:00:00,Delivered
431,304,2025-03-12 08:00:00,Delivered
432,628,2025-07-09 18:00:00,Delivered
433,807,2025-12-02 02:00:00,Delivered
434,344,2024-02-26 16:00:00,Returned
435,691,2025-01-07 01:00:00,Delivered
436,375,2025-04-21 19:00:00,Delivered
437,376,2024-06-28 20:00:00,Delivered
438,69,2025-07-28 22:00:00,Delivered
439,142,2024-12-08 07:00:00,Delivered
440,665,2025-05-04 23:00:00,Returned
441,595,2025-12-20 06:00:00,Delivered
442,780,2024-08-18 10:00:00,Delivered
443,274,2025-05-30 21:00:00,Delivered
444,56,2024-03-05 11:00:00,Delivered
445,498,2025-05-28 16:00:00,Cancelled
446,482,2025-12-27 17:00:00,Delivered
447,546,2024-10-26 14:00:00,Delivered
448,820,2025-11-20 22:00:00,Delivered
449,964,2024-03-08 06:00:00,Cancelled
450,469,2024-03-30 02:00:00,Delivered
451,184,2024-10-22 02:00:00,Delivered
452,283,2024-04-24 22:00:00,Delivered
453,155,2024-07-28 16:00:00,Returned
454,24,2024-10-27 13:00:00,Returned
455,555,2024-05-15 15:00:00,Delivered
456,455,2025-10-22 00:00:00,Delivered
457,65,2024-01-23 07:00:00,Cancelled
458,533,2025-10-22 10:00:00,Delivered
459,352,2025-11-02 20:00:00,Delivered
460,498,2025-08-30 21:00:00,Delivered
461,863,2025-07-15 14:00:00,Delivered
462,581,2024-05-15 09:00:00,Delivered
463,267,2024-08-20 15:00:00,Delivered
464,296,2024-02-18 04:00:00,Delivered
465,467,2024-06-19 19:00:00,Returned
466,729,2025-07-02 09:00:00,Delivered
467,180,2025-12-26 22:00:00,Cancelled
468,814,2024-06-06 05:00:00,Delivered
469,43,2024-11-20 18:00:00,Delivered
470,267,2025-01-13 05:00:00,Delivered
471,725,2024-02-05 21:00:00,Delivered
472,353,2024-05-31 11:00:00,Delivered
473,999,2024-06-15 17:00:00,Delivered
474,943,2024-01-26 12:00:00,Returned
475,787,2024-05-28 14:00:00,Returned
476,160,2024-01-05 23:00:00,Delivered
477,520,2024-12-05 20:00:00,Delivered
478,486,2024-10-23 18:00:00,Delivered
479,819,2025-08-01 23:00:00,Cancelled
480,453,2024-12-12 22:00:00,Delivered
481,491,2024-02-11 04:00:00,Delivered
482,120,2024-11-11 00:00:00,Delivered
483,862,2024-08-13 14:00:00,Delivered
484,335,2024-02-26 19:00:00,Delivered
485,598,2025-06-23 07:00:00,Delivered
486,786,2024-10-11 06:00:00,Delivered
487,552,2025-04-01 21:00:00,Delivered
488,90,2025-06-08 12:00:00,Delivered
489,326,2025-09-09 19:00:00,Delivered
490,58,2025-11-13 11:00:00,Delivered
491,734,2025-03-13 11:00:00,Delivered
492,13,2024-10-18 11:00:00,Delivered
493,457,2025-07-28 02:00:00,Delivered
494,910,2025-03-30 23:00:00,Returned
495,823,2025-03-29 09:00:00,Delivered
496,746,2025-03-10 23:00:00,Cancelled
497,143,2025-08-24 19:00:00,Delivered
498,213,2024-11-06 15:00:00,Returned
499,538,2024-12-09 02:00:00,Returned
500,605,2025-01-19 02:00:00,Delivered
501,655,2024-10-06 13:00:00,Delivered
502,474,2025-12-28 18:00:00,Delivered
503,141,2024-07-23 05:00:00,Cancelled
504,297,2025-07-21 15:00:00,Delivered
505,847,2024-11-05 18:00:00,Delivered
506,573,2025-04-19 07:00:00,Delivered
507,3,2024-06-06 08:00:00,Delivered
508,656,2025-10-13 15:00:00,Delivered
509,682,2024-10-21 13:00:00,Delivered
510,929,2025-12-05 20:00:00,Delivered
511,123,2024-10-10 15:00:00,Returned
512,69,2025-09-05 23:00:00,Delivered
513,493,2025-08-02 13:00:00,Cancelled
514,644,2025-12-03 15:00:00,Returned
515,838,2024-05-02 11:00:00,Delivered
516,590,2024-01-18 08:00:00,Delivered
517,60,2024-05-29 10:00:00,Delivered
518,710,2024-05-18 11:00:00,Delivered
519,280,2025-01-04 13:00:00,Delivered
520,979,2024-12-30 01:00:00,Delivered
521,543,2025-10-16 02:00:00,Delivered
522,785,2025-10-05 05:00:00,Delivered
523,614,2024-06-20 17:00:00,Delivered
524,324,2025-12-02 09:00:00,Delivered
525,715,2025-12-05 11:00:00,Delivered
526,594,2024-12-26 04:00:00,Delivered
527,531,2024-10-15 11:00:00,Delivered
528,422,2024-12-14 05:00:00,Delivered
529,159,2025-05-30 07:00:00,Cancelled
530,815,2025-07-26 19:00:00,Delivered
531,976,2025-06-22 17:00:00,Delivered
532,720,2024-04-26 13:00:00,Delivered
533,79,2024-04-29 04:00:00,Returned
534,492,2024-12-22 09:00:00,Delivered
535,143,2025-03-28 19:00:00,Delivered
536,994,2024-12-16 05:00:00,Delivered
537,30,2024-05-01 07:00:00,Delivered
538,711,2024-05-25 22:00:00,Delivered
539,129,2024-08-02 04:00:00,Returned
540,436,2025-12-08 03:00:00,Delivered
541,794,2025-05-10 13:00:00,Delivered
542,111,2024-02-03 21:00:00,Delivered
543,61,2025-04-25 03:00:00,Cancelled
544,45,2024-03-08 09:00:00,Delivered
545,773,2024-04-08 03:00:00,Returned
546,211,2025-08-24 06:00:00,Delivered
547,360,2024-01-30 02:00:00,Delivered
548,765,2024-10-11 18:00:00,Delivered
549,165,2025-05-27 23:00:00,Delivered
550,518,2025-08-06 02:00:00,Delivered
551,593,2024-01-15 16:00:00,Delivered
552,197,2024-10-15 05:00:00,Cancelled
553,551,2024-01-05 23:00:00,Delivered
554,220,2025-05-31 22:00:00,Delivered
555,715,2025-08-26 05:00:00,Delivered
556,981,2024-04-19 05:00:00,Cancelled
557,389,2025-03-10 06:00:00,Delivered
558,418,2024-04-25 10:00:00,Delivered
559,113,2025-06-16 04:00:00,Delivered
560,370,2025-12-22 09:00:00,Delivered
561,42,2024-03-25 10:00:00,Delivered
562,395,2024-10-17 14:00:00,Delivered
563,320,2025-12-04 14:00:00,Delivered
564,418,2024-10-24 13:00:00,Delivered
565,72,2025-05-02 21:00:00,Delivered
566,14,2025-11-21 15:00:00,Delivered
567,406,2025-03-24 16:00:00,Delivered
568,88,2024-05-02 04:00:00,Delivered
569,712,2025-08-27 03:00:00,Delivered
570,914,2024-06-21 02:00:00,Delivered
571,204,2024-12-12 06:00:00,Delivered
572,414,2024-05-05 07:00:00,Cancelled
573,743,2025-05-26 08:00:00,Delivered
574,785,2025-08-18 18:00:00,Delivered
575,809,2025-10-21 12:00:00,Delivered
576,683,2025-09-09 12:00:00,Returned
577,524,2024-10-12 04:00:00,Delivered
578,111,2024-05-05 08:00:00,Delivered
579,237,2025-10-05 04:00:00,Delivered
580,756,2024-02-24 02:00:00,Delivered
581,28,2024-07-02 12:00:00,Delivered
582,335,2024-06-05 09:00:00,Delivered
583,99,2024-03-19 21:00:00,Delivered
584,786,2025-05-19 14:00:00,Delivered
585,678,2025-05-24 15:00:00,Delivered
586,556,2024-12-17 17:00:00,Delivered
587,976,2024-02-02 13:00:00,Cancelled
588,122,2025-01-27 14:00:00,Delivered
589,386,2025-03-29 14:00:00,Delivered
590,182,2025-07-24 21:00:00,Cancelled
591,311,2025-12-24 05:00:00,Delivered
592,138,2024-11-15 22:00:00,Delivered
593,783,2024-04-22 18:00:00,Delivered
594,676,2025-07-21 21:00:00,Delivered
595,482,2025-05-02 17:00:00,Cancelled
596,519,2024-02-27 12:00:00,Delivered
597,606,2025-01-21 19:00:00,Delivered
598,785,2024-10-18 10:00:00,Delivered
599,605,2024-02-16 04:00:00,Cancelled
600,358,2025-08-20 00:00:00,Delivered
601,641,2024-12-15 12:00:00,Delivered
602,354,2024-12-31 13:00:00,Delivered
603,678,2024-09-07 07:00:00,Delivered
604,320,2025-08-29 02:00:00,Cancelled
605,68,2024-11-08 03:00:00,Delivered
606,21,2025-07-05 10:00:00,Delivered
607,674,2025-03-08 18:00:00,Delivered
608,432,2024-09-30 00:00:00,Delivered
609,603,2024-01-23 10:00:00,Delivered
610,400,2024-11-26 18:00:00,Delivered
611,501,2024-04-12 22:00:00,Delivered
612,345,2025-05-23 16:00:00,Delivered
613,684,2024-12-13 05:00:00,Delivered
614,373,2025-03-22 06:00:00,Delivered
615,868,2024-03-18 17:00:00,Delivered
616,272,2024-02-18 09:00:00,Returned
617,412,2024-08-19 19:00:00,Delivered
618,95,2025-08-15 03:00:00,Delivered
619,280,2024-03-09 18:00:00,Delivered
620,487,2025-03-13 06:00:00,Delivered
621,79,2025-10-29 09:00:00,Delivered
622,308,2025-03-19 21:00:00,Delivered
623,205,2025-02-28 12:00:00,Delivered
624,528,2025-04-09 21:00:00,Delivered
625,185,2024-01-20 20:00:00,Delivered
626,884,2024-07-10 18:00:00,Delivered
627,677,2025-04-23 08:00:00,Returned
628,546,2025-09-21 13:00:00,Returned
629,745,2025-10-03 01:00:00,Delivered
630,374,2025-04-18 04:00:00,Delivered
631,765,2025-12-02 09:00:00,Cancelled
632,421,2024-11-22 02:00:00,Delivered
633,867,2025-02-26 08:00:00,Cancelled
634,662,2024-06-13 08:00:00,Delivered
635,242,2025-02-19 07:00:00,Delivered
636,197,2024-01-29 07:00:00,Delivered
637,318,2025-04-20 15:00:00,Delivered
638,447,2025-03-08 20:00:00,Cancelled
639,207,2024-06-12 08:00:00,Delivered
640,265,2024-10-11 21:00:00,Delivered
641,660,2024-02-13 23:00:00,Delivered
642,21,2024-02-26 02:00:00,Delivered
643,306,2024-03-06 13:00:00,Cancelled
644,688,2025-11-04 02:00:00,Delivered
645,860,2024-05-23 07:00:00,Delivered
646,753,2025-05-27 03:00:00,Delivered
647,849,2025-08-17 16:00:00,Delivered
648,906,2024-04-02 07:00:00,Delivered
649,792,2024-11-16 10:00:00,Cancelled
650,755,2025-02-03 23:00:00,Delivered
651,958,2025-03-09 06:00:00,Delivered
652,180,2024-08-07 08:00:00,Delivered
653,261,2025-08-26 01:00:00,Delivered
654,384,2025-12-17 03:00:00,Delivered
655,434,2025-05-01 21:00:00,Delivered
656,285,2024-05-28 11:00:00,Delivered
657,377,2024-11-11 00:00:00,Delivered
658,927,2025-09-12 01:00:00,Cancelled
659,679,2024-02-25 22:00:00,Cancelled
660,688,2024-09-02 08:00:00,Delivered
661,317,2025-10-16 22:00:00,Delivered
662,832,2025-12-02 03:00:00,Delivered
663,243,2025-03-29 12:00:00,Delivered
664,984,2025-02-06 08:00:00,Delivered
665,959,2024-08-29 09:00:00,Delivered
666,912,2024-06-13 14:00:00,Delivered
667,901,2025-10-21 13:00:00,Delivered
668,281,2024-03-23 15:00:00,Delivered
669,423,2024-12-06 22:00:00,Delivered
670,941,2024-04-12 05:00:00,Delivered
671,519,2024-03-08 11:00:00,Delivered
672,747,2025-07-14 23:00:00,Delivered
673,712,2024-01-29 01:00:00,Delivered
674,189,2025-10-07 14:00:00,Delivered
675,140,2024-01-04 12:00:00,Delivered
676,313,2024-11-17 18:00:00,Delivered
677,162,2024-09-12 16:00:00,Delivered
678,787,2025-10-26 04:00:00,Cancelled
679,703,2025-02-24 10:00:00,Delivered
680,895,2024-05-16 08:00:00,Delivered
681,608,2024-12-01 09:00:00,Delivered
682,425,2025-01-11 05:00:00,Delivered
683,387,2025-08-07 07:00:00,Delivered
684,24,2025-07-25 20:00:00,Delivered
685,235,2024-04-01 14:00:00,Delivered
686,719,2024-06-21 01:00:00,Delivered
687,440,2025-09-06 08:00:00,Delivered
688,982,2025-01-11 05:00:00,Returned
689,121,2024-01-15 22:00:00,Delivered
690,792,2025-04-09 21:00:00,Delivered
691,230,2025-12-31 06:00:00,Delivered
692,883,2024-09-29 09:00:00,Delivered
693,392,2024-05-13 13:00:00,Cancelled
694,615,2024-08-08 09:00:00,Delivered
695,194,2025-03-04 05:00:00,Delivered
696,150,2024-01-30 09:00:00,Returned
697,242,2025-09-24 14:00:00,Cancelled
698,379,2025-08-19 21:00:00,Delivered
699,88,2024-01-11 15:00:00,Delivered
700,332,2025-12-10 12:00:00,Delivered
701,731,2025-01-27 22:00:00,Delivered
702,612,2024-09-19 02:00:00,Delivered
703,61,2024-02-23 10:00:00,Returned
704,483,2024-12-28 19:00:00,Returned
705,991,2025-09-04 22:00:00,Delivered
706,47,2024-01-06 08:00:00,Delivered
707,391,2024-11-05 12:00:00,Delivered
708,136,2025-07-26 01:00:00,Delivered
709,267,2024-06-22 16:00:00,Delivered
710,348,2025-04-24 04:00:00,Delivered
711,728,2025-06-27 13:00:00,Delivered
712,120,2024-11-16 01:00:00,Returned
713,512,2024-10-14 23:00:00,Delivered
714,441,2024-10-16 08:00:00,Delivered
715,780,2024-09-27 16:00:00,Delivered
716,915,2024-06-17 10:00:00,Delivered
717,504,2024-06-03 17:00:00,Cancelled
718,674,2025-10-13 14:00:00,Delivered
719,153,2024-02-25 07:00:00,Delivered
720,482,2024-09-23 05:00:00,Delivered
721,447,2024-04-28 15:00:00,Delivered
722,366,2025-12-27 17:00:00,Delivered
723,505,2024-04-25 23:00:00,Cancelled
724,127,2024-12-23 02:00:00,Delivered
725,291,2024-07-03 05:00:00,Delivered
726,843,2024-10-06 18:00:00,Cancelled
727,600,2024-08-05 18:00:00,Returned
728,5,2025-06-22 18:00:00,Delivered
729,943,2024-03-19 07:00:00,Delivered
730,694,2024-04-06 10:00:00,Delivered
731,698,2025-11-27 03:00:00,Delivered
732,605,2024-04-18 10:00:00,Delivered
733,84,2025-04-16 22:00:00,Delivered
734,465,2025-10-05 08:00:00,Delivered
735,6,2024-12-03 01:00:00,Delivered
736,974,2025-04-08 10:00:00,Returned
737,752,2025-08-05 04:00:00,Delivered
738,50,2025-10-21 09:00:00,Delivered
739,57,2024-03-13 17:00:00,Returned
740,391,2024-04-04 12:00:00,Delivered
741,246,2025-02-12 02:00:00,Delivered
742,214,2024-06-15 12:00:00,Delivered
743,292,2025-10-24 20:00:00,Delivered
744,306,2025-05-17 13:00:00,Delivered
745,944,2024-11-13 21:00:00,Delivered
746,368,2025-11-12 03:00:00,Cancelled
747,525,2024-07-23 15:00:00,Delivered
748,398,2025-05-02 08:00:00,Delivered
749,434,2024-04-02 13:00:00,Delivered
750,629,2024-07-09 13:00:00,Delivered
751,96,2024-02-11 16:00:00,Delivered
752,475,2025-11-23 07:00:00,Delivered
753,731,2024-06-07 15:00:00,Delivered
754,663,2025-06-21 02:00:00,Delivered
755,448,2024-03-22 15:00:00,Delivered
756,131,2025-12-01 09:00:00,Cancelled
757,536,2025-03-13 09:00:00,Delivered
758,565,2024-03-19 01:00:00,Delivered
759,523,2025-03-11 13:00:00,Delivered
760,677,2025-08-05 08:00:00,Delivered
761,600,2024-03-24 16:00:00,Delivered
762,759,2025-11-08 14:00:00,Delivered
763,187,2025-02-06 01:00:00,Delivered
764,898,2025-12-22 09:00:00,Delivered
765,742,2025-04-10 21:00:00,Delivered
766,828,2024-09-28 10:00:00,Returned
767,893,2024-07-10 06:00:00,Delivered
768,765,2025-09-10 08:00:00,Cancelled
769,109,2025-03-20 17:00:00,Delivered
770,405,2024-04-29 00:00:00,Delivered
771,489,2025-04-16 22:00:00,Delivered
772,674,2025-09-08 23:00:00,Delivered
773,634,2025-09-23 11:00:00,Delivered
774,987,2025-12-07 21:00:00,Delivered
775,310,2024-03-30 04:00:00,Delivered
776,196,2024-04-24 00:00:00,Delivered
777,193,2024-01-28 06:00:00,Delivered
778,149,2025-10-27 07:00:00,Delivered
779,642,2025-07-05 06:00:00,Delivered
780,789,2025-04-19 04:00:00,Delivered
781,23,2024-04-29 05:00:00,Cancelled
782,757,2025-12-20 14:00:00,Returned
783,483,2024-01-21 14:00:00,Delivered
784,207,2024-10-28 18:00:00,Cancelled
785,402,2024-02-22 10:00:00,Delivered
786,646,2025-12-31 13:00:00,Returned
787,869,2025-05-22 23:00:00,Delivered
788,749,2025-07-21 09:00:00,Delivered
789,410,2025-05-12 16:00:00,Delivered
790,627,2025-11-25 15:00:00,Delivered
791,63,2025-06-24 00:00:00,Delivered
792,324,2025-07-20 02:00:00,Delivered
793,664,2025-03-03 15:00:00,Delivered
794,638,2025-10-23 11:00:00,Delivered
795,447,2024-01-22 05:00:00,Delivered
796,197,2025-04-25 11:00:00,Delivered
797,520,2024-08-12 18:00:00,Cancelled
798,348,2025-09-08 22:00:00,Delivered
799,135,2024-10-27 23:00:00,Delivered
800,983,2025-03-02 21:00:00,Delivered
801,369,2025-04-28 05:00:00,Delivered
802,290,2025-12-08 23:00:00,Delivered
803,495,2024-05-12 05:00:00,Delivered
804,621,2025-05-18 03:00:00,Delivered
805,966,2025-05-20 09:00:00,Delivered
806,571,2024-02-18 00:00:00,Delivered
807,268,2024-12-31 21:00:00,Delivered
808,848,2025-05-30 01:00:00,Delivered
809,346,2025-03-16 03:00:00,Delivered
810,124,2025-07-29 07:00:00,Delivered
811,349,2024-12-29 01:00:00,Delivered
812,571,2024-09-30 04:00:00,Cancelled
813,895,2025-06-11 19:00:00,Delivered
814,724,2024-02-21 14:00:00,Delivered
815,986,2024-04-23 03:00:00,Delivered
816,625,2024-04-14 17:00:00,Delivered
817,108,2024-06-20 20:00:00,Delivered
818,211,2025-01-05 05:00:00,Delivered
819,726,2025-03-28 16:00:00,Delivered
820,892,2024-04-11 04:00:00,Delivered
821,343,2024-05-21 03:00:00,Cancelled
822,450,2025-03-01 00:00:00,Delivered
823,829,2025-04-30 10:00:00,Delivered
824,176,2024-03-28 08:00:00,Delivered
825,773,2025-02-28 11:00:00,Delivered
826,252,2024-06-04 16:00:00,Delivered
827,234,2024-05-21 13:00:00,Delivered
828,420,2025-04-14 16:00:00,Delivered
829,371,2024-01-31 14:00:00,Delivered
830,11,2025-06-13 02:00:00,Delivered
831,323,2025-02-15 05:00:00,Delivered
832,403,2024-02-07 21:00:00,Returned
833,155,2025-08-11 01:00:00,Returned
834,731,2025-11-07 16:00:00,Returned
835,430,2025-02-15 21:00:00,Delivered
836,895,2024-11-07 23:00:00,Delivered
837,932,2024-12-18 00:00:00,Cancelled
838,922,2025-06-24 19:00:00,Returned
839,718,2025-02-17 14:00:00,Delivered
840,909,2025-07-11 19:00:00,Delivered
841,668,2025-03-28 22:00:00,Delivered
842,832,2025-10-26 12:00:00,Delivered
843,903,2024-11-04 02:00:00,Delivered
844,343,2025-02-03 23:00:00,Delivered
845,901,2024-05-09 16:00:00,Returned
846,291,2024-08-06 02:00:00,Delivered
847,320,2025-06-17 10:00:00,Delivered
848,164,2024-01-24 00:00:00,Cancelled
849,553,2025-08-29 08:00:00,Delivered
850,793,2024-11-07 23:00:00,Delivered
851,518,2024-04-23 23:00:00,Delivered
852,382,2024-09-22 20:00:00,Delivered
853,127,2024-02-18 20:00:00,Returned
854,460,2024-11-01 18:00:00,Delivered
855,465,2024-12-13 07:00:00,Delivered
856,596,2025-08-02 22:00:00,Cancelled
857,643,2025-11-12 17:00:00,Cancelled
858,240,2024-12-24 09:00:00,Delivered
859,804,2025-08-09 21:00:00,Delivered
860,387,2025-06-16 23:00:00,Delivered
861,336,2025-06-12 18:00:00,Delivered
862,798,2025-01-04 14:00:00,Delivered
863,729,2025-03-11 13:00:00,Delivered
864,64,2025-03-11 04:00:00,Delivered
865,457,2024-03-20 11:00:00,Delivered
866,413,2025-08-25 17:00:00,Delivered
867,405,2024-09-27 18:00:00,Delivered
868,434,2025-03-26 22:00:00,Returned
869,502,2025-03-02 05:00:00,Delivered
870,131,2025-05-11 22:00:00,Delivered
871,992,2025-12-22 16:00:00,Cancelled
872,121,2025-12-12 06:00:00,Delivered
873,34,2024-06-09 17:00:00,Delivered
874,975,2024-05-01 19:00:00,Cancelled
875,113,2024-05-03 11:00:00,Delivered
876,42,2025-06-19 04:00:00,Delivered
877,313,2025-01-18 09:00:00,Delivered
878,29,2024-05-26 04:00:00,Delivered
879,432,2024-02-19 09:00:00,Cancelled
880,221,2024-07-06 23:00:00,Delivered
881,126,2025-07-14 11:00:00,Delivered
882,46,2025-03-03 15:00:00,Delivered
883,580,2025-04-08 10:00:00,Delivered
884,487,2025-09-12 04:00:00,Delivered
885,517,2025-10-13 14:00:00,Delivered
886,684,2025-04-04 04:00:00,Cancelled
887,334,2024-04-01 19:00:00,Delivered
888,420,2025-01-31 07:00:00,Cancelled
889,348,2025-07-07 01:00:00,Returned
890,912,2025-03-29 23:00:00,Delivered
891,91,2024-06-18 22:00:00,Delivered
892,646,2025-12-25 09:00:00,Delivered
893,127,2025-10-21 17:00:00,Delivered
894,979,2025-09-25 17:00:00,Delivered
895,55,2025-08-06 16:00:00,Delivered
896,488,2025-05-29 00:00:00,Delivered
897,959,2025-06-28 05:00:00,Returned
898,282,2024-07-29 07:00:00,Cancelled
899,860,2025-08-16 14:00:00,Delivered
900,547,2025-09-13 10:00:00,Delivered
901,47,2025-05-18 00:00:00,Delivered
902,185,2025-02-28 00:00:00,Cancelled
903,325,2025-01-26 08:00:00,Delivered
904,102,2025-07-08 05:00:00,Delivered
905,188,2024-09-18 02:00:00,Delivered
906,976,2025-02-21 21:00:00,Delivered
907,630,2024-11-29 05:00:00,Delivered
908,60,2024-11-01 12:00:00,Delivered
909,146,2025-02-26 10:00:00,Delivered
910,965,2024-05-03 01:00:00,Delivered
911,771,2025-09-03 18:00:00,Delivered
912,521,2025-05-31 12:00:00,Returned
913,276,2024-03-03 10:00:00,Delivered
914,417,2024-03-08 15:00:00,Delivered
915,649,2024-08-27 00:00:00,Delivered
916,987,2025-08-23 21:00:00,Delivered
917,782,2025-07-22 20:00:00,Delivered
918,312,2025-08-04 13:00:00,Delivered
919,867,2025-10-13 16:00:00,Delivered
920,992,2024-05-25 11:00:00,Delivered
921,173,2024-09-08 17:00:00,Returned
922,985,2025-07-22 14:00:00,Delivered
923,833,2025-04-20 19:00:00,Delivered
924,996,2024-06-20 00:00:00,Delivered
925,944,2025-05-08 08:00:00,Delivered
926,860,2025-11-27 12:00:00,Returned
927,863,2025-10-09 06:00:00,Delivered
928,523,2024-10-15 01:00:00,Delivered
929,547,2025-07-30 02:00:00,Delivered
930,405,2025-12-16 03:00:00,Cancelled
931,743,2025-07-23 08:00:00,Cancelled
932,216,2025-09-17 16:00:00,Returned
933,326,2025-11-29 10:00:00,Delivered
934,771,2025-12-25 14:00:00,Delivered
935,679,2024-11-25 10:00:00,Delivered
936,983,2025-09-05 10:00:00,Delivered
937,709,2024-05-16 20:00:00,Returned
938,624,2025-05-02 00:00:00,Cancelled
939,689,2024-06-26 13:00:00,Delivered
940,714,2025-12-21 15:00:00,Delivered
941,552,2024-03-24 20:00:00,Delivered
942,552,2024-02-01 21:00:00,Delivered
943,127,2024-12-27 12:00:00,Cancelled
944,367,2025-01-31 05:00:00,Cancelled
945,832,2025-12-14 00:00:00,Delivered
946,380,2024-07-16 14:00:00,Delivered
947,761,2024-01-21 08:00:00,Delivered
948,727,2025-01-01 06:00:00,Delivered
949,629,2025-10-02 09:00:00,Delivered
950,227,2024-08-27 15:00:00,Returned
951,38,2024-10-14 15:00:00,Cancelled
952,724,2025-09-12 06:00:00,Delivered
953,841,2025-10-15 12:00:00,Delivered
954,285,2025-08-05 16:00:00,Delivered
955,566,2024-07-17 21:00:00,Delivered
956,689,2025-11-29 19:00:00,Delivered
957,67,2025-08-25 04:00:00,Delivered
958,131,2024-09-22 18:00:00,Cancelled
959,903,2025-06-19 23:00:00,Delivered
960,197,2025-11-25 00:00:00,Returned
961,710,2025-11-25 17:00:00,Delivered
962,698,2025-07-27 14:00:00,Delivered
963,438,2025-10-18 21:00:00,Returned
964,54,2024-11-26 13:00:00,Cancelled
965,417,2024-10-07 03:00:00,Delivered
966,478,2025-05-22 11:00:00,Delivered
967,45,2024-08-17 01:00:00,Delivered
968,431,2025-06-29 14:00:00,Delivered
969,402,2024-07-18 10:00:00,Delivered
970,586,2024-01-26 23:00:00,Delivered
971,707,2025-03-09 02:00:00,Cancelled
972,202,2024-06-17 10:00:00,Delivered
973,642,2025-10-02 03:00:00,Delivered
974,443,2024-01-25 18:00:00,Delivered
975,958,2024-12-08 08:00:00,Delivered
976,485,2024-09-01 10:00:00,Cancelled
977,842,2024-12-07 16:00:00,Delivered
978,967,2024-03-15 19:00:00,Delivered
979,783,2024-04-07 20:00:00,Delivered
980,128,2024-03-28 01:00:00,Cancelled
981,387,2024-11-16 22:00:00,Delivered
982,131,2024-03-04 14:00:00,Delivered
983,626,2025-10-03 13:00:00,Delivered
984,694,2024-02-27 17:00:00,Delivered
985,871,2025-01-25 12:00:00,Delivered
986,771,2025-02-24 07:00:00,Cancelled
987,807,2025-11-06 19:00:00,Delivered
988,394,2025-04-20 13:00:00,Cancelled
989,635,2024-04-13 10:00:00,Delivered
990,692,2024-01-27 14:00:00,Delivered
991,602,2024-07-16 03:00:00,Delivered
992,610,2025-12-31 02:00:00,Delivered
993,861,2024-07-17 18:00:00,Delivered
994,522,2024-09-19 11:00:00,Delivered
995,743,2025-09-27 14:00:00,Delivered
996,141,2024-02-15 01:00:00,Delivered
997,599,2025-03-22 16:00:00,Returned
998,773,2025-01-01 09:00:00,Delivered
999,555,2024-05-29 04:00:00,Delivered
1000,618,2024-12-17 09:00:00,Delivered
1001,9,2025-06-14 18:00:00,Delivered
1002,149,2024-02-28 07:00:00,Delivered
1003,856,2025-07-26 01:00:00,Delivered
1004,201,2024-07-24 20:00:00,Cancelled
1005,805,2024-03-11 10:00:00,Delivered
1006,488,2025-12-12 22:00:00,Returned
1007,615,2025-12-10 10:00:00,Cancelled
1008,580,2024-12-09 19:00:00,Delivered
1009,337,2024-06-15 03:00:00,Delivered
1010,809,2024-02-13 15:00:00,Delivered
1011,4,2025-10-16 07:00:00,Delivered
1012,478,2025-09-30 06:00:00,Delivered
1013,753,2024-12-05 23:00:00,Delivered
1014,410,2024-07-07 00:00:00,Delivered
1015,76,2025-01-01 00:00:00,Delivered
1016,146,2024-10-24 14:00:00,Delivered
1017,600,2025-01-03 01:00:00,Returned
1018,204,2024-07-21 09:00:00,Delivered
1019,907,2024-09-25 23:00:00,Delivered
1020,868,2025-07-21 07:00:00,Delivered
1021,23,2024-06-29 08:00:00,Cancelled
1022,22,2025-11-24 04:00:00,Delivered
1023,807,2024-04-23 10:00:00,Returned
1024,313,2025-04-12 07:00:00,Delivered
1025,382,2025-11-07 05:00:00,Returned
1026,819,2025-09-30 13:00:00,Cancelled
1027,67,2024-05-01 04:00:00,Cancelled
1028,134,2024-07-13 06:00:00,Delivered
1029,712,2025-01-18 10:00:00,Delivered
1030,652,2024-09-07 01:00:00,Delivered
1031,602,2024-07-12 17:00:00,Delivered
1032,153,2024-12-01 07:00:00,Delivered
1033,815,2024-10-13 04:00:00,Cancelled
1034,992,2025-08-21 15:00:00,Delivered
1035,84,2025-04-26 21:00:00,Delivered
1036,172,2025-06-04 12:00:00,Delivered
1037,661,2025-06-05 11:00:00,Delivered
1038,476,2024-07-02 10:00:00,Delivered
1039,539,2025-12-12 15:00:00,Delivered
1040,507,2025-04-30 08:00:00,Delivered
1041,654,2025-08-20 20:00:00,Delivered
1042,225,2024-07-26 14:00:00,Cancelled
1043,406,2024-08-11 09:00:00,Delivered
1044,387,2025-08-08 05:00:00,Returned
1045,384,2024-09-17 17:00:00,Delivered
1046,770,2024-03-27 09:00:00,Delivered
1047,361,2024-08-23 18:00:00,Delivered
1048,525,2025-09-28 10:00:00,Delivered
1049,479,2025-03-18 13:00:00,Delivered
1050,510,2024-11-20 08:00:00,Delivered
1051,184,2025-03-28 07:00:00,Delivered
1052,78,2025-01-02 02:00:00,Delivered
1053,514,2025-06-09 17:00:00,Delivered
1054,805,2024-10-10 07:00:00,Delivered
1055,74,2025-01-03 01:00:00,Delivered
1056,342,2024-07-20 21:00:00,Delivered
1057,310,2025-11-30 08:00:00,Delivered
1058,619,2024-05-21 22:00:00,Delivered
1059,935,2024-09-24 00:00:00,Delivered
1060,289,2024-12-20 12:00:00,Returned
1061,842,2025-08-16 20:00:00,Delivered
1062,670,2025-06-08 04:00:00,Cancelled
1063,234,2024-08-20 23:00:00,Delivered
1064,486,2024-08-27 16:00:00,Delivered
1065,566,2025-04-24 23:00:00,Delivered
1066,349,2024-03-28 10:00:00,Cancelled
1067,440,2025-12-15 13:00:00,Delivered
1068,461,2025-07-25 00:00:00,Delivered
1069,592,2024-05-11 09:00:00,Returned
1070,10,2025-05-26 21:00:00,Cancelled
1071,348,2024-08-18 13:00:00,Delivered
1072,771,2025-02-17 22:00:00,Delivered
1073,334,2025-08-24 00:00:00,Delivered
1074,33,2024-05-22 04:00:00,Returned
1075,339,2025-08-04 20:00:00,Delivered
1076,936,2025-09-14 18:00:00,Cancelled
1077,391,2024-07-28 12:00:00,Delivered
1078,396,2024-07-11 15:00:00,Delivered
1079,584,2025-04-07 20:00:00,Cancelled
1080,96,2024-06-24 03:00:00,Delivered
1081,182,2024-02-02 22:00:00,Delivered
1082,28,2024-07-10 06:00:00,Delivered
1083,987,2025-01-30 09:00:00,Delivered
1084,299,2025-11-06 16:00:00,Delivered
1085,59,2025-01-12 16:00:00,Delivered
1086,335,2025-02-24 12:00:00,Delivered
1087,114,2024-05-12 17:00:00,Delivered
1088,761,2024-03-11 12:00:00,Returned
1089,887,2024-07-30 04:00:00,Cancelled
1090,318,2025-03-18 22:00:00,Delivered
1091,163,2025-09-10 18:00:00,Returned
1092,602,2024-07-26 16:00:00,Delivered
1093,470,2024-10-09 06:00:00,Delivered
1094,147,2025-04-01 02:00:00,Cancelled
1095,620,2024-09-09 16:00:00,Delivered
1096,583,2025-05-17 14:00:00,Delivered
1097,41,2024-04-03 09:00:00,Delivered
1098,941,2025-04-12 11:00:00,Delivered
1099,729,2024-10-31 12:00:00,Delivered
1100,830,2024-06-28 13:00:00,Delivered
1101,922,2025-09-24 23:00:00,Delivered
1102,394,2025-11-05 05:00:00,Delivered
1103,98,2025-02-06 22:00:00,Returned
1104,246,2024-06-10 08:00:00,Cancelled
1105,551,2024-10-25 21:00:00,Cancelled
1106,715,2024-08-10 15:00:00,Delivered
1107,781,2025-07-20 03:00:00,Returned
1108,79,2024-04-17 16:00:00,Delivered
1109,334,2025-02-23 14:00:00,Delivered
1110,213,2025-06-02 01:00:00,Delivered
1111,75,2025-10-16 22:00:00,Delivered
1112,473,2025-01-25 10:00:00,Delivered
1113,877,2024-07-18 12:00:00,Delivered
1114,257,2024-04-27 22:00:00,Cancelled
1115,335,2025-11-17 23:00:00,Delivered
1116,473,2024-03-10 02:00:00,Delivered
1117,249,2025-12-31 14:00:00,Delivered
1118,841,2024-10-12 05:00:00,Delivered
1119,19,2025-09-13 03:00:00,Delivered
1120,128,2025-07-01 23:00:00,Delivered
1121,80,2025-11-18 00:00:00,Delivered
1122,158,2025-03-27 11:00:00,Delivered
1123,732,2024-02-05 21:00:00,Delivered
1124,453,2025-12-14 01:00:00,Cancelled
1125,831,2025-06-19 20:00:00,Delivered
1126,676,2024-04-15 12:00:00,Delivered
1127,455,2024-02-23 19:00:00,Delivered
1128,791,2025-01-21 06:00:00,Returned
1129,384,2024-09-01 06:00:00,Delivered
1130,432,2024-01-29 00:00:00,Delivered
1131,197,2025-11-27 21:00:00,Delivered
1132,982,2024-04-08 21:00:00,Delivered
1133,172,2024-02-15 13:00:00,Delivered
1134,836,2024-11-30 10:00:00,Delivered
1135,195,2025-10-01 06:00:00,Returned
1136,405,2025-03-14 03:00:00,Delivered
1137,109,2024-12-31 10:00:00,Delivered
1138,412,2025-10-31 10:00:00,Delivered
1139,218,2025-04-14 07:00:00,Delivered
1140,835,2024-10-12 20:00:00,Delivered
1141,45,2024-03-09 06:00:00,Delivered
1142,786,2025-09-05 15:00:00,Returned
1143,105,2025-12-30 17:00:00,Delivered
1144,945,2025-08-05 05:00:00,Delivered
1145,98,2025-09-06 10:00:00,Returned
1146,714,2025-02-01 21:00:00,Returned
1147,790,2025-12-11 04:00:00,Delivered
1148,651,2025-12-05 10:00:00,Returned
1149,683,2025-05-08 02:00:00,Delivered
1150,624,2025-08-22 14:00:00,Delivered
1151,656,2024-08-26 16:00:00,Delivered
1152,14,2024-08-26 00:00:00,Delivered
1153,919,2024-05-07 09:00:00,Delivered
1154,439,2024-09-06 19:00:00,Delivered
1155,141,2025-01-18 15:00:00,Delivered
1156,156,2025-01-19 06:00:00,Delivered
1157,244,2025-09-04 14:00:00,Delivered
1158,337,2024-05-17 08:00:00,Delivered
1159,806,2024-02-10 16:00:00,Delivered
1160,425,2025-10-25 09:00:00,Delivered
1161,235,2024-12-05 10:00:00,Delivered
1162,553,2024-02-25 21:00:00,Returned
1163,821,2025-12-04 22:00:00,Delivered
1164,623,2025-01-25 16:00:00,Delivered
1165,453,2025-10-06 00:00:00,Delivered
1166,504,2024-03-12 06:00:00,Delivered
1167,145,2024-07-28 04:00:00,Delivered
1168,607,2025-07-16 06:00:00,Delivered
1169,81,2025-03-12 23:00:00,Delivered
1170,169,2024-07-21 07:00:00,Delivered
1171,621,2024-09-11 09:00:00,Delivered
1172,460,2025-10-12 06:00:00,Delivered
1173,801,2025-05-07 02:00:00,Returned
1174,369,2025-02-11 12:00:00,Delivered
1175,452,2025-03-08 16:00:00,Delivered
1176,444,2024-06-08 15:00:00,Delivered
1177,391,2025-03-13 02:00:00,Delivered
1178,944,2024-11-03 19:00:00,Delivered
1179,567,2024-06-28 08:00:00,Delivered
1180,314,2025-04-09 09:00:00,Delivered
1181,621,2025-05-07 02:00:00,Delivered
1182,733,2025-04-25 06:00:00,Delivered
1183,195,2024-01-05 00:00:00,Cancelled
1184,748,2025-01-18 15:00:00,Delivered
1185,426,2025-02-08 23:00:00,Delivered
1186,502,2024-11-11 20:00:00,Returned
1187,73,2025-02-22 01:00:00,Returned
1188,128,2025-01-29 18:00:00,Delivered
1189,782,2025-03-22 08:00:00,Delivered
1190,770,2024-12-22 16:00:00,Delivered
1191,651,2025-12-06 11:00:00,Delivered
1192,667,2025-01-29 13:00:00,Delivered
1193,249,2025-05-04 01:00:00,Returned
1194,371,2025-10-08 22:00:00,Delivered
1195,715,2025-11-12 20:00:00,Delivered
1196,620,2025-04-11 21:00:00,Delivered
1197,254,2025-09-08 18:00:00,Returned
1198,862,2024-06-14 00:00:00,Delivered
1199,95,2025-10-21 22:00:00,Cancelled
1200,408,2025-12-24 18:00:00,Returned
1201,83,2025-06-14 06:00:00,Cancelled
1202,170,2025-03-13 08:00:00,Delivered
1203,513,2025-06-29 21:00:00,Cancelled
1204,601,2024-11-11 23:00:00,Delivered
1205,898,2024-04-01 03:00:00,Delivered
1206,796,2024-12-18 04:00:00,Delivered
1207,215,2025-02-11 22:00:00,Delivered
1208,173,2025-05-18 00:00:00,Delivered
1209,793,2025-12-14 13:00:00,Delivered
1210,671,2024-10-22 23:00:00,Delivered
1211,181,2025-01-18 05:00:00,Delivered
1212,203,2025-05-13 05:00:00,Delivered
1213,113,2025-04-06 18:00:00,Delivered
1214,191,2024-07-24 01:00:00,Delivered
1215,829,2024-07-15 08:00:00,Returned
1216,893,2025-02-22 14:00:00,Delivered
1217,640,2024-04-21 20:00:00,Delivered
1218,301,2024-03-28 12:00:00,Delivered
1219,66,2024-12-16 00:00:00,Delivered
1220,490,2025-05-11 21:00:00,Delivered
1221,10,2024-03-03 08:00:00,Delivered
1222,8,2025-11-12 18:00:00,Delivered
1223,43,2024-04-09 06:00:00,Delivered
1224,8,2025-01-19 19:00:00,Delivered
1225,986,2024-09-29 15:00:00,Delivered
1226,346,2025-09-10 13:00:00,Delivered
1227,699,2024-12-17 10:00:00,Delivered
1228,964,2025-01-04 21:00:00,Delivered
1229,626,2024-02-28 11:00:00,Cancelled
1230,826,2024-04-12 00:00:00,Delivered
1231,716,2025-02-15 23:00:00,Cancelled
1232,948,2024-05-22 00:00:00,Delivered
1233,890,2025-06-27 08:00:00,Returned
1234,770,2024-09-11 11:00:00,Delivered
1235,703,2025-11-05 15:00:00,Delivered
1236,677,2024-07-11 00:00:00,Returned
1237,981,2024-11-25 00:00:00,Delivered
1238,895,2024-02-16 23:00:00,Delivered
1239,455,2024-08-27 19:00:00,Delivered
1240,757,2025-09-19 02:00:00,Delivered
1241,962,2025-05-02 21:00:00,Cancelled
1242,927,2024-04-12 23:00:00,Delivered
1243,622,2024-07-18 22:00:00,Delivered
1244,533,2025-08-08 22:00:00,Delivered
1245,131,2025-05-24 02:00:00,Delivered
1246,690,2025-07-15 14:00:00,Delivered
1247,457,2024-04-28 15:00:00,Delivered
1248,247,2024-09-06 06:00:00,Delivered
1249,967,2025-11-06 22:00:00,Delivered
1250,446,2024-01-30 05:00:00,Returned
1251,335,2025-01-27 08:00:00,Delivered
1252,264,2025-11-12 15:00:00,Returned
1253,687,2024-05-06 21:00:00,Delivered
1254,548,2025-10-10 23:00:00,Delivered
1255,815,2025-12-09 10:00:00,Cancelled
1256,955,2025-08-12 19:00:00,Delivered
1257,352,2025-01-21 22:00:00,Delivered
1258,743,2025-01-25 20:00:00,Delivered
1259,576,2025-03-23 07:00:00,Delivered
1260,119,2024-10-24 02:00:00,Delivered
1261,349,2025-08-29 06:00:00,Delivered
1262,119,2025-08-09 11:00:00,Delivered
1263,321,2025-01-24 18:00:00,Delivered
1264,319,2024-03-04 18:00:00,Delivered
1265,868,2025-02-01 13:00:00,Delivered
1266,374,2025-11-26 04:00:00,Delivered
1267,617,2025-08-27 07:00:00,Delivered
1268,10,2025-07-05 14:00:00,Delivered
1269,836,2024-10-30 07:00:00,Delivered
1270,467,2024-05-30 19:00:00,Delivered
1271,765,2025-11-12 22:00:00,Delivered
1272,328,2024-11-12 16:00:00,Returned
1273,127,2024-10-07 22:00:00,Delivered
1274,647,2024-08-08 15:00:00,Delivered
1275,990,2025-01-20 01:00:00,Returned
1276,342,2024-06-05 22:00:00,Delivered
1277,751,2024-08-18 22:00:00,Delivered
1278,946,2024-07-02 15:00:00,Delivered
1279,307,2025-11-06 05:00:00,Returned
1280,562,2025-02-05 10:00:00,Delivered
1281,485,2024-12-22 12:00:00,Delivered
1282,541,2024-10-16 09:00:00,Delivered
1283,200,2025-12-18 17:00:00,Delivered
1284,135,2024-11-27 18:00:00,Cancelled
1285,56,2025-12-27 09:00:00,Delivered
1286,168,2025-08-14 04:00:00,Delivered
1287,495,2024-10-25 04:00:00,Delivered
1288,824,2024-07-19 23:00:00,Delivered
1289,371,2025-08-12 03:00:00,Delivered
1290,880,2024-05-31 12:00:00,Returned
1291,438,2025-11-26 05:00:00,Returned
1292,99,2024-12-30 15:00:00,Delivered
1293,54,2024-04-30 16:00:00,Delivered
1294,608,2025-03-20 04:00:00,Delivered
1295,414,2024-09-07 01:00:00,Delivered
1296,407,2025-05-15 09:00:00,Delivered
1297,978,2024-06-25 20:00:00,Delivered
1298,795,2025-12-09 21:00:00,Delivered
1299,797,2025-04-19 20:00:00,Delivered
1300,648,2025-10-30 14:00:00,Delivered
1301,123,2024-04-29 02:00:00,Delivered
1302,657,2025-11-15 16:00:00,Delivered
1303,601,2025-08-09 18:00:00,Delivered
1304,711,2024-04-06 18:00:00,Delivered
1305,496,2025-10-22 22:00:00,Delivered
1306,586,2024-05-08 03:00:00,Delivered
1307,731,2025-07-04 05:00:00,Delivered
1308,718,2024-01-21 12:00:00,Delivered
1309,550,2025-06-26 15:00:00,Delivered
1310,858,2025-08-21 17:00:00,Delivered
1311,810,2025-10-29 03:00:00,Delivered
1312,213,2025-11-05 03:00:00,Delivered
1313,614,2025-12-12 05:00:00,Delivered
1314,458,2024-11-17 03:00:00,Delivered
1315,589,2024-07-30 20:00:00,Delivered
1316,576,2024-09-19 01:00:00,Delivered
1317,128,2025-06-02 09:00:00,Delivered
1318,558,2024-06-24 13:00:00,Returned
1319,674,2024-01-01 07:00:00,Delivered
1320,969,2025-06-15 09:00:00,Delivered
1321,456,2024-05-23 18:00:00,Delivered
1322,321,2025-06-19 11:00:00,Delivered
1323,523,2024-08-02 22:00:00,Delivered
1324,840,2024-02-15 07:00:00,Delivered
1325,146,2024-11-02 06:00:00,Returned
1326,617,2025-07-19 06:00:00,Delivered
1327,285,2024-05-11 23:00:00,Delivered
1328,77,2025-07-17 08:00:00,Delivered
1329,666,2024-06-16 12:00:00,Delivered
1330,968,2024-09-17 21:00:00,Delivered
1331,712,2024-05-26 17:00:00,Delivered
1332,645,2024-10-02 20:00:00,Delivered
1333,198,2025-01-16 18:00:00,Delivered
1334,841,2025-06-07 19:00:00,Delivered
1335,842,2024-06-06 10:00:00,Returned
1336,445,2025-01-23 00:00:00,Returned
1337,254,2024-03-20 08:00:00,Delivered
1338,113,2025-12-01 17:00:00,Delivered
1339,338,2025-10-17 02:00:00,Delivered
1340,342,2024-10-06 04:00:00,Cancelled
1341,232,2024-10-07 00:00:00,Delivered
1342,993,2024-08-15 12:00:00,Returned
1343,802,2024-05-06 05:00:00,Delivered
1344,897,2024-11-09 18:00:00,Cancelled
1345,502,2024-04-07 16:00:00,Delivered
1346,586,2024-10-15 17:00:00,Delivered
1347,102,2024-02-19 05:00:00,Delivered
1348,770,2025-02-02 05:00:00,Delivered
1349,760,2025-11-25 17:00:00,Delivered
1350,904,2025-02-16 15:00:00,Delivered
1351,266,2024-01-10 21:00:00,Delivered
1352,160,2025-11-04 04:00:00,Delivered
1353,582,2024-09-30 01:00:00,Cancelled
1354,655,2025-01-14 22:00:00,Delivered
1355,695,2025-09-15 13:00:00,Delivered
1356,188,2025-03-25 11:00:00,Delivered
1357,515,2024-10-20 08:00:00,Returned
1358,534,2024-08-22 09:00:00,Delivered
1359,90,2024-11-08 13:00:00,Delivered
1360,866,2024-04-02 20:00:00,Delivered
1361,748,2024-09-02 02:00:00,Delivered
1362,59,2024-03-27 23:00:00,Delivered
1363,952,2025-05-19 00:00:00,Returned
1364,435,2025-11-24 16:00:00,Returned
1365,140,2025-05-06 15:00:00,Delivered
1366,694,2025-06-29 22:00:00,Delivered
1367,15,2025-09-23 06:00:00,Cancelled
1368,764,2024-01-08 22:00:00,Delivered
1369,548,2024-12-19 07:00:00,Returned
1370,678,2025-06-24 21:00:00,Delivered
1371,622,2025-04-04 05:00:00,Delivered
1372,904,2025-06-20 07:00:00,Delivered
1373,376,2024-05-16 16:00:00,Delivered
1374,53,2025-03-08 15:00:00,Delivered
1375,383,2024-04-25 10:00:00,Cancelled
1376,256,2025-07-06 03:00:00,Delivered
1377,495,2024-10-27 08:00:00,Delivered
1378,756,2025-10-08 18:00:00,Delivered
1379,946,2024-11-08 20:00:00,Delivered
1380,915,2024-02-06 14:00:00,Cancelled
1381,869,2025-05-14 01:00:00,Delivered
1382,631,2025-04-16 10:00:00,Delivered
1383,110,2024-01-06 11:00:00,Cancelled
1384,191,2025-02-15 11:00:00,Delivered
1385,442,2025-05-18 06:00:00,Delivered
1386,527,2024-06-06 13:00:00,Delivered
1387,500,2024-01-08 04:00:00,Delivered
1388,257,2024-08-19 15:00:00,Delivered
1389,307,2025-01-08 13:00:00,Cancelled
1390,550,2024-10-02 03:00:00,Returned
1391,673,2025-03-25 05:00:00,Delivered
1392,766,2025-03-20 00:00:00,Delivered
1393,892,2025-12-27 06:00:00,Delivered
1394,292,2024-02-11 04:00:00,Delivered
1395,762,2024-12-05 01:00:00,Delivered
1396,204,2025-05-05 21:00:00,Returned
1397,122,2025-03-07 15:00:00,Delivered
1398,820,2025-11-29 22:00:00,Delivered
1399,770,2025-02-13 16:00:00,Delivered
1400,760,2025-02-02 04:00:00,Delivered
1401,111,2024-01-22 04:00:00,Delivered
1402,513,2024-01-14 21:00:00,Delivered
1403,695,2024-12-16 13:00:00,Returned
1404,756,2024-01-09 13:00:00,Delivered
1405,289,2025-05-12 02:00:00,Delivered
1406,254,2025-09-24 04:00:00,Delivered
1407,192,2024-09-12 08:00:00,Delivered
1408,885,2024-09-26 22:00:00,Delivered
1409,841,2025-03-15 06:00:00,Delivered
1410,802,2024-04-15 22:00:00,Delivered
1411,626,2024-07-04 06:00:00,Returned
1412,606,2025-10-06 20:00:00,Delivered
1413,124,2024-05-15 12:00:00,Delivered
1414,197,2024-05-29 13:00:00,Delivered
1415,205,2024-04-03 01:00:00,Delivered
1416,538,2024-11-09 22:00:00,Delivered
1417,237,2024-08-15 10:00:00,Delivered
1418,63,2025-06-06 13:00:00,Delivered
1419,312,2024-04-22 08:00:00,Delivered
1420,966,2024-12-25 22:00:00,Delivered
1421,328,2024-02-18 05:00:00,Delivered
1422,54,2025-11-07 23:00:00,Delivered
1423,293,2025-04-28 08:00:00,Cancelled
1424,104,2025-03-17 05:00:00,Delivered
1425,504,2025-01-07 10:00:00,Delivered
1426,100,2025-11-16 00:00:00,Delivered
1427,789,2024-05-13 10:00:00,Delivered
1428,830,2025-01-05 23:00:00,Delivered
1429,542,2025-09-11 11:00:00,Delivered
1430,283,2024-08-03 18:00:00,Delivered
1431,909,2024-04-18 04:00:00,Delivered
1432,617,2024-05-03 01:00:00,Delivered
1433,935,2025-11-01 06:00:00,Delivered
1434,457,2024-04-11 02:00:00,Returned
1435,634,2024-12-17 09:00:00,Delivered
1436,780,2024-07-25 17:00:00,Delivered
1437,45,2024-05-10 06:00:00,Delivered
1438,729,2024-09-15 17:00:00,Returned
1439,917,2025-01-09 14:00:00,Delivered
1440,121,2025-03-22 02:00:00,Delivered
1441,537,2025-05-30 00:00:00,Delivered
1442,281,2025-12-14 04:00:00,Delivered
1443,979,2025-08-02 01:00:00,Delivered
1444,711,2024-07-13 23:00:00,Delivered
1445,507,2025-12-02 17:00:00,Cancelled
1446,995,2024-03-17 05:00:00,Delivered
1447,522,2025-01-28 17:00:00,Delivered
1448,411,2025-09-13 08:00:00,Delivered
1449,4,2024-06-12 18:00:00,Delivered
1450,714,2024-01-10 16:00:00,Delivered
1451,725,2025-06-21 08:00:00,Delivered
1452,226,2024-10-30 22:00:00,Delivered
1453,122,2024-06-24 07:00:00,Delivered
1454,244,2024-10-25 01:00:00,Delivered
1455,965,2024-10-11 04:00:00,Delivered
1456,810,2024-02-22 20:00:00,Returned
1457,844,2024-08-03 17:00:00,Delivered
1458,665,2024-12-21 20:00:00,Delivered
1459,378,2024-11-28 02:00:00,Returned
1460,906,2025-07-16 08:00:00,Delivered
1461,419,2025-09-18 09:00:00,Delivered
1462,59,2025-10-02 00:00:00,Cancelled
1463,225,2024-10-13 05:00:00,Delivered
1464,17,2025-07-04 21:00:00,Returned
1465,797,2025-08-20 03:00:00,Delivered
1466,705,2025-01-26 20:00:00,Delivered
1467,642,2025-10-11 19:00:00,Delivered
1468,837,2025-03-28 07:00:00,Delivered
1469,209,2025-08-18 20:00:00,Delivered
1470,771,2025-02-08 04:00:00,Delivered
1471,748,2025-03-20 11:00:00,Delivered
1472,491,2024-04-05 15:00:00,Delivered
1473,190,2024-06-29 06:00:00,Delivered
1474,966,2024-07-03 20:00:00,Delivered
1475,318,2024-06-15 05:00:00,Delivered
1476,704,2025-09-14 06:00:00,Delivered
1477,74,2025-03-12 07:00:00,Delivered
1478,661,2025-02-16 03:00:00,Delivered
1479,141,2024-01-13 19:00:00,Delivered
1480,394,2024-01-22 03:00:00,Cancelled
1481,782,2025-10-21 01:00:00,Delivered
1482,789,2024-03-26 08:00:00,Delivered
1483,643,2025-09-06 00:00:00,Delivered
1484,10,2024-04-18 17:00:00,Delivered
1485,347,2025-12-25 02:00:00,Delivered
1486,492,2025-07-30 14:00:00,Delivered
1487,315,2024-12-05 15:00:00,Delivered
1488,58,2025-07-10 22:00:00,Delivered
1489,557,2024-05-06 00:00:00,Cancelled
1490,106,2025-07-11 09:00:00,Delivered
1491,908,2025-03-01 04:00:00,Delivered
1492,230,2024-01-25 07:00:00,Delivered
1493,151,2024-12-27 20:00:00,Delivered
1494,944,2025-12-01 12:00:00,Delivered
1495,733,2024-04-25 15:00:00,Delivered
1496,113,2024-08-17 03:00:00,Returned
1497,289,2024-12-31 02:00:00,Delivered
1498,122,2025-01-04 02:00:00,Cancelled
1499,620,2024-06-03 05:00:00,Delivered
1500,343,2025-09-06 05:00:00,Delivered
1501,154,2025-11-14 21:00:00,Delivered
1502,838,2024-10-20 11:00:00,Cancelled
1503,278,2025-05-26 21:00:00,Delivered
1504,272,2025-12-29 02:00:00,Delivered
1505,883,2024-06-01 20:00:00,Delivered
1506,152,2025-02-03 14:00:00,Delivered
1507,805,2025-05-04 02:00:00,Delivered
1508,438,2024-10-12 04:00:00,Delivered
1509,131,2024-07-05 12:00:00,Delivered
1510,507,2025-03-10 15:00:00,Delivered
1511,424,2025-09-08 20:00:00,Delivered
1512,822,2025-10-31 07:00:00,Delivered
1513,563,2025-05-24 17:00:00,Delivered
1514,546,2025-07-03 07:00:00,Delivered
1515,595,2025-03-07 16:00:00,Delivered
1516,711,2024-08-12 22:00:00,Delivered
1517,371,2024-01-03 06:00:00,Returned
1518,18,2025-01-06 17:00:00,Delivered
1519,137,2024-04-22 01:00:00,Cancelled
1520,370,2024-05-22 09:00:00,Delivered
1521,856,2025-07-18 13:00:00,Delivered
1522,848,2024-08-17 01:00:00,Delivered
1523,121,2025-12-13 22:00:00,Delivered
1524,751,2024-01-27 22:00:00,Returned
1525,381,2024-02-25 22:00:00,Delivered
1526,596,2024-03-16 15:00:00,Cancelled
1527,892,2024-06-10 00:00:00,Delivered
1528,145,2024-03-21 07:00:00,Delivered
1529,583,2025-03-02 04:00:00,Delivered
1530,482,2024-05-23 23:00:00,Delivered
1531,972,2024-11-02 15:00:00,Delivered
1532,346,2025-03-30 20:00:00,Delivered
1533,294,2024-04-23 04:00:00,Delivered
1534,658,2024-02-02 19:00:00,Delivered
1535,516,2024-06-13 00:00:00,Delivered
1536,434,2025-11-27 14:00:00,Delivered
1537,850,2024-09-21 18:00:00,Delivered
1538,727,2024-08-20 13:00:00,Returned
1539,279,2024-04-04 16:00:00,Delivered
1540,974,2024-05-08 23:00:00,Delivered
1541,634,2024-02-27 07:00:00,Delivered
1542,843,2025-07-26 19:00:00,Cancelled
1543,837,2025-12-10 14:00:00,Delivered
1544,669,2025-10-19 12:00:00,Cancelled
1545,169,2024-02-25 11:00:00,Delivered
1546,200,2024-10-03 03:00:00,Delivered
1547,372,2025-09-09 10:00:00,Delivered
1548,289,2024-06-15 17:00:00,Delivered
1549,217,2025-09-03 00:00:00,Delivered
1550,317,2024-07-11 17:00:00,Delivered
1551,952,2024-02-03 07:00:00,Delivered
1552,584,2025-08-01 01:00:00,Delivered
1553,810,2025-05-10 01:00:00,Delivered
1554,96,2024-11-12 00:00:00,Returned
1555,770,2024-10-16 12:00:00,Delivered
1556,323,2025-02-04 23:00:00,Delivered
1557,133,2025-12-20 21:00:00,Delivered
1558,418,2025-05-30 03:00:00,Delivered
1559,794,2024-06-02 00:00:00,Delivered
1560,392,2025-05-03 18:00:00,Cancelled
1561,39,2024-10-24 05:00:00,Delivered
1562,475,2024-03-21 20:00:00,Delivered
1563,736,2024-08-25 06:00:00,Delivered
1564,670,2024-05-24 22:00:00,Delivered
1565,987,2025-05-28 16:00:00,Returned
1566,624,2025-10-29 16:00:00,Returned
1567,350,2025-04-03 04:00:00,Delivered
1568,369,2025-09-30 13:00:00,Delivered
1569,730,2025-11-30 12:00:00,Delivered
1570,626,2025-09-13 02:00:00,Returned
1571,581,2025-10-04 15:00:00,Delivered
1572,16,2024-05-26 09:00:00,Delivered
1573,993,2024-03-30 15:00:00,Delivered
1574,322,2024-06-22 09:00:00,Delivered
1575,287,2025-08-13 11:00:00,Delivered
1576,73,2024-07-02 22:00:00,Delivered
1577,265,2025-04-29 08:00:00,Delivered
1578,453,2025-10-27 04:00:00,Returned
1579,996,2025-08-05 15:00:00,Delivered
1580,880,2024-10-20 12:00:00,Delivered
1581,635,2025-11-27 04:00:00,Delivered
1582,525,2025-10-01 10:00:00,Delivered
1583,699,2025-02-27 16:00:00,Delivered
1584,899,2025-11-29 01:00:00,Delivered
1585,660,2024-02-28 23:00:00,Delivered
1586,717,2025-07-28 00:00:00,Delivered
1587,108,2024-10-24 12:00:00,Delivered
1588,409,2024-03-15 07:00:00,Delivered
1589,474,2025-11-16 02:00:00,Delivered
1590,480,2025-10-19 17:00:00,Cancelled
1591,477,2024-04-21 02:00:00,Delivered
1592,111,2025-02-10 13:00:00,Delivered
1593,337,2024-03-07 10:00:00,Delivered
1594,619,2025-05-12 06:00:00,Delivered
1595,488,2024-04-27 08:00:00,Delivered
1596,559,2024-06-08 15:00:00,Delivered
1597,219,2024-11-23 18:00:00,Delivered
1598,616,2025-01-24 01:00:00,Returned
1599,371,2025-03-16 15:00:00,Delivered
1600,217,2024-01-24 21:00:00,Delivered
1601,259,2025-10-12 05:00:00,Delivered
1602,71,2024-10-07 12:00:00,Delivered
1603,895,2025-12-30 14:00:00,Cancelled
1604,538,2024-08-07 21:00:00,Cancelled
1605,189,2024-02-25 02:00:00,Cancelled
1606,439,2024-12-16 09:00:00,Delivered
1607,358,2025-03-05 15:00:00,Delivered
1608,706,2024-06-13 22:00:00,Delivered
1609,935,2025-12-10 18:00:00,Delivered
1610,11,2025-07-28 19:00:00,Delivered
1611,741,2025-11-14 18:00:00,Delivered
1612,332,2025-11-11 23:00:00,Delivered
1613,755,2024-11-20 00:00:00,Delivered
1614,470,2024-05-31 15:00:00,Cancelled
1615,117,2025-11-21 13:00:00,Delivered
1616,740,2024-01-04 14:00:00,Returned
1617,878,2024-05-08 20:00:00,Delivered
1618,993,2025-08-15 03:00:00,Delivered
1619,764,2024-07-11 13:00:00,Delivered
1620,793,2024-06-19 19:00:00,Delivered
1621,357,2024-08-02 06:00:00,Returned
1622,591,2024-01-15 11:00:00,Delivered
1623,17,2024-11-05 09:00:00,Delivered
1624,889,2024-05-07 22:00:00,Delivered
1625,467,2025-02-27 13:00:00,Delivered
1626,849,2025-07-09 13:00:00,Delivered
1627,784,2024-12-09 03:00:00,Returned
1628,470,2025-03-14 11:00:00,Delivered
1629,610,2024-06-15 17:00:00,Delivered
1630,292,2025-11-06 22:00:00,Delivered
1631,650,2024-10-17 22:00:00,Delivered
1632,948,2024-04-11 02:00:00,Delivered
1633,107,2024-04-01 20:00:00,Delivered
1634,955,2025-02-25 03:00:00,Delivered
1635,770,2025-09-30 17:00:00,Delivered
1636,455,2025-05-30 18:00:00,Delivered
1637,684,2024-10-23 13:00:00,Delivered
1638,796,2025-04-10 17:00:00,Delivered
1639,201,2025-04-25 03:00:00,Delivered
1640,813,2025-04-20 13:00:00,Cancelled
1641,661,2025-12-21 23:00:00,Delivered
1642,963,2025-01-18 07:00:00,Delivered
1643,275,2025-11-05 08:00:00,Delivered
1644,925,2025-02-28 21:00:00,Delivered
1645,922,2025-02-28 01:00:00,Delivered
1646,158,2025-01-18 16:00:00,Cancelled
1647,615,2024-11-21 10:00:00,Delivered
1648,586,2025-03-16 07:00:00,Delivered
1649,401,2024-07-16 19:00:00,Delivered
1650,849,2024-02-22 18:00:00,Delivered
1651,962,2025-10-13 12:00:00,Returned
1652,178,2025-02-16 10:00:00,Delivered
1653,448,2024-08-24 03:00:00,Delivered
1654,130,2025-05-31 03:00:00,Delivered
1655,804,2025-02-05 20:00:00,Cancelled
1656,858,2025-07-20 05:00:00,Returned
1657,209,2024-04-05 02:00:00,Delivered
1658,12,2025-10-05 18:00:00,Delivered
1659,633,2025-12-25 17:00:00,Returned
1660,81,2025-08-08 12:00:00,Delivered
1661,752,2024-05-13 14:00:00,Delivered
1662,797,2025-01-01 05:00:00,Delivered
1663,920,2024-08-15 09:00:00,Delivered
1664,861,2024-09-08 23:00:00,Delivered
1665,805,2025-01-22 08:00:00,Delivered
1666,282,2024-03-25 04:00:00,Delivered
1667,654,2025-08-16 03:00:00,Delivered
1668,950,2025-09-02 03:00:00,Delivered
1669,290,2024-09-25 05:00:00,Delivered
1670,507,2025-01-05 06:00:00,Delivered
1671,503,2024-01-23 13:00:00,Delivered
1672,983,2025-10-02 02:00:00,Delivered
1673,430,2025-01-19 10:00:00,Delivered
1674,462,2024-06-13 05:00:00,Delivered
1675,926,2024-07-01 21:00:00,Delivered
1676,622,2024-02-02 03:00:00,Returned
1677,356,2025-05-10 19:00:00,Delivered
1678,6,2024-06-11 16:00:00,Delivered
1679,949,2024-05-04 06:00:00,Delivered
1680,549,2024-01-24 16:00:00,Delivered
1681,157,2024-08-09 11:00:00,Delivered
1682,223,2024-01-31 10:00:00,Delivered
1683,86,2025-12-09 04:00:00,Delivered
1684,494,2024-07-23 02:00:00,Delivered
1685,565,2025-10-29 09:00:00,Delivered
1686,829,2025-05-22 13:00:00,Delivered
1687,410,2024-07-16 08:00:00,Delivered
1688,704,2024-10-14 12:00:00,Delivered
1689,813,2025-08-24 09:00:00,Delivered
1690,211,2025-05-14 13:00:00,Cancelled
1691,434,2025-09-02 23:00:00,Delivered
1692,327,2025-09-29 03:00:00,Delivered
1693,440,2024-07-23 18:00:00,Delivered
1694,920,2025-10-09 02:00:00,Delivered
1695,911,2024-02-04 16:00:00,Delivered
1696,420,2024-10-27 19:00:00,Cancelled
1697,661,2025-06-27 11:00:00,Delivered
1698,118,2024-07-03 10:00:00,Delivered
1699,191,2025-01-01 07:00:00,Delivered
1700,673,2025-01-15 11:00:00,Delivered
1701,322,2024-05-05 00:00:00,Delivered
1702,12,2024-12-02 06:00:00,Delivered
1703,815,2024-11-25 07:00:00,Delivered
1704,395,2024-10-17 19:00:00,Delivered
1705,223,2024-04-15 17:00:00,Delivered
1706,623,2025-11-18 02:00:00,Delivered
1707,662,2025-03-07 21:00:00,Delivered
1708,326,2024-11-23 06:00:00,Delivered
1709,822,2025-05-20 15:00:00,Delivered
1710,282,2025-03-07 03:00:00,Delivered
1711,176,2025-09-07 10:00:00,Delivered
1712,243,2025-08-13 00:00:00,Delivered
1713,660,2025-08-12 00:00:00,Cancelled
1714,292,2024-05-14 12:00:00,Delivered
1715,547,2025-06-24 01:00:00,Delivered
1716,17,2024-03-12 15:00:00,Delivered
1717,822,2025-03-01 23:00:00,Delivered
1718,325,2024-12-20 12:00:00,Delivered
1719,794,2024-11-16 15:00:00,Delivered
1720,403,2024-11-01 22:00:00,Returned
1721,506,2025-10-18 03:00:00,Cancelled
1722,961,2025-09-24 03:00:00,Delivered
1723,49,2024-01-11 04:00:00,Delivered
1724,331,2025-12-05 23:00:00,Delivered
1725,175,2024-03-31 06:00:00,Delivered
1726,832,2025-01-12 17:00:00,Returned
1727,957,2025-12-05 01:00:00,Delivered
1728,804,2024-02-14 03:00:00,Delivered
1729,312,2024-03-17 08:00:00,Delivered
1730,628,2025-01-23 08:00:00,Delivered
1731,948,2024-05-21 18:00:00,Delivered
1732,130,2024-11-22 04:00:00,Delivered
1733,910,2025-02-27 20:00:00,Delivered
1734,126,2025-06-18 16:00:00,Delivered
1735,490,2025-11-08 15:00:00,Returned
1736,330,2025-05-09 07:00:00,Delivered
1737,785,2024-10-30 22:00:00,Delivered
1738,572,2024-09-05 21:00:00,Delivered
1739,877,2024-07-29 22:00:00,Delivered
1740,996,2025-05-21 01:00:00,Delivered
1741,687,2024-08-09 14:00:00,Delivered
1742,193,2025-05-14 03:00:00,Delivered
1743,834,2025-08-27 16:00:00,Delivered
1744,321,2024-11-15 22:00:00,Delivered
1745,158,2025-05-31 03:00:00,Cancelled
1746,225,2025-01-07 12:00:00,Returned
1747,889,2025-09-27 16:00:00,Delivered
1748,410,2024-07-11 02:00:00,Delivered
1749,169,2025-12-03 09:00:00,Returned
1750,592,2025-10-25 03:00:00,Delivered
1751,898,2024-04-19 23:00:00,Delivered
1752,17,2025-04-16 05:00:00,Delivered
1753,488,2025-11-08 16:00:00,Delivered
1754,272,2024-05-01 17:00:00,Delivered
1755,442,2024-08-05 04:00:00,Delivered
1756,442,2025-06-04 10:00:00,Delivered
1757,280,2025-01-13 03:00:00,Delivered
1758,392,2025-03-08 06:00:00,Delivered
1759,413,2024-06-29 19:00:00,Delivered
1760,623,2025-05-20 16:00:00,Delivered
1761,698,2024-02-21 20:00:00,Delivered
1762,114,2024-08-12 03:00:00,Delivered
1763,37,2025-08-12 08:00:00,Delivered
1764,545,2024-04-13 08:00:00,Delivered
1765,636,2025-12-17 22:00:00,Delivered
1766,403,2024-04-13 07:00:00,Delivered
1767,901,2025-12-09 08:00:00,Delivered
1768,176,2024-07-27 11:00:00,Delivered
1769,723,2025-09-02 09:00:00,Delivered
1770,97,2024-07-08 16:00:00,Cancelled
1771,638,2025-05-03 23:00:00,Delivered
1772,929,2025-12-05 07:00:00,Delivered
1773,698,2024-03-12 05:00:00,Delivered
1774,922,2025-04-11 04:00:00,Returned
1775,683,2025-04-30 13:00:00,Delivered
1776,182,2024-09-27 02:00:00,Delivered
1777,779,2024-01-10 19:00:00,Delivered
1778,486,2025-08-20 00:00:00,Delivered
1779,254,2025-04-28 03:00:00,Delivered
1780,18,2025-08-03 21:00:00,Returned
1781,856,2024-08-21 16:00:00,Delivered
1782,774,2024-05-30 03:00:00,Delivered
1783,824,2024-12-09 14:00:00,Delivered
1784,360,2025-07-12 08:00:00,Delivered
1785,260,2025-01-08 14:00:00,Delivered
1786,362,2024-11-04 22:00:00,Delivered
1787,531,2025-11-10 19:00:00,Delivered
1788,277,2025-12-03 16:00:00,Delivered
1789,22,2024-05-31 13:00:00,Cancelled
1790,676,2024-05-25 11:00:00,Delivered
1791,251,2025-08-14 23:00:00,Delivered
1792,442,2025-01-03 06:00:00,Delivered
1793,199,2025-01-21 20:00:00,Delivered
1794,281,2025-10-03 21:00:00,Delivered
1795,935,2025-04-05 16:00:00,Delivered
1796,933,2025-11-26 11:00:00,Cancelled
1797,401,2025-08-26 13:00:00,Returned
1798,283,2024-11-12 06:00:00,Delivered
1799,533,2025-12-19 10:00:00,Cancelled
1800,126,2025-03-19 14:00:00,Delivered
1801,812,2024-12-21 09:00:00,Delivered
1802,9,2025-05-25 21:00:00,Delivered
1803,698,2024-06-02 16:00:00,Returned
1804,639,2025-07-25 21:00:00,Delivered
1805,499,2024-10-22 02:00:00,Delivered
1806,16,2025-04-09 01:00:00,Delivered
1807,846,2025-08-30 03:00:00,Delivered
1808,314,2024-01-06 13:00:00,Delivered
1809,855,2024-01-01 01:00:00,Delivered
1810,359,2024-10-17 16:00:00,Delivered
1811,788,2025-07-28 04:00:00,Returned
1812,731,2024-10-04 04:00:00,Returned
1813,202,2025-03-18 18:00:00,Cancelled
1814,298,2024-08-12 01:00:00,Delivered
1815,364,2024-09-11 21:00:00,Delivered
1816,433,2025-02-12 03:00:00,Cancelled
1817,943,2024-11-05 19:00:00,Delivered
1818,578,2025-03-22 21:00:00,Cancelled
1819,824,2025-08-15 04:00:00,Delivered
1820,205,2024-09-13 04:00:00,Delivered
1821,205,2024-11-04 09:00:00,Delivered
1822,581,2025-10-05 14:00:00,Delivered
1823,385,2025-03-23 03:00:00,Delivered
1824,453,2025-12-11 10:00:00,Delivered
1825,702,2025-12-30 11:00:00,Delivered
1826,438,2025-04-22 13:00:00,Returned
1827,473,2024-01-29 17:00:00,Delivered
1828,786,2025-03-07 02:00:00,Delivered
1829,630,2024-11-05 07:00:00,Delivered
1830,383,2024-05-10 19:00:00,Delivered
1831,580,2024-10-27 01:00:00,Delivered
1832,403,2024-05-08 12:00:00,Delivered
1833,474,2025-06-14 14:00:00,Cancelled
1834,87,2024-02-26 08:00:00,Cancelled
1835,666,2024-04-19 10:00:00,Delivered
1836,842,2024-10-24 18:00:00,Delivered
1837,340,2024-03-03 03:00:00,Delivered
1838,691,2025-06-07 23:00:00,Delivered
1839,719,2024-07-28 16:00:00,Delivered
1840,759,2025-05-22 04:00:00,Delivered
1841,692,2025-10-17 04:00:00,Delivered
1842,319,2024-01-07 15:00:00,Delivered
1843,206,2024-04-27 02:00:00,Delivered
1844,619,2024-05-03 16:00:00,Delivered
1845,210,2024-04-16 15:00:00,Delivered
1846,518,2025-03-30 12:00:00,Delivered
1847,125,2024-11-03 12:00:00,Delivered
1848,189,2024-08-28 17:00:00,Delivered
1849,628,2025-11-28 14:00:00,Cancelled
1850,632,2024-05-06 13:00:00,Delivered
1851,23,2024-07-08 04:00:00,Delivered
1852,674,2024-09-03 05:00:00,Delivered
1853,717,2025-07-13 06:00:00,Delivered
1854,297,2024-10-23 21:00:00,Delivered
1855,603,2025-05-19 11:00:00,Delivered
1856,401,2025-01-30 22:00:00,Delivered
1857,476,2025-03-02 13:00:00,Delivered
1858,291,2025-04-13 03:00:00,Delivered
1859,12,2025-08-17 09:00:00,Delivered
1860,667,2025-11-03 19:00:00,Delivered
1861,930,2024-12-29 04:00:00,Delivered
1862,741,2025-04-14 08:00:00,Delivered
1863,163,2025-01-01 16:00:00,Cancelled
1864,516,2024-08-03 11:00:00,Cancelled
1865,538,2025-02-03 16:00:00,Delivered
1866,672,2024-06-04 11:00:00,Delivered
1867,577,2024-12-13 14:00:00,Delivered
1868,806,2024-05-23 08:00:00,Delivered
1869,675,2024-11-06 12:00:00,Delivered
1870,860,2025-10-22 15:00:00,Delivered
1871,484,2025-09-12 21:00:00,Delivered
1872,726,2025-06-03 21:00:00,Delivered
1873,133,2025-12-15 10:00:00,Delivered
1874,595,2024-12-22 18:00:00,Delivered
1875,414,2024-03-10 01:00:00,Delivered
1876,751,2024-06-11 07:00:00,Delivered
1877,109,2025-05-26 21:00:00,Delivered
1878,779,2024-08-25 23:00:00,Delivered
1879,108,2024-06-27 23:00:00,Cancelled
1880,774,2025-03-06 02:00:00,Delivered
1881,257,2024-04-27 01:00:00,Cancelled
1882,75,2025-03-28 11:00:00,Delivered
1883,861,2024-01-31 05:00:00,Delivered
1884,716,2025-04-05 12:00:00,Delivered
1885,653,2025-08-10 17:00:00,Delivered
1886,259,2025-05-17 14:00:00,Delivered
1887,231,2024-07-25 23:00:00,Delivered
1888,834,2025-06-25 06:00:00,Delivered
1889,25,2025-10-06 21:00:00,Delivered
1890,35,2024-05-23 00:00:00,Delivered
1891,418,2025-08-04 17:00:00,Cancelled
1892,349,2024-07-08 21:00:00,Delivered
1893,933,2025-10-19 16:00:00,Delivered
1894,853,2024-07-31 18:00:00,Cancelled
1895,513,2024-12-26 11:00:00,Delivered
1896,573,2024-05-21 02:00:00,Delivered
1897,641,2025-01-20 02:00:00,Delivered
1898,131,2025-06-13 09:00:00,Delivered
1899,511,2024-08-24 01:00:00,Delivered
1900,339,2024-01-24 07:00:00,Cancelled
1901,297,2024-09-14 12:00:00,Delivered
1902,70,2024-06-10 09:00:00,Delivered
1903,590,2024-09-04 16:00:00,Returned
1904,513,2024-11-15 12:00:00,Delivered
1905,560,2025-12-15 03:00:00,Delivered
1906,960,2024-09-26 20:00:00,Delivered
1907,347,2025-03-07 08:00:00,Delivered
1908,910,2024-03-01 04:00:00,Delivered
1909,837,2024-12-03 21:00:00,Cancelled
1910,64,2024-08-29 15:00:00,Delivered
1911,971,2025-07-31 19:00:00,Delivered
1912,784,2024-02-06 11:00:00,Returned
1913,973,2025-03-02 19:00:00,Delivered
1914,952,2024-03-23 17:00:00,Delivered
1915,133,2024-10-04 23:00:00,Delivered
1916,37,2025-05-23 16:00:00,Delivered
1917,359,2025-03-17 15:00:00,Delivered
1918,871,2024-08-21 00:00:00,Returned
1919,27,2024-07-19 17:00:00,Delivered
1920,389,2025-11-29 21:00:00,Delivered
1921,566,2025-05-08 01:00:00,Delivered
1922,387,2025-12-13 04:00:00,Delivered
1923,438,2025-07-16 04:00:00,Delivered
1924,121,2025-09-22 11:00:00,Delivered
1925,352,2025-03-23 01:00:00,Delivered
1926,95,2025-08-25 00:00:00,Delivered
1927,766,2025-07-03 18:00:00,Delivered
1928,822,2024-01-16 23:00:00,Delivered
1929,59,2024-03-19 01:00:00,Delivered
1930,185,2024-10-16 01:00:00,Delivered
1931,617,2025-11-01 07:00:00,Returned
1932,133,2025-09-12 12:00:00,Delivered
1933,126,2025-11-03 02:00:00,Delivered
1934,961,2025-07-10 06:00:00,Delivered
1935,753,2024-12-31 07:00:00,Delivered
1936,310,2025-01-10 17:00:00,Delivered
1937,670,2024-09-07 16:00:00,Cancelled
1938,327,2025-12-15 17:00:00,Delivered
1939,56,2024-12-20 13:00:00,Delivered
1940,637,2025-05-12 08:00:00,Delivered
1941,934,2024-05-20 16:00:00,Delivered
1942,760,2025-07-20 06:00:00,Delivered
1943,743,2024-05-25 01:00:00,Returned
1944,716,2025-03-26 20:00:00,Delivered
1945,976,2024-04-26 00:00:00,Delivered
1946,35,2024-10-03 08:00:00,Delivered
1947,308,2024-03-27 01:00:00,Delivered
1948,625,2025-01-28 15:00:00,Delivered
1949,392,2025-01-28 14:00:00,Delivered
1950,211,2025-01-23 05:00:00,Delivered
1951,546,2024-02-23 21:00:00,Delivered
1952,555,2024-12-22 00:00:00,Cancelled
1953,773,2024-12-10 08:00:00,Delivered
1954,606,2024-08-09 00:00:00,Delivered
1955,850,2025-09-28 13:00:00,Cancelled
1956,802,2024-02-28 03:00:00,Delivered
1957,976,2025-11-25 09:00:00,Cancelled
1958,961,2025-07-01 14:00:00,Delivered
1959,737,2025-08-04 16:00:00,Delivered
1960,984,2025-01-25 14:00:00,Delivered
1961,947,2024-08-31 04:00:00,Cancelled
1962,288,2025-11-29 08:00:00,Delivered
1963,256,2025-07-09 09:00:00,Delivered
1964,405,2024-02-09 19:00:00,Delivered
1965,276,2025-11-06 08:00:00,Delivered
1966,830,2025-09-14 00:00:00,Delivered
1967,583,2025-11-07 10:00:00,Cancelled
1968,868,2024-07-02 14:00:00,Delivered
1969,451,2024-01-10 14:00:00,Delivered
1970,368,2025-05-06 20:00:00,Cancelled
1971,224,2025-02-22 01:00:00,Delivered
1972,82,2024-10-10 19:00:00,Delivered
1973,977,2024-03-06 14:00:00,Delivered
1974,785,2024-10-09 08:00:00,Cancelled
1975,131,2024-08-20 20:00:00,Delivered
1976,893,2025-09-24 20:00:00,Delivered
1977,118,2025-11-01 01:00:00,Delivered
1978,519,2025-03-26 18:00:00,Delivered
1979,567,2024-08-21 01:00:00,Returned
1980,266,2024-09-20 00:00:00,Delivered
1981,879,2024-12-27 17:00:00,Delivered
1982,615,2024-08-28 11:00:00,Delivered
1983,520,2025-03-30 03:00:00,Delivered
1984,243,2024-07-27 10:00:00,Delivered
1985,850,2025-11-28 13:00:00,Delivered
1986,437,2024-10-16 04:00:00,Delivered
1987,622,2025-01-03 10:00:00,Returned
1988,919,2025-10-29 11:00:00,Delivered
1989,997,2024-10-28 19:00:00,Delivered
1990,378,2024-02-15 09:00:00,Returned
1991,934,2025-08-28 00:00:00,Delivered
1992,217,2024-11-16 16:00:00,Delivered
1993,760,2025-06-04 18:00:00,Delivered
1994,963,2024-08-08 12:00:00,Cancelled
1995,34,2025-11-03 23:00:00,Delivered
1996,781,2025-10-26 02:00:00,Returned
1997,982,2024-08-17 18:00:00,Delivered
1998,589,2025-10-07 17:00:00,Delivered
1999,552,2024-05-04 16:00:00,Delivered
2000,622,2025-04-28 21:00:00,Delivered
2001,452,2024-11-20 08:00:00,Delivered
2002,590,2024-10-27 07:00:00,Delivered
2003,819,2025-01-05 07:00:00,Delivered
2004,767,2024-04-28 22:00:00,Delivered
2005,751,2025-02-23 11:00:00,Delivered
2006,574,2025-06-01 02:00:00,Cancelled
2007,670,2025-05-10 19:00:00,Delivered
2008,806,2025-03-04 07:00:00,Delivered
2009,847,2024-05-08 17:00:00,Delivered
2010,932,2025-02-21 21:00:00,Delivered
2011,142,2025-09-12 08:00:00,Delivered
2012,350,2024-11-17 03:00:00,Delivered
2013,432,2025-06-01 04:00:00,Delivered
2014,648,2024-07-21 05:00:00,Cancelled
2015,16,2024-06-19 03:00:00,Delivered
2016,784,2025-07-21 22:00:00,Returned
2017,761,2024-04-13 04:00:00,Cancelled
2018,854,2025-03-17 00:00:00,Delivered
2019,75,2024-05-15 16:00:00,Cancelled
2020,941,2025-02-01 13:00:00,Delivered
2021,412,2025-12-14 17:00:00,Delivered
2022,301,2024-05-01 10:00:00,Cancelled
2023,920,2024-12-10 18:00:00,Delivered
2024,111,2024-02-16 02:00:00,Delivered
2025,364,2025-04-04 13:00:00,Delivered
2026,759,2025-03-22 09:00:00,Delivered
2027,717,2024-05-17 23:00:00,Delivered
2028,785,2025-08-26 16:00:00,Delivered
2029,918,2024-01-08 18:00:00,Delivered
2030,691,2025-10-26 14:00:00,Delivered
2031,450,2024-06-29 16:00:00,Delivered
2032,287,2024-04-09 07:00:00,Delivered
2033,350,2024-02-19 18:00:00,Delivered
2034,538,2025-08-16 16:00:00,Cancelled
2035,437,2024-10-19 10:00:00,Delivered
2036,776,2024-07-01 04:00:00,Delivered
2037,968,2024-08-03 13:00:00,Delivered
2038,589,2025-09-22 10:00:00,Delivered
2039,292,2024-06-18 03:00:00,Delivered
2040,499,2025-03-25 07:00:00,Cancelled
2041,296,2024-09-22 19:00:00,Delivered
2042,947,2024-08-25 21:00:00,Delivered
2043,99,2024-07-30 17:00:00,Cancelled
2044,773,2024-06-21 00:00:00,Delivered
2045,41,2025-07-06 17:00:00,Delivered
2046,7,2025-05-15 00:00:00,Delivered
2047,289,2025-08-07 13:00:00,Delivered
2048,534,2024-05-09 14:00:00,Delivered
2049,113,2025-12-24 03:00:00,Delivered
2050,443,2025-05-20 08:00:00,Delivered
2051,141,2024-10-12 23:00:00,Delivered
2052,992,2024-12-28 02:00:00,Delivered
2053,228,2024-03-17 10:00:00,Delivered
2054,344,2024-10-09 14:00:00,Delivered
2055,526,2025-11-19 02:00:00,Delivered
2056,323,2024-02-09 13:00:00,Delivered
2057,723,2025-06-17 10:00:00,Delivered
2058,572,2025-11-07 20:00:00,Delivered
2059,650,2025-10-04 00:00:00,Delivered
2060,601,2025-01-20 07:00:00,Delivered
2061,272,2025-04-26 04:00:00,Delivered
2062,192,2025-05-23 09:00:00,Delivered
2063,651,2024-03-31 16:00:00,Cancelled
2064,768,2024-08-07 00:00:00,Delivered
2065,503,2025-07-25 19:00:00,Delivered
2066,183,2024-02-09 13:00:00,Delivered
2067,629,2025-01-24 20:00:00,Delivered
2068,654,2024-12-23 15:00:00,Delivered
2069,978,2024-07-03 09:00:00,Cancelled
2070,897,2024-10-26 21:00:00,Delivered
2071,816,2025-10-07 12:00:00,Delivered
2072,557,2025-05-07 09:00:00,Delivered
2073,116,2024-10-21 13:00:00,Returned
2074,334,2024-09-10 21:00:00,Delivered
2075,181,2025-04-20 10:00:00,Delivered
2076,356,2025-12-14 12:00:00,Delivered
2077,793,2025-05-10 15:00:00,Delivered
2078,704,2024-08-28 00:00:00,Delivered
2079,520,2024-08-08 13:00:00,Delivered
2080,791,2024-11-26 08:00:00,Delivered
2081,422,2025-02-04 14:00:00,Delivered
2082,267,2024-02-25 08:00:00,Delivered
2083,225,2024-12-13 20:00:00,Delivered
2084,316,2025-04-03 13:00:00,Delivered
2085,897,2024-06-19 17:00:00,Delivered
2086,641,2024-04-22 19:00:00,Delivered
2087,133,2025-09-11 17:00:00,Delivered
2088,740,2024-01-22 12:00:00,Delivered
2089,722,2024-12-07 11:00:00,Delivered
2090,567,2024-03-05 20:00:00,Delivered
2091,216,2025-01-05 17:00:00,Delivered
2092,161,2025-07-02 12:00:00,Cancelled
2093,235,2024-10-24 05:00:00,Cancelled
2094,340,2025-02-27 06:00:00,Delivered
2095,255,2024-01-14 01:00:00,Cancelled
2096,774,2025-06-23 03:00:00,Delivered
2097,811,2025-05-11 01:00:00,Delivered
2098,309,2024-01-25 07:00:00,Delivered
2099,705,2024-09-10 01:00:00,Delivered
2100,127,2025-01-21 20:00:00,Delivered
2101,838,2024-10-03 02:00:00,Delivered
2102,517,2025-12-21 23:00:00,Delivered
2103,16,2025-07-08 19:00:00,Cancelled
2104,98,2025-08-25 12:00:00,Delivered
2105,621,2024-11-15 10:00:00,Delivered
2106,762,2024-01-24 09:00:00,Delivered
2107,208,2024-04-12 08:00:00,Returned
2108,591,2025-04-27 12:00:00,Delivered
2109,96,2024-08-15 13:00:00,Delivered
2110,495,2024-10-18 22:00:00,Delivered
2111,251,2025-01-26 00:00:00,Returned
2112,746,2025-02-07 11:00:00,Delivered
2113,732,2024-04-20 14:00:00,Delivered
2114,999,2024-01-26 12:00:00,Delivered
2115,458,2025-01-13 15:00:00,Delivered
2116,659,2024-11-14 10:00:00,Delivered
2117,646,2024-03-26 03:00:00,Delivered
2118,213,2025-05-16 18:00:00,Delivered
2119,145,2025-02-16 19:00:00,Cancelled
2120,536,2025-08-03 07:00:00,Delivered
2121,506,2024-09-15 13:00:00,Delivered
2122,346,2024-06-03 01:00:00,Delivered
2123,579,2025-09-05 13:00:00,Cancelled
2124,275,2025-12-07 06:00:00,Delivered
2125,814,2025-05-15 17:00:00,Delivered
2126,983,2025-10-29 07:00:00,Delivered
2127,726,2025-05-09 16:00:00,Delivered
2128,758,2024-03-24 03:00:00,Delivered
2129,80,2025-01-19 04:00:00,Delivered
2130,166,2025-06-16 23:00:00,Delivered
2131,203,2025-03-24 03:00:00,Delivered
2132,435,2025-05-22 05:00:00,Delivered
2133,538,2025-05-13 04:00:00,Delivered
2134,561,2025-03-04 12:00:00,Delivered
2135,121,2025-03-21 09:00:00,Delivered
2136,902,2025-11-23 08:00:00,Delivered
2137,630,2025-01-15 18:00:00,Delivered
2138,145,2024-10-24 16:00:00,Delivered
2139,823,2025-09-20 22:00:00,Delivered
2140,620,2024-09-14 15:00:00,Delivered
2141,959,2024-12-04 23:00:00,Delivered
2142,873,2024-05-18 05:00:00,Delivered
2143,850,2025-04-30 00:00:00,Delivered
2144,184,2024-06-02 15:00:00,Delivered
2145,6,2024-11-15 22:00:00,Delivered
2146,711,2024-04-06 17:00:00,Delivered
2147,97,2024-03-03 19:00:00,Delivered
2148,161,2024-03-09 11:00:00,Delivered
2149,905,2024-08-19 11:00:00,Delivered
2150,951,2024-07-16 08:00:00,Delivered
2151,934,2025-03-12 18:00:00,Delivered
2152,377,2025-10-01 12:00:00,Returned
2153,575,2025-07-08 20:00:00,Delivered
2154,80,2025-08-29 04:00:00,Delivered
2155,222,2024-10-13 05:00:00,Delivered
2156,105,2024-05-09 16:00:00,Delivered
2157,785,2025-01-27 10:00:00,Delivered
2158,874,2025-08-29 19:00:00,Delivered
2159,827,2025-09-22 21:00:00,Cancelled
2160,215,2024-06-21 00:00:00,Delivered
2161,222,2024-04-03 19:00:00,Delivered
2162,169,2025-05-01 00:00:00,Delivered
2163,918,2024-02-23 04:00:00,Delivered
2164,451,2025-03-11 21:00:00,Delivered
2165,310,2025-05-27 03:00:00,Delivered
2166,403,2025-01-21 12:00:00,Delivered
2167,364,2024-11-15 16:00:00,Delivered
2168,81,2025-09-11 06:00:00,Returned
2169,969,2025-10-10 08:00:00,Delivered
2170,861,2025-03-23 17:00:00,Delivered
2171,712,2024-09-13 21:00:00,Delivered
2172,922,2025-03-21 20:00:00,Delivered
2173,26,2025-01-09 14:00:00,Delivered
2174,355,2025-03-10 06:00:00,Delivered
2175,898,2024-07-14 12:00:00,Delivered
2176,956,2024-01-11 06:00:00,Delivered
2177,539,2024-07-18 00:00:00,Delivered
2178,337,2024-04-06 11:00:00,Cancelled
2179,515,2024-01-14 19:00:00,Delivered
2180,663,2024-10-08 20:00:00,Delivered
2181,45,2025-12-13 22:00:00,Delivered
2182,641,2024-02-28 18:00:00,Cancelled
2183,884,2025-04-27 19:00:00,Delivered
2184,503,2024-06-26 15:00:00,Delivered
2185,664,2025-07-12 03:00:00,Delivered
2186,30,2025-09-19 22:00:00,Delivered
2187,754,2024-06-30 04:00:00,Delivered
2188,855,2024-05-02 01:00:00,Delivered
2189,728,2024-03-04 10:00:00,Delivered
2190,558,2024-10-11 06:00:00,Delivered
2191,756,2024-01-18 10:00:00,Cancelled
2192,869,2024-11-20 22:00:00,Delivered
2193,601,2025-01-10 16:00:00,Delivered
2194,681,2025-02-16 13:00:00,Cancelled
2195,686,2024-03-03 02:00:00,Delivered
2196,780,2025-05-28 04:00:00,Delivered
2197,86,2024-06-25 14:00:00,Delivered
2198,624,2024-07-22 22:00:00,Delivered
2199,178,2025-10-12 23:00:00,Cancelled
2200,964,2024-01-04 09:00:00,Delivered
2201,360,2024-04-30 10:00:00,Delivered
2202,857,2025-12-14 02:00:00,Delivered
2203,475,2024-03-31 03:00:00,Cancelled
2204,187,2024-03-29 05:00:00,Delivered
2205,642,2024-01-21 05:00:00,Delivered
2206,223,2025-10-15 11:00:00,Delivered
2207,899,2024-09-09 09:00:00,Cancelled
2208,658,2024-07-14 23:00:00,Delivered
2209,136,2024-11-13 01:00:00,Delivered
2210,294,2024-07-01 08:00:00,Delivered
2211,324,2025-02-27 07:00:00,Cancelled
2212,280,2024-07-23 05:00:00,Returned
2213,266,2025-12-15 14:00:00,Delivered
2214,502,2024-12-29 18:00:00,Delivered
2215,791,2025-10-19 16:00:00,Delivered
2216,647,2025-12-04 05:00:00,Delivered
2217,855,2025-08-22 12:00:00,Delivered
2218,583,2024-08-03 22:00:00,Delivered
2219,662,2025-11-29 09:00:00,Delivered
2220,717,2025-05-30 17:00:00,Cancelled
2221,814,2024-10-02 02:00:00,Delivered
2222,216,2024-09-21 06:00:00,Delivered
2223,33,2024-04-28 16:00:00,Delivered
2224,191,2025-05-01 04:00:00,Delivered
2225,331,2025-01-16 18:00:00,Delivered
2226,603,2024-02-04 10:00:00,Delivered
2227,645,2025-01-02 00:00:00,Delivered
2228,487,2024-12-08 10:00:00,Delivered
2229,103,2024-07-10 11:00:00,Delivered
2230,479,2025-07-13 05:00:00,Delivered
2231,450,2025-09-23 14:00:00,Delivered
2232,712,2025-03-21 23:00:00,Delivered
2233,855,2024-09-06 08:00:00,Delivered
2234,616,2024-12-11 15:00:00,Delivered
2235,308,2024-02-11 07:00:00,Delivered
2236,923,2025-06-03 03:00:00,Delivered
2237,793,2024-10-02 18:00:00,Delivered
2238,30,2024-06-16 16:00:00,Delivered
2239,308,2025-09-03 22:00:00,Returned
2240,204,2025-08-04 04:00:00,Delivered
2241,342,2024-02-25 02:00:00,Delivered
2242,785,2024-05-24 11:00:00,Delivered
2243,170,2025-04-16 00:00:00,Delivered
2244,206,2024-06-25 09:00:00,Delivered
2245,190,2024-08-29 06:00:00,Delivered
2246,742,2024-09-07 04:00:00,Delivered
2247,866,2025-01-18 00:00:00,Delivered
2248,353,2024-04-12 15:00:00,Delivered
2249,404,2025-12-16 06:00:00,Cancelled
2250,685,2025-01-20 14:00:00,Delivered
2251,782,2024-04-08 12:00:00,Delivered
2252,782,2024-05-16 12:00:00,Delivered
2253,920,2024-10-16 21:00:00,Delivered
2254,435,2025-09-03 12:00:00,Delivered
2255,356,2025-05-15 21:00:00,Delivered
2256,601,2024-01-28 07:00:00,Cancelled
2257,183,2024-08-28 11:00:00,Delivered
2258,514,2024-01-02 19:00:00,Delivered
2259,408,2024-03-20 20:00:00,Delivered
2260,512,2024-07-11 01:00:00,Delivered
2261,446,2024-04-05 10:00:00,Delivered
2262,185,2025-03-11 04:00:00,Delivered
2263,397,2025-11-22 15:00:00,Delivered
2264,982,2025-03-07 05:00:00,Delivered
2265,699,2025-06-13 03:00:00,Delivered
2266,85,2024-12-20 21:00:00,Delivered
2267,672,2025-02-18 00:00:00,Delivered
2268,132,2025-08-11 16:00:00,Delivered
2269,466,2024-01-12 15:00:00,Delivered
2270,687,2025-02-15 13:00:00,Delivered
2271,311,2025-03-11 08:00:00,Delivered
2272,119,2025-09-10 14:00:00,Delivered
2273,800,2025-04-29 22:00:00,Delivered
2274,548,2025-01-08 03:00:00,Delivered
2275,435,2025-06-28 12:00:00,Cancelled
2276,82,2024-06-02 00:00:00,Delivered
2277,957,2025-12-25 18:00:00,Delivered
2278,528,2025-09-21 23:00:00,Cancelled
2279,446,2024-02-19 14:00:00,Delivered
2280,125,2025-05-16 14:00:00,Delivered
2281,911,2025-09-05 21:00:00,Delivered
2282,436,2024-12-11 21:00:00,Delivered
2283,839,2024-01-25 17:00:00,Delivered
2284,301,2024-12-31 13:00:00,Delivered
2285,333,2024-10-31 20:00:00,Delivered
2286,115,2024-12-31 23:00:00,Delivered
2287,757,2025-02-09 07:00:00,Delivered
2288,548,2024-04-06 04:00:00,Delivered
2289,649,2025-05-20 13:00:00,Cancelled
2290,354,2025-04-14 22:00:00,Delivered
2291,941,2025-06-20 18:00:00,Delivered
2292,79,2024-11-30 11:00:00,Delivered
2293,624,2025-10-15 03:00:00,Delivered
2294,743,2024-03-21 10:00:00,Returned
2295,768,2024-11-05 13:00:00,Delivered
2296,189,2024-09-20 23:00:00,Delivered
2297,905,2024-03-22 13:00:00,Returned
2298,813,2024-07-15 18:00:00,Delivered
2299,311,2025-09-22 16:00:00,Delivered
2300,813,2024-09-06 22:00:00,Delivered
2301,384,2025-08-10 15:00:00,Delivered
2302,958,2025-03-23 08:00:00,Delivered
2303,797,2024-07-09 08:00:00,Delivered
2304,47,2025-09-11 12:00:00,Cancelled
2305,695,2024-10-18 08:00:00,Delivered
2306,213,2024-01-20 13:00:00,Delivered
2307,282,2024-09-30 14:00:00,Delivered
2308,1000,2025-10-12 10:00:00,Delivered
2309,231,2024-01-19 22:00:00,Delivered
2310,66,2025-09-18 09:00:00,Delivered
2311,624,2025-04-16 18:00:00,Delivered
2312,610,2024-12-02 17:00:00,Delivered
2313,953,2025-07-25 00:00:00,Delivered
2314,328,2024-12-20 14:00:00,Delivered
2315,875,2025-05-25 06:00:00,Delivered
2316,175,2025-11-20 12:00:00,Delivered
2317,34,2025-11-07 18:00:00,Returned
2318,647,2025-05-13 17:00:00,Returned
2319,86,2024-07-31 23:00:00,Returned
2320,379,2024-11-07 09:00:00,Delivered
2321,463,2025-11-21 14:00:00,Delivered
2322,640,2025-08-21 05:00:00,Delivered
2323,579,2025-03-17 13:00:00,Returned
2324,24,2024-10-17 17:00:00,Delivered
2325,241,2025-01-19 17:00:00,Delivered
2326,622,2024-05-06 03:00:00,Delivered
2327,217,2024-04-23 18:00:00,Delivered
2328,886,2024-06-11 23:00:00,Returned
2329,564,2025-02-22 11:00:00,Delivered
2330,429,2025-09-05 08:00:00,Delivered
2331,372,2025-10-07 03:00:00,Delivered
2332,704,2025-10-10 20:00:00,Delivered
2333,549,2025-06-29 12:00:00,Delivered
2334,414,2025-05-21 14:00:00,Delivered
2335,947,2025-04-05 05:00:00,Returned
2336,182,2025-02-13 09:00:00,Delivered
2337,850,2024-12-08 14:00:00,Delivered
2338,700,2024-04-10 12:00:00,Delivered
2339,429,2025-03-04 13:00:00,Delivered
2340,30,2025-09-25 07:00:00,Delivered
2341,635,2025-05-30 02:00:00,Delivered
2342,750,2025-02-22 00:00:00,Delivered
2343,256,2024-06-19 18:00:00,Delivered
2344,701,2024-04-03 11:00:00,Delivered
2345,616,2025-10-31 12:00:00,Delivered
2346,885,2024-07-16 05:00:00,Delivered
2347,741,2024-09-02 05:00:00,Delivered
2348,730,2024-07-23 10:00:00,Delivered
2349,67,2024-02-01 06:00:00,Delivered
2350,471,2024-09-07 21:00:00,Delivered
2351,248,2024-06-30 14:00:00,Delivered
2352,114,2025-09-10 10:00:00,Cancelled
2353,931,2024-06-12 07:00:00,Delivered
2354,986,2024-03-12 00:00:00,Delivered
2355,699,2025-11-24 13:00:00,Cancelled
2356,482,2025-01-29 02:00:00,Delivered
2357,981,2024-09-23 22:00:00,Delivered
2358,733,2025-09-13 20:00:00,Returned
2359,732,2024-01-25 14:00:00,Delivered
2360,744,2024-03-02 09:00:00,Delivered
2361,849,2024-02-10 11:00:00,Delivered
2362,950,2025-06-07 20:00:00,Delivered
2363,439,2024-05-07 03:00:00,Delivered
2364,269,2025-08-16 03:00:00,Delivered
2365,376,2025-02-26 21:00:00,Delivered
2366,935,2024-09-05 15:00:00,Delivered
2367,100,2024-12-03 20:00:00,Delivered
2368,470,2025-12-27 15:00:00,Delivered
2369,776,2024-09-23 10:00:00,Delivered
2370,456,2024-12-04 14:00:00,Delivered
2371,582,2024-10-08 19:00:00,Delivered
2372,144,2024-05-31 16:00:00,Delivered
2373,227,2025-01-14 18:00:00,Delivered
2374,299,2024-11-10 22:00:00,Delivered
2375,650,2024-11-08 15:00:00,Delivered
2376,690,2024-10-28 04:00:00,Delivered
2377,712,2024-05-11 04:00:00,Delivered
2378,880,2025-01-28 08:00:00,Delivered
2379,29,2024-08-04 18:00:00,Delivered
2380,599,2024-01-13 08:00:00,Delivered
2381,521,2025-06-13 12:00:00,Delivered
2382,922,2024-06-23 11:00:00,Delivered
2383,602,2025-05-28 10:00:00,Delivered
2384,388,2025-05-11 20:00:00,Delivered
2385,538,2025-05-08 05:00:00,Delivered
2386,389,2024-01-15 21:00:00,Returned
2387,351,2024-08-18 09:00:00,Delivered
2388,154,2024-10-11 19:00:00,Delivered
2389,809,2024-05-02 20:00:00,Delivered
2390,511,2025-04-15 18:00:00,Cancelled
2391,929,2024-01-13 23:00:00,Cancelled
2392,802,2025-06-20 07:00:00,Delivered
2393,373,2025-11-11 01:00:00,Delivered
2394,102,2024-12-03 16:00:00,Delivered
2395,567,2025-07-01 23:00:00,Delivered
2396,82,2024-02-27 14:00:00,Delivered
2397,254,2024-09-07 08:00:00,Delivered
2398,188,2025-12-07 20:00:00,Cancelled
2399,234,2025-12-07 22:00:00,Delivered
2400,42,2025-09-15 08:00:00,Delivered
2401,94,2024-07-13 23:00:00,Cancelled
2402,66,2024-05-15 16:00:00,Delivered
2403,213,2024-08-21 07:00:00,Delivered
2404,596,2025-05-03 14:00:00,Delivered
2405,903,2024-02-22 10:00:00,Delivered
2406,75,2024-07-20 15:00:00,Delivered
2407,86,2025-05-02 06:00:00,Delivered
2408,604,2024-08-08 19:00:00,Delivered
2409,583,2024-01-10 18:00:00,Delivered
2410,927,2024-04-24 23:00:00,Cancelled
2411,797,2025-10-20 06:00:00,Delivered
2412,651,2025-09-21 14:00:00,Returned
2413,258,2025-02-20 19:00:00,Delivered
2414,647,2024-06-29 10:00:00,Delivered
2415,527,2024-10-17 20:00:00,Delivered
2416,889,2025-06-28 07:00:00,Delivered
2417,695,2025-07-28 16:00:00,Delivered
2418,451,2024-04-24 05:00:00,Delivered
2419,327,2025-06-05 15:00:00,Delivered
2420,184,2024-03-08 13:00:00,Delivered
2421,97,2025-03-29 10:00:00,Delivered
2422,552,2024-07-06 06:00:00,Delivered
2423,782,2024-08-25 06:00:00,Delivered
2424,313,2024-11-23 16:00:00,Delivered
2425,702,2024-11-03 19:00:00,Delivered
2426,689,2024-06-07 10:00:00,Delivered
2427,785,2025-02-09 05:00:00,Cancelled
2428,625,2025-11-09 05:00:00,Delivered
2429,529,2025-04-30 20:00:00,Delivered
2430,427,2024-10-02 07:00:00,Returned
2431,484,2024-11-06 11:00:00,Delivered
2432,342,2024-12-28 23:00:00,Delivered
2433,316,2025-03-11 18:00:00,Delivered
2434,428,2024-01-06 12:00:00,Delivered
2435,419,2024-12-28 20:00:00,Delivered
2436,999,2025-04-12 08:00:00,Delivered
2437,722,2024-07-26 06:00:00,Delivered
2438,263,2024-10-28 11:00:00,Delivered
2439,438,2025-01-26 10:00:00,Delivered
2440,757,2024-07-23 06:00:00,Delivered
2441,451,2024-10-07 03:00:00,Delivered
2442,165,2024-11-29 23:00:00,Delivered
2443,739,2025-08-30 15:00:00,Returned
2444,970,2024-02-17 21:00:00,Delivered
2445,983,2025-12-24 15:00:00,Delivered
2446,622,2025-08-23 12:00:00,Delivered
2447,58,2025-10-16 10:00:00,Delivered
2448,379,2025-03-24 09:00:00,Delivered
2449,138,2024-03-16 10:00:00,Returned
2450,751,2025-02-27 04:00:00,Cancelled
2451,604,2024-11-02 18:00:00,Delivered
2452,91,2025-03-24 07:00:00,Delivered
2453,560,2025-11-07 08:00:00,Delivered
2454,837,2024-10-25 22:00:00,Delivered
2455,791,2024-03-10 22:00:00,Delivered
2456,322,2025-01-04 14:00:00,Delivered
2457,220,2024-07-07 10:00:00,Delivered
2458,472,2025-01-05 10:00:00,Delivered
2459,995,2025-12-21 08:00:00,Delivered
2460,766,2024-01-24 04:00:00,Delivered
2461,421,2025-03-13 12:00:00,Delivered
2462,818,2024-02-19 16:00:00,Delivered
2463,525,2025-01-17 00:00:00,Delivered
2464,33,2025-05-31 10:00:00,Delivered
2465,504,2024-10-16 18:00:00,Delivered
2466,69,2024-03-18 18:00:00,Delivered
2467,572,2024-04-25 17:00:00,Delivered
2468,526,2024-03-30 18:00:00,Returned
2469,625,2025-10-27 06:00:00,Delivered
2470,786,2025-12-01 13:00:00,Delivered
2471,477,2025-04-07 23:00:00,Delivered
2472,339,2024-03-15 05:00:00,Delivered
2473,348,2025-04-09 16:00:00,Delivered
2474,758,2025-03-18 00:00:00,Delivered
2475,301,2024-01-07 19:00:00,Cancelled
2476,20,2024-01-09 07:00:00,Delivered
2477,155,2024-09-22 07:00:00,Delivered
2478,787,2024-11-30 17:00:00,Delivered
2479,682,2024-07-24 18:00:00,Returned
2480,915,2025-08-13 04:00:00,Delivered
2481,152,2024-07-30 09:00:00,Delivered
2482,27,2025-06-30 19:00:00,Returned
2483,41,2024-05-10 17:00:00,Delivered
2484,71,2024-12-01 10:00:00,Returned
2485,674,2024-08-01 06:00:00,Delivered
2486,435,2024-10-04 07:00:00,Returned
2487,223,2024-12-29 00:00:00,Delivered
2488,921,2025-03-26 03:00:00,Cancelled
2489,385,2024-01-27 14:00:00,Cancelled
2490,875,2024-08-01 12:00:00,Delivered
2491,450,2025-02-12 06:00:00,Delivered
2492,390,2025-08-27 03:00:00,Delivered
2493,180,2025-06-02 18:00:00,Delivered
2494,125,2024-06-15 06:00:00,Delivered
2495,501,2025-09-11 11:00:00,Delivered
2496,325,2025-03-01 06:00:00,Delivered
2497,93,2025-06-03 11:00:00,Delivered
2498,521,2024-04-24 14:00:00,Delivered
2499,390,2025-03-06 12:00:00,Returned
2500,103,2024-12-29 11:00:00,Returned
2501,857,2024-03-07 13:00:00,Returned
2502,668,2024-11-03 07:00:00,Returned
2503,87,2025-10-28 20:00:00,Delivered
2504,897,2025-04-27 00:00:00,Returned
2505,282,2025-10-24 10:00:00,Delivered
2506,868,2024-09-11 05:00:00,Delivered
2507,132,2025-06-15 04:00:00,Delivered
2508,482,2024-02-09 01:00:00,Delivered
2509,215,2025-11-07 09:00:00,Delivered
2510,425,2024-06-10 13:00:00,Delivered
2511,959,2025-06-15 04:00:00,Delivered
2512,830,2025-11-15 05:00:00,Delivered
2513,948,2024-04-22 05:00:00,Delivered
2514,209,2024-11-09 12:00:00,Delivered
2515,931,2024-09-28 19:00:00,Delivered
2516,803,2024-01-27 10:00:00,Delivered
2517,482,2024-02-05 23:00:00,Cancelled
2518,936,2025-02-21 01:00:00,Delivered
2519,781,2025-09-04 23:00:00,Delivered
2520,162,2024-04-12 00:00:00,Delivered
2521,229,2024-04-04 13:00:00,Returned
2522,116,2025-05-02 14:00:00,Returned
2523,877,2025-07-03 14:00:00,Delivered
2524,618,2025-10-14 00:00:00,Delivered
2525,481,2024-09-20 04:00:00,Delivered
2526,553,2025-01-09 19:00:00,Delivered
2527,99,2025-05-04 15:00:00,Delivered
2528,873,2025-08-07 06:00:00,Delivered
2529,528,2024-05-12 04:00:00,Delivered
2530,85,2024-04-07 22:00:00,Delivered
2531,909,2025-09-21 03:00:00,Delivered
2532,257,2024-07-08 23:00:00,Delivered
2533,337,2025-12-28 14:00:00,Delivered
2534,533,2025-06-13 18:00:00,Returned
2535,274,2024-05-14 10:00:00,Delivered
2536,678,2024-05-28 18:00:00,Delivered
2537,872,2024-02-05 23:00:00,Cancelled
2538,395,2025-10-09 01:00:00,Delivered
2539,187,2024-01-15 04:00:00,Delivered
2540,856,2024-08-31 05:00:00,Delivered
2541,12,2025-08-08 15:00:00,Delivered
2542,353,2024-07-11 20:00:00,Cancelled
2543,995,2025-08-14 12:00:00,Delivered
2544,220,2025-04-09 19:00:00,Delivered
2545,451,2024-04-30 23:00:00,Delivered
2546,787,2025-06-10 10:00:00,Delivered
2547,914,2024-07-09 08:00:00,Delivered
2548,893,2025-05-14 17:00:00,Delivered
2549,99,2025-11-15 10:00:00,Delivered
2550,270,2024-03-05 11:00:00,Delivered
2551,27,2025-07-10 04:00:00,Delivered
2552,999,2025-04-13 03:00:00,Delivered
2553,730,2024-10-29 04:00:00,Cancelled
2554,315,2025-04-08 13:00:00,Delivered
2555,963,2024-03-25 16:00:00,Delivered
2556,840,2025-06-07 06:00:00,Delivered
2557,697,2024-08-15 00:00:00,Delivered
2558,763,2024-12-28 16:00:00,Delivered
2559,156,2025-07-30 16:00:00,Delivered
2560,820,2025-06-29 11:00:00,Delivered
2561,711,2025-06-27 05:00:00,Delivered
2562,103,2025-11-27 05:00:00,Delivered
2563,880,2025-09-25 07:00:00,Cancelled
2564,770,2024-06-04 17:00:00,Returned
2565,625,2025-03-10 06:00:00,Delivered
2566,983,2025-02-14 09:00:00,Delivered
2567,535,2025-03-07 15:00:00,Delivered
2568,140,2024-11-03 00:00:00,Delivered
2569,726,2025-07-23 21:00:00,Delivered
2570,946,2025-09-19 19:00:00,Returned
2571,61,2025-02-24 04:00:00,Delivered
2572,843,2024-06-13 07:00:00,Delivered
2573,164,2025-10-23 13:00:00,Delivered
2574,199,2024-09-11 11:00:00,Delivered
2575,987,2024-10-09 04:00:00,Cancelled
2576,127,2025-08-22 21:00:00,Delivered
2577,455,2024-05-25 21:00:00,Delivered
2578,336,2024-01-12 20:00:00,Delivered
2579,319,2025-06-20 03:00:00,Delivered
2580,613,2025-04-27 07:00:00,Delivered
2581,306,2024-05-07 17:00:00,Delivered
2582,466,2024-06-06 02:00:00,Cancelled
2583,773,2024-12-15 08:00:00,Returned
2584,42,2025-01-25 08:00:00,Delivered
2585,478,2025-03-12 18:00:00,Delivered
2586,727,2025-12-09 15:00:00,Delivered
2587,231,2025-06-19 03:00:00,Delivered
2588,750,2025-09-09 19:00:00,Cancelled
2589,248,2025-11-11 15:00:00,Cancelled
2590,987,2025-03-18 13:00:00,Delivered
2591,108,2024-10-13 23:00:00,Delivered
2592,927,2024-09-14 20:00:00,Delivered
2593,430,2025-11-13 08:00:00,Returned
2594,86,2024-01-14 03:00:00,Delivered
2595,498,2024-09-05 18:00:00,Delivered
2596,606,2025-03-20 21:00:00,Delivered
2597,800,2025-12-26 15:00:00,Delivered
2598,858,2025-08-02 12:00:00,Delivered
2599,892,2025-11-14 12:00:00,Delivered
2600,111,2025-08-27 20:00:00,Returned
2601,590,2024-04-07 03:00:00,Returned
2602,245,2025-01-04 18:00:00,Delivered
2603,926,2025-09-10 13:00:00,Delivered
2604,736,2024-02-10 11:00:00,Delivered
2605,451,2025-04-16 18:00:00,Cancelled
2606,39,2025-02-12 20:00:00,Delivered
2607,443,2025-11-16 00:00:00,Delivered
2608,186,2024-01-25 20:00:00,Returned
2609,102,2024-10-26 13:00:00,Delivered
2610,747,2025-04-12 08:00:00,Delivered
2611,700,2024-12-18 11:00:00,Returned
2612,255,2024-10-10 14:00:00,Delivered
2613,333,2025-04-14 22:00:00,Returned
2614,270,2024-06-13 06:00:00,Delivered
2615,885,2025-07-14 20:00:00,Delivered
2616,411,2024-12-22 05:00:00,Cancelled
2617,878,2024-04-01 10:00:00,Delivered
2618,552,2024-08-21 10:00:00,Cancelled
2619,104,2024-04-02 20:00:00,Delivered
2620,637,2025-05-24 20:00:00,Delivered
2621,392,2024-07-26 08:00:00,Cancelled
2622,498,2024-12-25 10:00:00,Delivered
2623,918,2025-01-05 05:00:00,Returned
2624,331,2024-01-17 03:00:00,Delivered
2625,318,2025-06-02 22:00:00,Delivered
2626,304,2025-07-27 17:00:00,Delivered
2627,634,2025-12-13 02:00:00,Delivered
2628,93,2025-12-29 19:00:00,Cancelled
2629,680,2025-02-18 08:00:00,Delivered
2630,349,2025-06-29 11:00:00,Delivered
2631,944,2025-01-29 03:00:00,Cancelled
2632,754,2024-10-27 19:00:00,Delivered
2633,85,2024-11-27 07:00:00,Delivered
2634,42,2024-09-08 17:00:00,Delivered
2635,281,2024-01-27 15:00:00,Delivered
2636,712,2024-08-12 07:00:00,Cancelled
2637,451,2025-10-25 06:00:00,Delivered
2638,304,2024-09-06 00:00:00,Cancelled
2639,495,2025-03-25 13:00:00,Delivered
2640,582,2024-07-15 13:00:00,Delivered
2641,532,2025-08-17 12:00:00,Delivered
2642,910,2025-01-31 23:00:00,Delivered
2643,816,2025-01-07 08:00:00,Delivered
2644,374,2024-08-28 10:00:00,Delivered
2645,79,2025-12-10 04:00:00,Delivered
2646,848,2025-12-20 07:00:00,Delivered
2647,593,2024-05-11 03:00:00,Returned
2648,804,2025-06-03 22:00:00,Delivered
2649,322,2024-04-17 19:00:00,Delivered
2650,357,2025-12-19 20:00:00,Returned
2651,841,2024-08-17 14:00:00,Delivered
2652,857,2024-02-24 14:00:00,Delivered
2653,510,2025-08-28 13:00:00,Delivered
2654,176,2024-01-23 17:00:00,Delivered
2655,666,2024-02-28 11:00:00,Delivered
2656,724,2024-05-31 02:00:00,Delivered
2657,67,2024-10-09 18:00:00,Delivered
2658,919,2024-01-29 22:00:00,Delivered
2659,442,2025-12-22 04:00:00,Returned
2660,221,2025-11-08 14:00:00,Delivered
2661,714,2025-11-21 09:00:00,Delivered
2662,584,2025-06-04 13:00:00,Delivered
2663,553,2025-11-28 18:00:00,Delivered
2664,7,2025-09-16 01:00:00,Delivered
2665,367,2025-08-24 03:00:00,Delivered
2666,73,2025-09-20 02:00:00,Delivered
2667,748,2024-06-14 23:00:00,Delivered
2668,616,2024-07-02 05:00:00,Delivered
2669,952,2025-05-21 23:00:00,Delivered
2670,92,2024-04-06 12:00:00,Delivered
2671,972,2025-12-02 12:00:00,Delivered
2672,391,2025-12-14 15:00:00,Delivered
2673,352,2024-07-06 03:00:00,Delivered
2674,182,2025-12-25 13:00:00,Cancelled
2675,512,2024-04-02 05:00:00,Delivered
2676,206,2024-08-20 11:00:00,Returned
2677,649,2024-03-24 10:00:00,Delivered
2678,97,2025-06-20 08:00:00,Delivered
2679,621,2024-03-03 17:00:00,Delivered
2680,383,2024-04-07 05:00:00,Delivered
2681,542,2024-01-13 00:00:00,Delivered
2682,314,2024-01-29 18:00:00,Delivered
2683,880,2024-03-12 05:00:00,Delivered
2684,636,2025-05-25 05:00:00,Delivered
2685,1000,2024-12-19 03:00:00,Cancelled
2686,935,2024-06-07 19:00:00,Delivered
2687,182,2025-03-27 22:00:00,Cancelled
2688,791,2024-06-30 16:00:00,Delivered
2689,839,2025-03-31 00:00:00,Delivered
2690,958,2025-07-04 03:00:00,Delivered
2691,320,2024-10-25 03:00:00,Delivered
2692,185,2025-08-27 16:00:00,Delivered
2693,103,2025-05-24 06:00:00,Delivered
2694,628,2024-12-11 14:00:00,Returned
2695,562,2025-02-02 14:00:00,Returned
2696,685,2025-07-21 02:00:00,Delivered
2697,375,2024-05-24 07:00:00,Returned
2698,503,2024-07-11 12:00:00,Delivered
2699,61,2025-05-06 21:00:00,Delivered
2700,860,2025-08-28 03:00:00,Cancelled
2701,94,2025-11-10 20:00:00,Delivered
2702,540,2025-07-30 18:00:00,Delivered
2703,535,2025-02-07 17:00:00,Delivered
2704,290,2024-11-24 04:00:00,Delivered
2705,203,2024-10-26 20:00:00,Delivered
2706,446,2025-01-21 02:00:00,Delivered
2707,504,2024-04-16 10:00:00,Delivered
2708,625,2025-02-02 09:00:00,Delivered
2709,806,2024-10-21 21:00:00,Delivered
2710,541,2024-02-12 06:00:00,Returned
2711,315,2025-08-24 23:00:00,Cancelled
2712,556,2024-06-26 20:00:00,Delivered
2713,50,2025-07-01 00:00:00,Delivered
2714,311,2025-01-29 06:00:00,Delivered
2715,551,2024-02-23 21:00:00,Cancelled
2716,757,2025-06-04 16:00:00,Cancelled
2717,521,2025-01-14 21:00:00,Delivered
2718,933,2024-08-07 03:00:00,Delivered
2719,191,2024-08-14 22:00:00,Delivered
2720,732,2024-07-27 15:00:00,Delivered
2721,656,2025-09-19 00:00:00,Delivered
2722,391,2024-07-29 22:00:00,Delivered
2723,298,2024-01-05 07:00:00,Delivered
2724,938,2024-12-04 05:00:00,Returned
2725,847,2024-08-21 11:00:00,Cancelled
2726,412,2024-02-15 04:00:00,Delivered
2727,253,2025-09-28 21:00:00,Delivered
2728,945,2025-03-08 21:00:00,Delivered
2729,885,2025-10-03 09:00:00,Delivered
2730,900,2025-10-31 23:00:00,Cancelled
2731,420,2025-12-07 00:00:00,Delivered
2732,424,2025-01-21 08:00:00,Cancelled
2733,195,2025-05-14 08:00:00,Delivered
2734,642,2025-12-10 12:00:00,Delivered
2735,786,2025-04-04 04:00:00,Delivered
2736,229,2024-03-13 20:00:00,Delivered
2737,163,2025-05-15 02:00:00,Delivered
2738,336,2024-06-20 23:00:00,Delivered
2739,698,2025-12-12 12:00:00,Delivered
2740,294,2024-10-18 18:00:00,Delivered
2741,780,2024-05-02 12:00:00,Cancelled
2742,906,2024-07-25 02:00:00,Delivered
2743,510,2024-07-24 04:00:00,Delivered
2744,37,2025-04-25 15:00:00,Delivered
2745,235,2024-02-08 12:00:00,Delivered
2746,781,2025-12-11 02:00:00,Delivered
2747,631,2025-01-14 14:00:00,Delivered
2748,453,2025-09-03 01:00:00,Delivered
2749,516,2024-07-12 06:00:00,Delivered
2750,45,2025-08-05 00:00:00,Returned
2751,350,2024-09-13 05:00:00,Delivered
2752,206,2025-10-21 01:00:00,Delivered
2753,157,2024-10-25 16:00:00,Delivered
2754,189,2025-10-04 06:00:00,Delivered
2755,739,2025-03-25 00:00:00,Cancelled
2756,72,2024-09-08 19:00:00,Delivered
2757,571,2024-06-13 04:00:00,Delivered
2758,326,2024-02-28 03:00:00,Delivered
2759,420,2025-06-14 17:00:00,Delivered
2760,738,2024-06-22 23:00:00,Returned
2761,380,2024-02-09 04:00:00,Cancelled
2762,701,2024-08-27 00:00:00,Delivered
2763,577,2024-02-29 12:00:00,Delivered
2764,123,2024-08-17 20:00:00,Delivered
2765,559,2024-03-16 00:00:00,Delivered
2766,933,2025-05-02 18:00:00,Delivered
2767,290,2025-12-03 19:00:00,Delivered
2768,933,2024-08-31 21:00:00,Delivered
2769,257,2024-12-19 20:00:00,Delivered
2770,942,2024-06-05 14:00:00,Delivered
2771,369,2024-08-17 04:00:00,Delivered
2772,749,2024-06-27 12:00:00,Returned
2773,904,2024-06-13 11:00:00,Delivered
2774,443,2024-11-03 04:00:00,Delivered
2775,421,2025-12-28 17:00:00,Cancelled
2776,412,2024-05-08 20:00:00,Delivered
2777,965,2025-02-19 13:00:00,Cancelled
2778,472,2025-04-08 14:00:00,Returned
2779,475,2025-01-07 10:00:00,Delivered
2780,409,2024-05-16 23:00:00,Delivered
2781,252,2024-08-10 22:00:00,Delivered
2782,200,2025-11-06 19:00:00,Delivered
2783,475,2025-07-15 13:00:00,Delivered
2784,315,2024-08-06 12:00:00,Delivered
2785,112,2025-07-09 20:00:00,Delivered
2786,927,2025-09-30 13:00:00,Delivered
2787,223,2024-12-11 17:00:00,Cancelled
2788,676,2025-01-28 16:00:00,Delivered
2789,966,2025-03-29 00:00:00,Delivered
2790,396,2025-08-04 21:00:00,Delivered
2791,764,2025-11-27 18:00:00,Delivered
2792,657,2025-02-15 18:00:00,Delivered
2793,203,2024-06-03 13:00:00,Delivered
2794,252,2024-05-13 15:00:00,Delivered
2795,956,2025-09-19 16:00:00,Delivered
2796,897,2024-02-06 21:00:00,Delivered
2797,67,2024-03-28 00:00:00,Delivered
2798,883,2024-02-24 10:00:00,Cancelled
2799,321,2024-12-31 06:00:00,Delivered
2800,981,2024-08-06 09:00:00,Cancelled
2801,372,2025-09-30 10:00:00,Delivered
2802,849,2025-04-02 15:00:00,Delivered
2803,180,2024-10-23 09:00:00,Delivered
2804,576,2024-06-12 04:00:00,Delivered
2805,122,2025-06-29 19:00:00,Delivered
2806,576,2025-07-19 20:00:00,Delivered
2807,288,2025-12-07 07:00:00,Returned
2808,680,2024-05-30 14:00:00,Delivered
2809,41,2024-05-18 12:00:00,Delivered
2810,489,2024-06-23 00:00:00,Delivered
2811,838,2025-01-06 14:00:00,Delivered
2812,187,2025-04-03 00:00:00,Returned
2813,970,2025-11-18 18:00:00,Delivered
2814,348,2024-03-28 11:00:00,Delivered
2815,139,2025-10-01 09:00:00,Delivered
2816,939,2024-06-02 03:00:00,Returned
2817,810,2025-11-15 06:00:00,Returned
2818,329,2024-10-26 22:00:00,Delivered
2819,806,2024-03-26 11:00:00,Delivered
2820,819,2025-05-21 00:00:00,Delivered
2821,605,2025-03-03 05:00:00,Delivered
2822,259,2024-07-15 16:00:00,Delivered
2823,533,2024-01-25 15:00:00,Delivered
2824,171,2024-02-23 20:00:00,Delivered
2825,314,2024-09-26 14:00:00,Returned
2826,346,2024-02-11 08:00:00,Delivered
2827,778,2025-11-03 14:00:00,Delivered
2828,341,2025-07-18 01:00:00,Delivered
2829,949,2025-10-01 00:00:00,Delivered
2830,20,2024-11-05 12:00:00,Delivered
2831,482,2025-01-24 12:00:00,Delivered
2832,689,2024-10-03 22:00:00,Delivered
2833,376,2025-06-08 13:00:00,Delivered
2834,351,2024-05-15 11:00:00,Delivered
2835,566,2024-07-16 15:00:00,Delivered
2836,86,2025-04-05 21:00:00,Delivered
2837,683,2024-11-22 16:00:00,Cancelled
2838,24,2024-05-11 03:00:00,Delivered
2839,182,2025-01-17 02:00:00,Delivered
2840,821,2024-08-30 02:00:00,Cancelled
2841,10,2024-01-14 23:00:00,Delivered
2842,892,2025-09-24 02:00:00,Delivered
2843,642,2025-04-16 20:00:00,Cancelled
2844,805,2025-11-11 03:00:00,Delivered
2845,58,2025-12-22 04:00:00,Delivered
2846,764,2024-03-24 05:00:00,Delivered
2847,975,2024-04-03 00:00:00,Delivered
2848,703,2024-08-26 06:00:00,Delivered
2849,82,2025-01-31 10:00:00,Delivered
2850,198,2025-05-02 06:00:00,Delivered
2851,508,2025-09-11 22:00:00,Delivered
2852,295,2025-11-23 18:00:00,Cancelled
2853,63,2025-03-29 05:00:00,Delivered
2854,82,2024-06-29 06:00:00,Delivered
2855,900,2025-07-09 18:00:00,Returned
2856,717,2024-05-06 22:00:00,Delivered
2857,193,2024-07-10 10:00:00,Delivered
2858,234,2024-06-15 12:00:00,Delivered
2859,607,2024-10-30 19:00:00,Delivered
2860,656,2024-10-19 06:00:00,Delivered
2861,845,2024-12-19 23:00:00,Delivered
2862,8,2025-11-01 21:00:00,Delivered
2863,773,2024-06-14 02:00:00,Delivered
2864,506,2024-12-18 23:00:00,Delivered
2865,774,2025-03-16 02:00:00,Delivered
2866,921,2025-04-01 00:00:00,Returned
2867,691,2024-03-31 10:00:00,Delivered
2868,939,2025-01-05 22:00:00,Delivered
2869,695,2024-03-08 18:00:00,Delivered
2870,860,2024-11-22 14:00:00,Delivered
2871,831,2025-05-06 11:00:00,Delivered
2872,782,2025-05-15 10:00:00,Delivered
2873,763,2024-07-13 07:00:00,Delivered
2874,44,2025-12-08 11:00:00,Delivered
2875,902,2025-04-17 10:00:00,Returned
2876,867,2025-02-16 14:00:00,Cancelled
2877,476,2025-04-08 04:00:00,Delivered
2878,769,2025-01-29 13:00:00,Returned
2879,895,2024-05-22 10:00:00,Delivered
2880,892,2025-10-09 04:00:00,Delivered
2881,15,2025-03-20 21:00:00,Cancelled
2882,155,2025-08-30 05:00:00,Delivered
2883,17,2025-02-04 15:00:00,Delivered
2884,346,2024-07-21 00:00:00,Delivered
2885,163,2024-11-06 17:00:00,Delivered
2886,195,2025-05-13 19:00:00,Delivered
2887,444,2025-03-21 05:00:00,Delivered
2888,682,2024-03-02 11:00:00,Returned
2889,69,2024-11-27 22:00:00,Delivered
2890,297,2024-05-24 07:00:00,Delivered
2891,507,2024-08-09 13:00:00,Delivered
2892,980,2024-11-11 20:00:00,Delivered
2893,646,2024-11-14 21:00:00,Delivered
2894,627,2024-05-04 19:00:00,Delivered
2895,289,2024-12-15 23:00:00,Delivered
2896,706,2024-05-11 11:00:00,Delivered
2897,485,2024-03-05 00:00:00,Delivered
2898,428,2024-09-09 06:00:00,Returned
2899,705,2024-08-27 10:00:00,Delivered
2900,924,2025-05-02 08:00:00,Delivered
2901,592,2024-12-05 22:00:00,Delivered
2902,131,2024-11-25 20:00:00,Delivered
2903,934,2024-08-22 22:00:00,Delivered
2904,243,2024-09-12 15:00:00,Delivered
2905,912,2024-01-20 10:00:00,Delivered
2906,98,2025-01-28 04:00:00,Delivered
2907,84,2025-06-25 15:00:00,Delivered
2908,923,2024-09-29 02:00:00,Delivered
2909,797,2024-07-16 08:00:00,Delivered
2910,373,2024-03-01 15:00:00,Delivered
2911,649,2024-01-04 10:00:00,Delivered
2912,636,2025-05-09 17:00:00,Delivered
2913,280,2024-11-23 15:00:00,Returned
2914,620,2025-07-03 06:00:00,Cancelled
2915,662,2024-07-11 19:00:00,Delivered
2916,303,2024-03-03 23:00:00,Cancelled
2917,537,2025-05-31 09:00:00,Delivered
2918,386,2025-03-09 22:00:00,Delivered
2919,12,2024-11-01 08:00:00,Delivered
2920,304,2024-01-26 00:00:00,Delivered
2921,781,2025-03-07 02:00:00,Delivered
2922,795,2024-05-31 14:00:00,Delivered
2923,569,2024-06-09 19:00:00,Delivered
2924,322,2024-04-20 08:00:00,Delivered
2925,203,2025-12-24 19:00:00,Delivered
2926,167,2025-08-23 04:00:00,Delivered
2927,18,2024-05-06 01:00:00,Cancelled
2928,566,2025-05-03 11:00:00,Delivered
2929,852,2025-01-19 17:00:00,Delivered
2930,445,2025-10-23 10:00:00,Delivered
2931,335,2025-09-19 01:00:00,Delivered
2932,332,2025-08-02 18:00:00,Delivered
2933,524,2024-02-27 23:00:00,Delivered
2934,136,2025-05-23 02:00:00,Returned
2935,144,2024-06-04 03:00:00,Delivered
2936,963,2025-12-31 07:00:00,Delivered
2937,369,2024-12-31 10:00:00,Delivered
2938,352,2024-03-12 15:00:00,Delivered
2939,64,2025-06-21 13:00:00,Delivered
2940,406,2025-12-12 04:00:00,Delivered
2941,92,2024-07-31 14:00:00,Delivered
2942,782,2024-09-24 07:00:00,Delivered
2943,661,2025-11-30 17:00:00,Delivered
2944,659,2025-12-15 07:00:00,Delivered
2945,44,2024-08-12 07:00:00,Returned
2946,978,2024-05-20 16:00:00,Delivered
2947,397,2025-10-11 21:00:00,Delivered
2948,523,2024-10-23 15:00:00,Delivered
2949,732,2025-12-14 13:00:00,Delivered
2950,42,2024-07-23 18:00:00,Delivered
2951,236,2025-08-19 15:00:00,Delivered
2952,719,2024-03-23 18:00:00,Cancelled
2953,522,2024-06-17 12:00:00,Delivered
2954,550,2024-01-08 20:00:00,Delivered
2955,289,2024-09-29 17:00:00,Delivered
2956,398,2024-06-12 06:00:00,Delivered
2957,263,2024-12-08 06:00:00,Delivered
2958,267,2025-02-06 03:00:00,Delivered
2959,463,2024-01-30 14:00:00,Delivered
2960,668,2025-11-18 16:00:00,Delivered
2961,210,2024-07-08 03:00:00,Delivered
2962,824,2024-04-19 23:00:00,Returned
2963,211,2024-07-23 18:00:00,Delivered
2964,306,2025-12-07 21:00:00,Delivered
2965,608,2024-11-06 11:00:00,Delivered
2966,664,2025-10-03 07:00:00,Delivered
2967,906,2024-09-15 06:00:00,Delivered
2968,318,2024-01-13 06:00:00,Cancelled
2969,882,2024-12-07 06:00:00,Delivered
2970,738,2025-02-01 23:00:00,Delivered
2971,401,2025-09-08 05:00:00,Returned
2972,492,2025-07-28 19:00:00,Delivered
2973,684,2024-09-11 02:00:00,Delivered
2974,906,2024-01-01 00:00:00,Delivered
2975,878,2024-01-12 08:00:00,Returned
2976,311,2025-03-31 12:00:00,Delivered
2977,985,2024-06-12 03:00:00,Delivered
2978,221,2025-10-23 06:00:00,Returned
2979,760,2025-01-16 02:00:00,Delivered
2980,670,2024-01-23 09:00:00,Delivered
2981,921,2024-05-02 09:00:00,Delivered
2982,468,2024-07-28 03:00:00,Cancelled
2983,763,2025-11-29 00:00:00,Cancelled
2984,955,2025-05-02 05:00:00,Delivered
2985,89,2024-08-28 14:00:00,Cancelled
2986,594,2025-12-12 17:00:00,Delivered
2987,24,2025-12-20 18:00:00,Delivered
2988,749,2025-12-09 04:00:00,Delivered
2989,408,2025-11-25 12:00:00,Delivered
2990,510,2025-03-18 14:00:00,Delivered
2991,997,2024-01-14 18:00:00,Cancelled
2992,673,2024-03-05 08:00:00,Delivered
2993,737,2025-05-05 06:00:00,Delivered
2994,25,2025-11-18 08:00:00,Returned
2995,193,2024-08-28 22:00:00,Delivered
2996,2,2025-10-27 01:00:00,Cancelled
2997,856,2025-03-21 17:00:00,Returned
2998,501,2024-08-25 22:00:00,Cancelled
2999,49,2024-10-20 11:00:00,Delivered
3000,377,2025-04-12 15:00:00,Delivered
3001,383,2025-11-05 11:00:00,Delivered
3002,554,2024-05-29 10:00:00,Delivered
3003,356,2025-02-20 05:00:00,Delivered
3004,382,2025-04-23 11:00:00,Delivered
3005,152,2025-11-19 15:00:00,Delivered
3006,418,2025-01-03 13:00:00,Delivered
3007,260,2024-05-20 10:00:00,Returned
3008,661,2025-04-22 14:00:00,Delivered
3009,883,2025-11-27 05:00:00,Cancelled
3010,352,2025-06-02 20:00:00,Delivered
3011,350,2025-07-07 20:00:00,Cancelled
3012,164,2025-08-10 04:00:00,Returned
3013,812,2024-07-29 22:00:00,Delivered
3014,844,2025-03-05 03:00:00,Returned
3015,558,2024-02-12 16:00:00,Delivered
3016,5,2024-09-17 17:00:00,Delivered
3017,169,2024-08-20 21:00:00,Delivered
3018,343,2025-05-15 03:00:00,Delivered
3019,857,2025-01-17 17:00:00,Returned
3020,536,2025-11-03 12:00:00,Delivered
3021,360,2025-02-21 22:00:00,Delivered
3022,109,2024-08-19 20:00:00,Delivered
3023,160,2025-12-11 06:00:00,Delivered
3024,915,2025-05-31 03:00:00,Delivered
3025,938,2024-03-14 22:00:00,Returned
3026,248,2025-02-19 09:00:00,Cancelled
3027,555,2025-10-15 03:00:00,Returned
3028,196,2024-01-25 00:00:00,Delivered
3029,124,2024-07-31 05:00:00,Cancelled
3030,697,2024-03-14 02:00:00,Delivered
3031,974,2024-05-01 13:00:00,Returned
3032,678,2025-02-16 00:00:00,Delivered
3033,308,2024-12-17 12:00:00,Delivered
3034,312,2025-03-14 19:00:00,Delivered
3035,490,2025-10-12 19:00:00,Delivered
3036,696,2025-05-18 01:00:00,Delivered
3037,360,2024-02-01 08:00:00,Delivered
3038,882,2025-01-27 17:00:00,Delivered
3039,433,2025-12-06 18:00:00,Delivered
3040,360,2025-12-02 15:00:00,Returned
3041,390,2024-02-09 15:00:00,Delivered
3042,89,2025-05-01 08:00:00,Delivered
3043,85,2024-09-08 23:00:00,Cancelled
3044,647,2024-04-06 14:00:00,Delivered
3045,346,2024-09-04 19:00:00,Returned
3046,36,2024-11-26 09:00:00,Delivered
3047,721,2025-04-07 06:00:00,Delivered
3048,98,2024-01-11 21:00:00,Delivered
3049,884,2025-11-22 00:00:00,Returned
3050,456,2024-03-11 16:00:00,Delivered
3051,282,2025-12-14 18:00:00,Delivered
3052,948,2025-07-02 20:00:00,Delivered
3053,260,2025-08-22 03:00:00,Delivered
3054,503,2024-06-27 14:00:00,Delivered
3055,167,2024-02-10 09:00:00,Delivered
3056,437,2024-04-22 21:00:00,Delivered
3057,858,2024-03-19 06:00:00,Delivered
3058,256,2024-01-06 12:00:00,Delivered
3059,827,2025-10-31 05:00:00,Delivered
3060,45,2024-11-05 05:00:00,Delivered
3061,887,2025-11-30 18:00:00,Cancelled
3062,235,2025-12-31 14:00:00,Delivered
3063,971,2024-04-28 03:00:00,Delivered
3064,136,2025-09-11 18:00:00,Delivered
3065,509,2025-01-10 22:00:00,Delivered
3066,726,2025-06-21 22:00:00,Delivered
3067,557,2024-04-18 13:00:00,Delivered
3068,286,2025-03-22 17:00:00,Delivered
3069,69,2024-03-07 02:00:00,Delivered
3070,972,2025-11-11 11:00:00,Delivered
3071,520,2024-09-06 04:00:00,Delivered
3072,166,2024-03-29 18:00:00,Delivered
3073,202,2025-04-01 21:00:00,Returned
3074,383,2025-07-24 08:00:00,Delivered
3075,995,2025-11-03 05:00:00,Delivered
3076,119,2025-07-27 01:00:00,Delivered
3077,151,2024-11-03 04:00:00,Delivered
3078,401,2024-01-12 11:00:00,Delivered
3079,808,2024-01-13 03:00:00,Delivered
3080,273,2025-08-22 16:00:00,Delivered
3081,902,2024-05-20 10:00:00,Returned
3082,882,2025-05-06 06:00:00,Delivered
3083,487,2025-05-04 15:00:00,Delivered
3084,177,2025-02-01 17:00:00,Delivered
3085,555,2024-03-13 04:00:00,Delivered
3086,879,2025-06-06 04:00:00,Cancelled
3087,70,2025-05-04 16:00:00,Returned
3088,75,2025-08-02 05:00:00,Delivered
3089,772,2025-02-27 20:00:00,Delivered
3090,231,2024-09-25 13:00:00,Delivered
3091,443,2024-02-13 10:00:00,Delivered
3092,29,2024-07-16 21:00:00,Delivered
3093,383,2025-02-04 14:00:00,Delivered
3094,888,2024-08-18 23:00:00,Cancelled
3095,491,2025-09-21 16:00:00,Cancelled
3096,662,2025-10-12 05:00:00,Delivered
3097,534,2024-10-21 15:00:00,Delivered
3098,444,2025-09-06 00:00:00,Delivered
3099,576,2024-03-27 22:00:00,Cancelled
3100,150,2025-10-18 01:00:00,Delivered
3101,403,2024-10-14 14:00:00,Delivered
3102,940,2024-12-15 09:00:00,Cancelled
3103,620,2024-11-30 09:00:00,Cancelled
3104,482,2025-06-07 15:00:00,Delivered
3105,893,2025-12-05 18:00:00,Delivered
3106,946,2025-11-29 19:00:00,Delivered
3107,805,2025-08-10 04:00:00,Delivered
3108,94,2025-12-09 15:00:00,Returned
3109,546,2025-06-13 19:00:00,Delivered
3110,258,2025-10-06 08:00:00,Returned
3111,896,2024-10-22 19:00:00,Delivered
3112,321,2024-11-27 07:00:00,Delivered
3113,357,2024-11-09 06:00:00,Cancelled
3114,531,2025-11-23 13:00:00,Delivered
3115,613,2025-03-10 21:00:00,Delivered
3116,787,2025-09-19 04:00:00,Delivered
3117,705,2024-10-29 06:00:00,Delivered
3118,371,2025-12-30 17:00:00,Delivered
3119,210,2025-04-18 18:00:00,Delivered
3120,121,2024-10-25 20:00:00,Delivered
3121,613,2025-10-10 10:00:00,Delivered
3122,664,2025-05-23 11:00:00,Delivered
3123,496,2024-10-04 18:00:00,Delivered
3124,350,2024-05-29 08:00:00,Delivered
3125,259,2024-05-07 12:00:00,Delivered
3126,403,2024-01-04 02:00:00,Delivered
3127,957,2024-09-17 15:00:00,Delivered
3128,564,2025-08-20 08:00:00,Delivered
3129,431,2024-07-22 08:00:00,Delivered
3130,438,2025-10-05 15:00:00,Delivered
3131,488,2025-03-23 12:00:00,Delivered
3132,144,2024-07-04 03:00:00,Delivered
3133,821,2024-02-25 01:00:00,Cancelled
3134,285,2024-04-20 17:00:00,Delivered
3135,131,2024-04-08 23:00:00,Delivered
3136,210,2024-02-10 21:00:00,Delivered
3137,11,2024-04-24 10:00:00,Returned
3138,737,2024-10-10 09:00:00,Delivered
3139,237,2024-08-13 19:00:00,Delivered
3140,770,2024-09-30 17:00:00,Delivered
3141,243,2024-06-04 00:00:00,Delivered
3142,325,2024-08-13 05:00:00,Delivered
3143,845,2025-01-27 06:00:00,Delivered
3144,18,2024-06-13 02:00:00,Delivered
3145,629,2024-10-03 15:00:00,Delivered
3146,253,2025-02-20 07:00:00,Delivered
3147,625,2024-06-18 05:00:00,Cancelled
3148,287,2024-04-19 00:00:00,Delivered
3149,316,2025-03-21 18:00:00,Cancelled
3150,870,2025-01-30 14:00:00,Delivered
3151,103,2024-03-24 13:00:00,Delivered
3152,454,2024-06-02 23:00:00,Cancelled
3153,872,2025-09-21 12:00:00,Delivered
3154,784,2024-10-05 06:00:00,Cancelled
3155,504,2025-03-23 16:00:00,Delivered
3156,22,2025-05-26 16:00:00,Delivered
3157,859,2025-03-28 19:00:00,Delivered
3158,148,2025-12-21 02:00:00,Delivered
3159,716,2025-11-30 12:00:00,Delivered
3160,414,2024-07-31 06:00:00,Delivered
3161,415,2024-10-07 07:00:00,Delivered
3162,921,2024-08-24 12:00:00,Delivered
3163,481,2024-01-25 21:00:00,Returned
3164,250,2025-10-22 22:00:00,Delivered
3165,731,2024-01-23 12:00:00,Delivered
3166,369,2025-01-25 00:00:00,Delivered
3167,742,2025-04-01 13:00:00,Delivered
3168,262,2024-12-22 07:00:00,Delivered
3169,934,2024-09-23 15:00:00,Delivered
3170,225,2025-08-22 20:00:00,Delivered
3171,544,2024-07-19 01:00:00,Returned
3172,374,2024-02-19 07:00:00,Delivered
3173,938,2024-06-11 02:00:00,Delivered
3174,567,2024-02-21 08:00:00,Delivered
3175,955,2024-09-18 14:00:00,Delivered
3176,146,2025-03-22 08:00:00,Cancelled
3177,191,2024-08-22 13:00:00,Delivered
3178,534,2024-03-09 07:00:00,Cancelled
3179,636,2024-02-23 18:00:00,Delivered
3180,804,2024-06-29 09:00:00,Delivered
3181,965,2025-03-09 05:00:00,Delivered
3182,828,2024-07-19 19:00:00,Delivered
3183,69,2024-04-13 08:00:00,Delivered
3184,184,2025-06-30 03:00:00,Delivered
3185,567,2025-01-12 23:00:00,Delivered
3186,547,2024-07-10 07:00:00,Delivered
3187,334,2024-06-24 08:00:00,Delivered
3188,22,2025-05-27 16:00:00,Cancelled
3189,404,2024-05-18 05:00:00,Delivered
3190,160,2024-05-15 07:00:00,Cancelled
3191,855,2025-01-11 18:00:00,Delivered
3192,474,2024-09-08 14:00:00,Delivered
3193,113,2025-12-31 07:00:00,Delivered
3194,621,2024-02-13 02:00:00,Returned
3195,140,2024-01-01 09:00:00,Delivered
3196,819,2025-05-16 21:00:00,Delivered
3197,564,2025-07-08 23:00:00,Delivered
3198,538,2025-04-22 20:00:00,Returned
3199,363,2025-09-12 18:00:00,Delivered
3200,768,2025-02-18 08:00:00,Delivered
3201,418,2024-06-19 16:00:00,Cancelled
3202,130,2024-02-07 06:00:00,Delivered
3203,377,2024-11-01 03:00:00,Delivered
3204,423,2025-01-26 12:00:00,Delivered
3205,25,2024-11-18 15:00:00,Delivered
3206,17,2024-08-08 13:00:00,Delivered
3207,769,2024-05-30 14:00:00,Cancelled
3208,810,2024-05-23 20:00:00,Delivered
3209,406,2024-09-07 04:00:00,Delivered
3210,233,2025-03-25 08:00:00,Delivered
3211,478,2025-12-30 14:00:00,Delivered
3212,210,2025-04-19 04:00:00,Delivered
3213,53,2024-09-08 04:00:00,Cancelled
3214,945,2024-04-13 09:00:00,Delivered
3215,359,2025-04-21 12:00:00,Cancelled
3216,894,2025-03-19 02:00:00,Delivered
3217,364,2025-06-08 17:00:00,Delivered
3218,957,2025-05-05 02:00:00,Delivered
3219,199,2024-11-13 16:00:00,Delivered
3220,104,2024-05-29 23:00:00,Delivered
3221,277,2024-03-02 00:00:00,Delivered
3222,646,2025-06-17 11:00:00,Delivered
3223,414,2024-12-08 19:00:00,Delivered
3224,637,2024-11-30 09:00:00,Delivered
3225,821,2025-06-13 18:00:00,Delivered
3226,449,2025-05-14 13:00:00,Delivered
3227,38,2025-11-13 17:00:00,Delivered
3228,580,2025-06-02 02:00:00,Returned
3229,158,2025-01-21 10:00:00,Delivered
3230,451,2025-10-12 08:00:00,Delivered
3231,781,2024-07-20 02:00:00,Delivered
3232,283,2025-02-07 07:00:00,Delivered
3233,311,2024-01-13 04:00:00,Delivered
3234,583,2024-07-17 13:00:00,Delivered
3235,905,2024-06-04 13:00:00,Delivered
3236,262,2024-08-03 00:00:00,Returned
3237,168,2024-02-08 08:00:00,Delivered
3238,806,2024-03-08 07:00:00,Delivered
3239,170,2025-11-19 15:00:00,Delivered
3240,686,2025-04-15 10:00:00,Delivered
3241,382,2025-04-25 08:00:00,Delivered
3242,562,2024-12-04 20:00:00,Delivered
3243,540,2024-06-08 21:00:00,Delivered
3244,734,2025-08-26 16:00:00,Delivered
3245,826,2025-08-31 07:00:00,Delivered
3246,23,2025-03-20 15:00:00,Delivered
3247,963,2025-06-05 09:00:00,Delivered
3248,742,2025-02-18 01:00:00,Returned
3249,308,2024-09-20 03:00:00,Cancelled
3250,569,2024-08-16 07:00:00,Cancelled
3251,255,2025-04-20 04:00:00,Returned
3252,715,2025-07-09 16:00:00,Delivered
3253,761,2025-02-13 13:00:00,Delivered
3254,307,2024-03-24 07:00:00,Delivered
3255,493,2025-11-09 02:00:00,Delivered
3256,949,2024-02-28 13:00:00,Delivered
3257,443,2024-06-06 13:00:00,Delivered
3258,32,2024-12-07 11:00:00,Delivered
3259,242,2025-05-13 15:00:00,Returned
3260,406,2025-08-25 06:00:00,Delivered
3261,870,2024-08-28 09:00:00,Delivered
3262,824,2024-06-17 10:00:00,Delivered
3263,335,2025-08-30 12:00:00,Cancelled
3264,104,2024-03-25 02:00:00,Delivered
3265,9,2024-06-02 17:00:00,Delivered
3266,919,2024-04-04 22:00:00,Delivered
3267,53,2024-01-03 15:00:00,Delivered
3268,137,2024-10-25 11:00:00,Delivered
3269,941,2025-12-17 11:00:00,Delivered
3270,90,2024-02-11 05:00:00,Cancelled
3271,339,2024-04-12 01:00:00,Returned
3272,85,2024-02-10 19:00:00,Delivered
3273,945,2024-07-15 05:00:00,Cancelled
3274,844,2025-05-17 03:00:00,Delivered
3275,299,2025-09-22 16:00:00,Delivered
3276,628,2024-10-18 04:00:00,Delivered
3277,621,2024-09-23 05:00:00,Delivered
3278,717,2025-06-11 03:00:00,Delivered
3279,230,2025-12-06 09:00:00,Delivered
3280,873,2024-12-12 21:00:00,Delivered
3281,485,2025-04-08 11:00:00,Returned
3282,314,2024-10-27 20:00:00,Delivered
3283,411,2025-03-04 07:00:00,Delivered
3284,868,2024-11-12 21:00:00,Delivered
3285,247,2025-04-17 04:00:00,Delivered
3286,38,2024-03-22 01:00:00,Delivered
3287,121,2024-05-31 03:00:00,Returned
3288,130,2024-06-01 23:00:00,Delivered
3289,789,2024-12-06 22:00:00,Delivered
3290,245,2025-05-08 13:00:00,Delivered
3291,953,2025-10-21 21:00:00,Returned
3292,566,2025-08-24 09:00:00,Returned
3293,215,2025-04-29 20:00:00,Delivered
3294,161,2025-02-04 06:00:00,Delivered
3295,51,2024-02-02 08:00:00,Delivered
3296,833,2025-05-24 14:00:00,Delivered
3297,408,2025-12-27 10:00:00,Delivered
3298,836,2024-11-30 23:00:00,Returned
3299,433,2025-11-05 10:00:00,Returned
3300,770,2025-08-03 22:00:00,Delivered
3301,891,2024-06-17 08:00:00,Delivered
3302,499,2024-12-08 04:00:00,Delivered
3303,144,2024-09-02 16:00:00,Delivered
3304,981,2024-10-11 06:00:00,Delivered
3305,428,2024-02-09 00:00:00,Delivered
3306,729,2024-12-17 19:00:00,Delivered
3307,3,2024-04-17 15:00:00,Delivered
3308,993,2025-05-28 06:00:00,Delivered
3309,341,2025-11-27 21:00:00,Cancelled
3310,762,2025-06-01 08:00:00,Delivered
3311,911,2025-06-25 18:00:00,Delivered
3312,627,2024-07-20 13:00:00,Delivered
3313,749,2024-02-10 14:00:00,Returned
3314,606,2025-07-14 09:00:00,Delivered
3315,774,2025-04-12 01:00:00,Delivered
3316,19,2025-02-21 18:00:00,Delivered
3317,811,2024-03-05 15:00:00,Cancelled
3318,428,2025-04-19 19:00:00,Delivered
3319,946,2024-11-18 18:00:00,Delivered
3320,272,2024-11-03 20:00:00,Cancelled
3321,837,2024-08-22 21:00:00,Cancelled
3322,261,2025-02-08 08:00:00,Delivered
3323,235,2024-02-11 07:00:00,Returned
3324,461,2024-09-01 12:00:00,Delivered
3325,49,2024-03-18 08:00:00,Delivered
3326,922,2025-07-13 13:00:00,Delivered
3327,890,2025-10-17 09:00:00,Delivered
3328,680,2024-02-22 15:00:00,Returned
3329,219,2025-06-30 21:00:00,Delivered
3330,799,2024-04-28 07:00:00,Returned
3331,399,2025-07-28 23:00:00,Delivered
3332,559,2025-11-02 06:00:00,Delivered
3333,440,2024-03-22 10:00:00,Delivered
3334,970,2025-05-06 00:00:00,Delivered
3335,954,2024-09-21 05:00:00,Delivered
3336,688,2024-09-20 13:00:00,Delivered
3337,437,2024-07-27 23:00:00,Delivered
3338,100,2024-10-22 09:00:00,Returned
3339,709,2025-07-15 20:00:00,Delivered
3340,160,2024-05-04 00:00:00,Returned
3341,68,2024-10-03 05:00:00,Delivered
3342,463,2024-12-11 03:00:00,Delivered
3343,856,2025-07-01 14:00:00,Delivered
3344,493,2025-11-15 19:00:00,Delivered
3345,86,2024-12-30 02:00:00,Delivered
3346,398,2024-07-12 17:00:00,Returned
3347,743,2024-01-19 19:00:00,Delivered
3348,813,2024-03-29 02:00:00,Delivered
3349,351,2024-06-13 16:00:00,Delivered
3350,548,2024-07-17 15:00:00,Returned
3351,776,2025-10-08 11:00:00,Delivered
3352,874,2025-02-02 13:00:00,Delivered
3353,525,2025-02-16 06:00:00,Delivered
3354,636,2025-10-14 15:00:00,Delivered
3355,766,2025-12-15 02:00:00,Returned
3356,763,2024-08-20 21:00:00,Returned
3357,800,2025-05-21 17:00:00,Delivered
3358,397,2024-11-25 20:00:00,Delivered
3359,922,2024-02-12 01:00:00,Delivered
3360,4,2025-08-07 11:00:00,Delivered
3361,681,2025-01-16 20:00:00,Delivered
3362,768,2024-01-08 10:00:00,Cancelled
3363,88,2024-05-17 03:00:00,Delivered
3364,575,2024-04-29 18:00:00,Delivered
3365,507,2025-07-20 17:00:00,Delivered
3366,349,2024-05-02 19:00:00,Delivered
3367,806,2025-10-15 10:00:00,Delivered
3368,550,2025-03-11 09:00:00,Delivered
3369,110,2024-02-26 09:00:00,Delivered
3370,141,2025-12-13 08:00:00,Delivered
3371,157,2024-10-14 10:00:00,Cancelled
3372,77,2025-06-27 11:00:00,Delivered
3373,316,2024-11-03 13:00:00,Delivered
3374,292,2024-12-01 05:00:00,Delivered
3375,891,2024-05-20 16:00:00,Delivered
3376,873,2024-04-12 11:00:00,Delivered
3377,999,2024-09-27 10:00:00,Delivered
3378,127,2024-07-06 18:00:00,Delivered
3379,820,2024-03-21 07:00:00,Delivered
3380,319,2025-07-17 17:00:00,Cancelled
3381,82,2025-12-30 17:00:00,Returned
3382,892,2025-12-08 17:00:00,Delivered
3383,566,2025-11-04 09:00:00,Delivered
3384,414,2024-02-11 09:00:00,Cancelled
3385,431,2024-04-05 21:00:00,Delivered
3386,759,2024-02-23 04:00:00,Delivered
3387,972,2025-08-25 00:00:00,Delivered
3388,489,2024-02-13 15:00:00,Delivered
3389,416,2025-07-08 03:00:00,Delivered
3390,606,2025-07-28 07:00:00,Delivered
3391,173,2024-07-08 20:00:00,Cancelled
3392,718,2024-04-16 20:00:00,Delivered
3393,482,2024-08-11 23:00:00,Delivered
3394,174,2025-11-29 16:00:00,Delivered
3395,418,2024-01-06 21:00:00,Delivered
3396,280,2025-08-13 23:00:00,Delivered
3397,193,2025-05-19 17:00:00,Delivered
3398,441,2024-08-04 19:00:00,Delivered
3399,198,2025-06-24 09:00:00,Delivered
3400,415,2025-08-27 13:00:00,Cancelled
3401,295,2024-10-02 07:00:00,Delivered
3402,911,2024-05-07 22:00:00,Delivered
3403,664,2025-09-11 15:00:00,Delivered
3404,118,2025-02-19 18:00:00,Delivered
3405,260,2025-12-08 04:00:00,Delivered
3406,834,2025-10-18 18:00:00,Delivered
3407,688,2024-09-11 04:00:00,Delivered
3408,237,2024-09-12 23:00:00,Delivered
3409,74,2025-12-01 12:00:00,Delivered
3410,224,2024-10-10 03:00:00,Delivered
3411,668,2024-08-03 22:00:00,Delivered
3412,713,2024-01-15 13:00:00,Delivered
3413,212,2025-04-02 04:00:00,Delivered
3414,664,2024-05-06 11:00:00,Delivered
3415,421,2025-01-22 21:00:00,Delivered
3416,282,2025-03-30 21:00:00,Delivered
3417,651,2024-05-29 06:00:00,Delivered
3418,193,2025-11-12 21:00:00,Delivered
3419,501,2024-10-07 13:00:00,Delivered
3420,4,2025-03-19 14:00:00,Delivered
3421,801,2024-03-02 23:00:00,Delivered
3422,297,2024-07-27 13:00:00,Delivered
3423,295,2024-05-24 09:00:00,Delivered
3424,437,2024-01-15 15:00:00,Delivered
3425,543,2024-03-07 18:00:00,Delivered
3426,311,2025-10-21 07:00:00,Delivered
3427,705,2024-10-09 15:00:00,Returned
3428,277,2024-06-13 15:00:00,Delivered
3429,927,2024-05-16 00:00:00,Delivered
3430,661,2025-05-12 12:00:00,Delivered
3431,972,2025-07-18 16:00:00,Delivered
3432,149,2024-04-22 08:00:00,Delivered
3433,535,2024-09-17 22:00:00,Delivered
3434,883,2025-11-05 16:00:00,Delivered
3435,765,2025-02-17 00:00:00,Delivered
3436,981,2024-04-19 07:00:00,Cancelled
3437,259,2024-09-07 21:00:00,Returned
3438,877,2025-09-20 18:00:00,Delivered
3439,543,2024-07-06 20:00:00,Delivered
3440,542,2024-01-04 04:00:00,Returned
3441,336,2025-12-07 17:00:00,Delivered
3442,350,2024-01-02 15:00:00,Delivered
3443,112,2024-11-09 23:00:00,Delivered
3444,258,2025-12-13 08:00:00,Delivered
3445,644,2025-02-15 21:00:00,Cancelled
3446,617,2025-08-01 18:00:00,Delivered
3447,390,2025-04-28 19:00:00,Delivered
3448,251,2024-11-28 01:00:00,Cancelled
3449,366,2025-04-27 07:00:00,Delivered
3450,505,2024-08-21 13:00:00,Returned
3451,17,2025-12-07 02:00:00,Delivered
3452,918,2024-05-20 07:00:00,Delivered
3453,45,2024-07-28 14:00:00,Delivered
3454,757,2024-03-15 03:00:00,Delivered
3455,1000,2025-07-15 14:00:00,Delivered
3456,227,2024-08-07 06:00:00,Delivered
3457,38,2024-09-19 00:00:00,Cancelled
3458,419,2024-05-03 08:00:00,Delivered
3459,912,2025-04-05 06:00:00,Delivered
3460,946,2024-08-30 19:00:00,Delivered
3461,825,2024-09-13 19:00:00,Delivered
3462,645,2024-09-03 01:00:00,Delivered
3463,284,2025-07-08 05:00:00,Delivered
3464,713,2024-01-07 15:00:00,Delivered
3465,222,2025-02-25 10:00:00,Delivered
3466,516,2025-08-19 07:00:00,Returned
3467,285,2024-01-01 13:00:00,Delivered
3468,958,2024-12-31 14:00:00,Delivered
3469,169,2024-01-28 23:00:00,Delivered
3470,643,2025-08-08 00:00:00,Delivered
3471,198,2024-06-25 05:00:00,Delivered
3472,47,2024-07-02 06:00:00,Cancelled
3473,203,2024-05-15 09:00:00,Delivered
3474,678,2025-04-05 07:00:00,Delivered
3475,33,2024-04-30 23:00:00,Cancelled
3476,210,2025-01-10 20:00:00,Delivered
3477,780,2024-11-02 21:00:00,Delivered
3478,705,2024-03-05 05:00:00,Delivered
3479,8,2024-06-24 11:00:00,Delivered
3480,180,2025-12-01 13:00:00,Delivered
3481,783,2024-06-10 06:00:00,Delivered
3482,426,2024-04-21 13:00:00,Delivered
3483,833,2024-06-19 08:00:00,Delivered
3484,731,2025-07-22 21:00:00,Delivered
3485,923,2025-08-28 18:00:00,Returned
3486,908,2025-04-08 05:00:00,Cancelled
3487,609,2025-06-29 21:00:00,Delivered
3488,977,2025-04-04 13:00:00,Delivered
3489,857,2025-03-31 08:00:00,Delivered
3490,621,2024-08-07 23:00:00,Delivered
3491,856,2024-01-21 06:00:00,Delivered
3492,385,2025-07-02 14:00:00,Returned
3493,896,2025-08-18 03:00:00,Delivered
3494,130,2024-02-25 07:00:00,Delivered
3495,547,2024-04-25 17:00:00,Delivered
3496,932,2025-10-27 18:00:00,Delivered
3497,837,2024-05-18 01:00:00,Delivered
3498,552,2024-08-25 04:00:00,Delivered
3499,52,2025-06-04 19:00:00,Delivered
3500,76,2024-09-04 17:00:00,Delivered
3501,348,2025-06-21 17:00:00,Delivered
3502,268,2024-12-06 17:00:00,Delivered
3503,183,2024-02-15 13:00:00,Delivered
3504,859,2024-07-29 04:00:00,Delivered
3505,226,2025-12-16 20:00:00,Delivered
3506,152,2025-10-01 14:00:00,Delivered
3507,739,2025-10-11 17:00:00,Delivered
3508,779,2024-11-25 14:00:00,Delivered
3509,283,2024-12-11 00:00:00,Delivered
3510,12,2024-01-28 21:00:00,Delivered
3511,884,2024-02-01 02:00:00,Delivered
3512,776,2025-10-14 18:00:00,Delivered
3513,705,2024-07-13 15:00:00,Returned
3514,101,2025-03-25 17:00:00,Delivered
3515,59,2025-10-07 23:00:00,Returned
3516,27,2024-06-02 11:00:00,Delivered
3517,689,2024-04-27 16:00:00,Delivered
3518,771,2024-10-26 08:00:00,Delivered
3519,559,2024-05-31 19:00:00,Delivered
3520,553,2025-05-03 09:00:00,Delivered
3521,933,2024-03-19 04:00:00,Delivered
3522,782,2024-10-22 16:00:00,Delivered
3523,44,2024-11-17 12:00:00,Delivered
3524,520,2025-03-21 14:00:00,Delivered
3525,614,2024-02-20 00:00:00,Delivered
3526,908,2024-09-08 12:00:00,Delivered
3527,350,2024-03-31 11:00:00,Delivered
3528,282,2025-06-26 04:00:00,Delivered
3529,577,2024-05-05 07:00:00,Delivered
3530,817,2024-10-02 16:00:00,Delivered
3531,330,2025-01-13 21:00:00,Delivered
3532,318,2024-06-23 18:00:00,Delivered
3533,43,2025-07-19 22:00:00,Delivered
3534,482,2024-02-24 13:00:00,Delivered
3535,421,2025-09-08 19:00:00,Delivered
3536,633,2024-12-29 00:00:00,Delivered
3537,798,2025-10-13 16:00:00,Delivered
3538,67,2024-03-03 08:00:00,Delivered
3539,951,2024-05-05 12:00:00,Delivered
3540,542,2024-05-07 17:00:00,Cancelled
3541,757,2024-01-06 08:00:00,Delivered
3542,265,2025-10-21 05:00:00,Delivered
3543,486,2025-05-25 07:00:00,Delivered
3544,388,2024-07-11 16:00:00,Delivered
3545,410,2024-10-01 07:00:00,Delivered
3546,68,2024-05-24 22:00:00,Delivered
3547,695,2024-10-29 23:00:00,Delivered
3548,586,2025-10-22 21:00:00,Delivered
3549,315,2025-02-21 09:00:00,Delivered
3550,249,2025-03-05 22:00:00,Delivered
3551,740,2025-06-25 13:00:00,Delivered
3552,318,2024-09-14 02:00:00,Delivered
3553,42,2025-02-03 09:00:00,Returned
3554,647,2025-02-03 05:00:00,Delivered
3555,769,2025-01-17 09:00:00,Cancelled
3556,44,2024-07-10 12:00:00,Delivered
3557,739,2025-11-22 11:00:00,Delivered
3558,700,2024-07-10 09:00:00,Delivered
3559,887,2024-01-24 21:00:00,Delivered
3560,387,2024-11-11 13:00:00,Delivered
3561,884,2024-10-24 16:00:00,Delivered
3562,835,2025-06-27 16:00:00,Cancelled
3563,24,2024-08-19 23:00:00,Delivered
3564,248,2025-07-23 22:00:00,Delivered
3565,183,2024-10-09 10:00:00,Delivered
3566,138,2025-04-21 19:00:00,Cancelled
3567,64,2025-11-20 22:00:00,Delivered
3568,297,2025-12-04 20:00:00,Delivered
3569,874,2024-10-25 07:00:00,Delivered
3570,222,2024-08-01 11:00:00,Delivered
3571,539,2024-09-20 18:00:00,Delivered
3572,726,2024-05-05 12:00:00,Delivered
3573,827,2024-05-24 03:00:00,Delivered
3574,729,2025-09-06 14:00:00,Delivered
3575,739,2024-05-06 17:00:00,Delivered
3576,1000,2024-07-22 07:00:00,Delivered
3577,647,2025-11-26 06:00:00,Delivered
3578,138,2025-02-18 20:00:00,Delivered
3579,232,2024-02-10 13:00:00,Cancelled
3580,741,2024-03-19 02:00:00,Cancelled
3581,627,2025-06-01 15:00:00,Delivered
3582,336,2025-02-02 03:00:00,Delivered
3583,513,2025-02-20 17:00:00,Delivered
3584,538,2024-01-09 00:00:00,Cancelled
3585,214,2024-01-28 00:00:00,Delivered
3586,343,2025-02-28 03:00:00,Delivered
3587,858,2025-09-03 16:00:00,Returned
3588,251,2025-12-05 12:00:00,Delivered
3589,653,2025-12-20 15:00:00,Delivered
3590,291,2025-09-02 03:00:00,Returned
3591,930,2025-03-01 00:00:00,Cancelled
3592,697,2024-08-06 12:00:00,Delivered
3593,812,2024-12-20 04:00:00,Cancelled
3594,79,2024-11-14 19:00:00,Delivered
3595,127,2025-06-22 20:00:00,Delivered
3596,294,2024-04-21 17:00:00,Delivered
3597,237,2025-02-10 16:00:00,Delivered
3598,859,2024-01-28 18:00:00,Delivered
3599,418,2024-07-18 05:00:00,Delivered
3600,162,2024-08-08 19:00:00,Delivered
3601,152,2024-03-16 07:00:00,Delivered
3602,344,2024-12-11 13:00:00,Delivered
3603,262,2024-02-07 22:00:00,Delivered
3604,749,2024-10-28 04:00:00,Delivered
3605,418,2024-02-13 11:00:00,Delivered
3606,797,2024-12-11 07:00:00,Delivered
3607,405,2025-03-14 13:00:00,Returned
3608,762,2024-02-17 16:00:00,Delivered
3609,120,2024-05-11 13:00:00,Delivered
3610,19,2024-02-13 06:00:00,Cancelled
3611,57,2025-06-16 06:00:00,Delivered
3612,408,2025-09-14 02:00:00,Delivered
3613,782,2024-01-28 12:00:00,Delivered
3614,467,2024-03-15 10:00:00,Returned
3615,218,2024-04-12 05:00:00,Delivered
3616,261,2024-12-14 11:00:00,Delivered
3617,441,2025-06-05 17:00:00,Delivered
3618,586,2024-04-21 15:00:00,Delivered
3619,497,2025-03-10 17:00:00,Delivered
3620,147,2025-09-28 06:00:00,Returned
3621,852,2024-09-27 09:00:00,Delivered
3622,42,2024-04-28 07:00:00,Delivered
3623,568,2024-01-06 16:00:00,Returned
3624,799,2024-07-17 10:00:00,Delivered
3625,489,2025-11-14 17:00:00,Delivered
3626,542,2024-05-19 13:00:00,Delivered
3627,240,2025-10-22 11:00:00,Delivered
3628,128,2024-02-24 03:00:00,Delivered
3629,463,2025-12-08 22:00:00,Delivered
3630,842,2024-02-18 16:00:00,Delivered
3631,579,2025-08-17 22:00:00,Delivered
3632,297,2024-10-19 18:00:00,Delivered
3633,17,2025-04-08 08:00:00,Delivered
3634,170,2025-02-16 19:00:00,Delivered
3635,639,2025-10-02 13:00:00,Delivered
3636,587,2025-01-19 21:00:00,Delivered
3637,566,2025-10-19 19:00:00,Delivered
3638,764,2025-11-23 21:00:00,Delivered
3639,875,2025-04-12 02:00:00,Cancelled
3640,303,2024-05-28 17:00:00,Delivered
3641,594,2025-01-28 20:00:00,Returned
3642,255,2024-05-30 10:00:00,Delivered
3643,302,2024-01-22 16:00:00,Cancelled
3644,584,2025-09-25 06:00:00,Returned
3645,912,2024-07-13 03:00:00,Delivered
3646,800,2024-08-16 09:00:00,Delivered
3647,795,2025-03-16 12:00:00,Delivered
3648,984,2024-02-26 13:00:00,Delivered
3649,24,2025-07-25 15:00:00,Delivered
3650,656,2024-04-30 14:00:00,Delivered
3651,996,2024-02-01 20:00:00,Delivered
3652,768,2024-08-09 09:00:00,Delivered
3653,742,2024-08-21 16:00:00,Delivered
3654,334,2025-11-17 21:00:00,Delivered
3655,371,2025-10-27 07:00:00,Cancelled
3656,533,2024-05-21 21:00:00,Cancelled
3657,776,2024-01-18 09:00:00,Cancelled
3658,919,2024-12-18 13:00:00,Cancelled
3659,121,2024-05-25 22:00:00,Delivered
3660,445,2024-12-15 00:00:00,Delivered
3661,870,2024-05-30 12:00:00,Delivered
3662,368,2025-07-11 21:00:00,Delivered
3663,677,2024-09-29 02:00:00,Delivered
3664,392,2025-08-09 12:00:00,Delivered
3665,646,2024-03-15 06:00:00,Delivered
3666,494,2025-03-12 03:00:00,Delivered
3667,703,2024-05-29 06:00:00,Delivered
3668,322,2025-08-08 10:00:00,Returned
3669,769,2024-05-03 08:00:00,Cancelled
3670,796,2024-09-30 12:00:00,Delivered
3671,247,2025-08-24 09:00:00,Cancelled
3672,279,2025-10-03 01:00:00,Cancelled
3673,853,2024-06-17 15:00:00,Delivered
3674,2,2024-01-07 21:00:00,Cancelled
3675,445,2025-09-06 12:00:00,Cancelled
3676,399,2024-03-05 01:00:00,Delivered
3677,782,2025-01-31 16:00:00,Delivered
3678,84,2025-11-15 06:00:00,Delivered
3679,343,2024-01-27 01:00:00,Returned
3680,385,2025-06-24 01:00:00,Delivered
3681,286,2024-03-23 09:00:00,Delivered
3682,75,2024-11-25 01:00:00,Delivered
3683,793,2024-06-30 20:00:00,Delivered
3684,893,2025-08-19 14:00:00,Delivered
3685,643,2024-05-27 01:00:00,Delivered
3686,226,2025-10-14 08:00:00,Delivered
3687,918,2025-05-22 14:00:00,Delivered
3688,289,2025-02-04 05:00:00,Delivered
3689,966,2025-04-04 04:00:00,Delivered
3690,782,2025-02-25 21:00:00,Delivered
3691,141,2024-12-18 00:00:00,Delivered
3692,95,2025-05-18 23:00:00,Delivered
3693,486,2025-01-28 01:00:00,Returned
3694,579,2025-12-17 19:00:00,Delivered
3695,797,2024-09-26 00:00:00,Delivered
3696,537,2025-11-21 17:00:00,Delivered
3697,994,2024-07-18 06:00:00,Delivered
3698,238,2024-04-01 04:00:00,Returned
3699,322,2025-01-01 22:00:00,Returned
3700,208,2024-12-19 12:00:00,Delivered
3701,558,2024-03-22 14:00:00,Delivered
3702,870,2024-06-17 21:00:00,Delivered
3703,618,2024-06-16 00:00:00,Delivered
3704,225,2025-03-08 07:00:00,Cancelled
3705,686,2024-11-21 04:00:00,Delivered
3706,560,2025-08-10 11:00:00,Delivered
3707,195,2024-08-11 14:00:00,Delivered
3708,684,2025-07-12 09:00:00,Delivered
3709,607,2024-02-20 23:00:00,Returned
3710,886,2025-08-15 10:00:00,Delivered
3711,885,2025-02-09 09:00:00,Delivered
3712,997,2024-04-06 13:00:00,Delivered
3713,55,2024-08-30 14:00:00,Delivered
3714,257,2024-04-14 12:00:00,Delivered
3715,111,2024-05-25 14:00:00,Delivered
3716,512,2025-11-14 16:00:00,Delivered
3717,192,2024-03-17 00:00:00,Cancelled
3718,655,2024-04-04 15:00:00,Cancelled
3719,604,2025-07-03 05:00:00,Delivered
3720,199,2024-09-24 16:00:00,Returned
3721,430,2024-06-24 18:00:00,Delivered
3722,753,2025-05-18 23:00:00,Delivered
3723,449,2024-08-27 13:00:00,Cancelled
3724,238,2025-07-06 07:00:00,Cancelled
3725,869,2025-06-11 05:00:00,Delivered
3726,327,2025-02-22 00:00:00,Delivered
3727,587,2025-04-05 23:00:00,Delivered
3728,805,2025-12-20 18:00:00,Delivered
3729,652,2025-03-14 12:00:00,Delivered
3730,122,2025-04-09 15:00:00,Delivered
3731,413,2025-05-23 07:00:00,Cancelled
3732,531,2024-05-30 00:00:00,Delivered
3733,3,2025-01-20 17:00:00,Delivered
3734,675,2024-06-24 05:00:00,Delivered
3735,358,2024-12-01 21:00:00,Delivered
3736,403,2025-11-26 21:00:00,Delivered
3737,796,2024-12-09 17:00:00,Returned
3738,960,2024-04-17 21:00:00,Delivered
3739,584,2024-06-02 23:00:00,Delivered
3740,667,2024-06-27 02:00:00,Returned
3741,143,2024-12-01 18:00:00,Delivered
3742,468,2025-08-31 01:00:00,Delivered
3743,548,2025-11-29 08:00:00,Delivered
3744,639,2025-09-15 17:00:00,Delivered
3745,560,2024-01-17 05:00:00,Delivered
3746,941,2024-02-08 10:00:00,Delivered
3747,975,2025-09-11 22:00:00,Delivered
3748,679,2025-07-09 13:00:00,Returned
3749,613,2025-12-09 08:00:00,Delivered
3750,299,2025-10-25 04:00:00,Delivered
3751,621,2024-12-11 23:00:00,Delivered
3752,567,2025-10-06 02:00:00,Delivered
3753,291,2024-12-21 14:00:00,Delivered
3754,520,2025-04-13 01:00:00,Delivered
3755,452,2024-04-03 11:00:00,Returned
3756,241,2025-07-11 12:00:00,Delivered
3757,490,2024-07-19 17:00:00,Delivered
3758,673,2024-07-10 00:00:00,Returned
3759,463,2024-10-08 12:00:00,Delivered
3760,987,2025-09-20 02:00:00,Delivered
3761,680,2025-04-17 15:00:00,Delivered
3762,505,2025-01-28 17:00:00,Delivered
3763,639,2025-08-11 13:00:00,Delivered
3764,736,2024-06-06 04:00:00,Delivered
3765,591,2024-07-19 15:00:00,Returned
3766,40,2025-10-20 17:00:00,Delivered
3767,537,2024-01-01 12:00:00,Delivered
3768,699,2025-10-02 07:00:00,Delivered
3769,713,2024-10-02 00:00:00,Delivered
3770,889,2025-01-04 12:00:00,Delivered
3771,635,2024-12-05 21:00:00,Delivered
3772,40,2024-02-01 21:00:00,Delivered
3773,287,2025-07-08 05:00:00,Delivered
3774,351,2025-01-18 08:00:00,Delivered
3775,957,2025-06-20 12:00:00,Delivered
3776,404,2024-07-19 04:00:00,Delivered
3777,835,2025-09-18 09:00:00,Delivered
3778,253,2025-10-11 04:00:00,Delivered
3779,758,2025-08-12 08:00:00,Delivered
3780,851,2024-08-15 06:00:00,Delivered
3781,924,2025-08-09 03:00:00,Delivered
3782,169,2024-09-23 02:00:00,Delivered
3783,938,2024-12-01 05:00:00,Delivered
3784,346,2025-05-09 05:00:00,Cancelled
3785,352,2025-02-02 05:00:00,Returned
3786,176,2025-02-17 18:00:00,Delivered
3787,712,2024-08-15 10:00:00,Delivered
3788,801,2025-12-03 11:00:00,Delivered
3789,882,2025-05-31 03:00:00,Delivered
3790,401,2025-01-13 11:00:00,Delivered
3791,662,2025-05-16 16:00:00,Delivered
3792,396,2025-07-26 10:00:00,Delivered
3793,329,2025-05-14 21:00:00,Delivered
3794,268,2024-08-17 00:00:00,Delivered
3795,644,2025-09-30 03:00:00,Cancelled
3796,916,2025-06-08 18:00:00,Delivered
3797,853,2024-04-25 15:00:00,Delivered
3798,169,2024-02-18 06:00:00,Delivered
3799,722,2024-12-07 18:00:00,Delivered
3800,813,2024-02-08 02:00:00,Cancelled
3801,216,2025-02-07 09:00:00,Delivered
3802,301,2025-04-09 03:00:00,Delivered
3803,336,2024-07-26 03:00:00,Delivered
3804,178,2025-01-09 19:00:00,Cancelled
3805,838,2025-03-05 15:00:00,Delivered
3806,974,2025-06-21 03:00:00,Delivered
3807,437,2025-04-03 10:00:00,Delivered
3808,983,2025-09-27 08:00:00,Returned
3809,154,2025-12-14 20:00:00,Delivered
3810,291,2024-03-30 01:00:00,Delivered
3811,182,2025-04-12 12:00:00,Delivered
3812,971,2024-05-04 22:00:00,Delivered
3813,485,2025-07-28 01:00:00,Delivered
3814,855,2024-05-14 15:00:00,Delivered
3815,370,2024-05-12 07:00:00,Cancelled
3816,540,2025-07-25 11:00:00,Delivered
3817,912,2024-05-20 10:00:00,Delivered
3818,935,2025-03-14 13:00:00,Delivered
3819,333,2025-08-20 16:00:00,Delivered
3820,773,2025-04-05 17:00:00,Delivered
3821,306,2024-06-20 04:00:00,Delivered
3822,346,2025-06-06 10:00:00,Returned
3823,915,2025-11-16 08:00:00,Delivered
3824,348,2025-08-25 13:00:00,Returned
3825,816,2024-11-20 22:00:00,Cancelled
3826,295,2024-07-01 16:00:00,Delivered
3827,981,2025-09-21 03:00:00,Returned
3828,832,2025-12-10 13:00:00,Returned
3829,27,2024-05-19 00:00:00,Cancelled
3830,44,2024-06-08 09:00:00,Delivered
3831,236,2025-08-23 20:00:00,Cancelled
3832,75,2024-08-30 04:00:00,Delivered
3833,846,2024-04-28 10:00:00,Cancelled
3834,71,2024-08-01 00:00:00,Delivered
3835,493,2024-02-04 16:00:00,Delivered
3836,649,2025-03-11 17:00:00,Delivered
3837,699,2024-04-12 09:00:00,Delivered
3838,872,2025-06-16 16:00:00,Delivered
3839,396,2025-08-23 19:00:00,Returned
3840,503,2024-05-27 15:00:00,Returned
3841,707,2024-08-15 13:00:00,Delivered
3842,653,2025-03-27 23:00:00,Returned
3843,659,2025-02-27 04:00:00,Delivered
3844,133,2025-01-10 16:00:00,Returned
3845,721,2024-06-20 11:00:00,Delivered
3846,973,2024-03-12 16:00:00,Delivered
3847,834,2024-06-26 22:00:00,Delivered
3848,836,2024-04-18 23:00:00,Delivered
3849,857,2024-03-05 04:00:00,Delivered
3850,147,2025-10-22 00:00:00,Delivered
3851,640,2024-04-04 01:00:00,Delivered
3852,9,2024-04-02 16:00:00,Delivered
3853,269,2025-05-16 05:00:00,Delivered
3854,567,2025-04-19 11:00:00,Delivered
3855,170,2025-04-27 12:00:00,Delivered
3856,90,2025-11-12 14:00:00,Delivered
3857,186,2024-12-24 15:00:00,Delivered
3858,267,2025-01-06 17:00:00,Delivered
3859,496,2024-05-18 12:00:00,Delivered
3860,585,2024-02-03 10:00:00,Delivered
3861,93,2025-06-07 21:00:00,Delivered
3862,392,2025-11-04 17:00:00,Delivered
3863,105,2025-02-05 01:00:00,Delivered
3864,187,2025-03-26 03:00:00,Delivered
3865,180,2024-03-05 14:00:00,Delivered
3866,204,2025-03-29 22:00:00,Delivered
3867,949,2025-08-01 20:00:00,Delivered
3868,191,2024-01-30 10:00:00,Delivered
3869,159,2025-08-13 18:00:00,Cancelled
3870,220,2025-02-25 05:00:00,Returned
3871,751,2025-03-13 10:00:00,Delivered
3872,600,2024-03-18 20:00:00,Delivered
3873,567,2025-07-17 04:00:00,Delivered
3874,171,2024-11-28 20:00:00,Delivered
3875,988,2024-09-07 18:00:00,Cancelled
3876,554,2024-07-27 10:00:00,Delivered
3877,316,2024-09-30 13:00:00,Delivered
3878,743,2025-10-22 14:00:00,Delivered
3879,904,2025-05-19 07:00:00,Delivered
3880,403,2024-10-23 07:00:00,Returned
3881,585,2024-12-06 08:00:00,Cancelled
3882,592,2025-05-25 19:00:00,Delivered
3883,120,2024-07-03 14:00:00,Delivered
3884,869,2025-08-19 14:00:00,Delivered
3885,585,2024-06-27 14:00:00,Delivered
3886,57,2024-12-05 07:00:00,Delivered
3887,611,2025-04-24 16:00:00,Cancelled
3888,737,2024-04-25 06:00:00,Delivered
3889,917,2024-11-30 04:00:00,Delivered
3890,572,2025-06-15 07:00:00,Delivered
3891,29,2025-11-22 03:00:00,Delivered
3892,374,2025-02-10 23:00:00,Delivered
3893,884,2024-02-25 17:00:00,Delivered
3894,39,2024-02-15 08:00:00,Delivered
3895,501,2025-09-13 21:00:00,Cancelled
3896,532,2025-05-30 16:00:00,Cancelled
3897,449,2024-12-23 21:00:00,Delivered
3898,758,2025-12-22 11:00:00,Delivered
3899,366,2024-07-08 07:00:00,Delivered
3900,404,2024-03-03 01:00:00,Delivered
3901,285,2024-11-05 07:00:00,Returned
3902,661,2024-03-24 18:00:00,Cancelled
3903,588,2024-11-24 03:00:00,Delivered
3904,356,2024-06-15 06:00:00,Cancelled
3905,585,2024-04-05 00:00:00,Delivered
3906,659,2025-08-14 05:00:00,Delivered
3907,748,2025-08-23 23:00:00,Delivered
3908,25,2024-04-04 09:00:00,Delivered
3909,284,2025-10-31 23:00:00,Delivered
3910,59,2025-09-18 06:00:00,Cancelled
3911,591,2025-03-01 15:00:00,Delivered
3912,704,2025-08-30 15:00:00,Delivered
3913,991,2024-04-27 04:00:00,Delivered
3914,649,2024-06-03 23:00:00,Delivered
3915,213,2024-06-10 03:00:00,Cancelled
3916,947,2025-12-18 14:00:00,Delivered
3917,771,2025-11-07 04:00:00,Delivered
3918,621,2025-11-20 02:00:00,Delivered
3919,392,2025-02-16 03:00:00,Delivered
3920,186,2024-02-12 03:00:00,Delivered
3921,33,2025-04-02 04:00:00,Delivered
3922,678,2025-06-25 14:00:00,Returned
3923,203,2025-09-29 23:00:00,Delivered
3924,38,2024-10-27 18:00:00,Delivered
3925,390,2024-12-11 06:00:00,Delivered
3926,677,2024-07-02 14:00:00,Delivered
3927,682,2024-11-04 16:00:00,Delivered
3928,783,2024-10-15 05:00:00,Delivered
3929,292,2024-01-24 17:00:00,Delivered
3930,641,2025-06-21 04:00:00,Returned
3931,881,2024-01-09 18:00:00,Delivered
3932,138,2024-06-02 19:00:00,Delivered
3933,132,2024-01-18 18:00:00,Delivered
3934,868,2025-01-10 11:00:00,Delivered
3935,860,2024-03-08 23:00:00,Delivered
3936,2,2024-08-07 22:00:00,Delivered
3937,611,2024-12-19 04:00:00,Delivered
3938,598,2025-05-23 00:00:00,Delivered
3939,235,2025-04-09 03:00:00,Delivered
3940,196,2025-03-10 11:00:00,Delivered
3941,553,2025-01-10 12:00:00,Delivered
3942,947,2024-05-13 06:00:00,Cancelled
3943,266,2024-03-17 23:00:00,Delivered
3944,27,2024-05-24 15:00:00,Returned
3945,433,2024-05-06 11:00:00,Delivered
3946,491,2024-08-24 17:00:00,Delivered
3947,62,2024-06-19 19:00:00,Delivered
3948,454,2024-03-28 13:00:00,Delivered
3949,605,2024-01-23 13:00:00,Delivered
3950,130,2024-10-15 16:00:00,Delivered
3951,923,2024-04-19 10:00:00,Delivered
3952,976,2024-06-11 21:00:00,Delivered
3953,8,2024-08-15 22:00:00,Delivered
3954,293,2024-02-03 07:00:00,Delivered
3955,18,2025-09-22 11:00:00,Cancelled
3956,416,2025-05-23 18:00:00,Cancelled
3957,656,2025-04-07 11:00:00,Delivered
3958,806,2024-11-11 19:00:00,Delivered
3959,454,2025-08-27 21:00:00,Delivered
3960,357,2025-01-15 09:00:00,Delivered
3961,177,2024-09-09 08:00:00,Delivered
3962,109,2024-05-20 08:00:00,Delivered
3963,3,2024-04-23 01:00:00,Delivered
3964,788,2024-05-01 16:00:00,Delivered
3965,213,2024-01-28 23:00:00,Delivered
3966,568,2024-08-23 03:00:00,Delivered
3967,283,2024-04-02 15:00:00,Delivered
3968,529,2024-02-13 17:00:00,Delivered
3969,100,2025-11-17 11:00:00,Delivered
3970,152,2025-08-29 00:00:00,Cancelled
3971,111,2024-12-16 22:00:00,Delivered
3972,87,2024-07-19 16:00:00,Delivered
3973,464,2024-04-14 07:00:00,Delivered
3974,730,2024-08-22 10:00:00,Delivered
3975,49,2024-10-21 11:00:00,Returned
3976,977,2024-10-09 15:00:00,Delivered
3977,821,2025-02-14 05:00:00,Delivered
3978,202,2024-01-26 00:00:00,Delivered
3979,187,2024-12-23 17:00:00,Cancelled
3980,693,2024-12-29 14:00:00,Delivered
3981,440,2025-09-02 08:00:00,Delivered
3982,210,2024-05-03 17:00:00,Delivered
3983,204,2025-11-18 06:00:00,Delivered
3984,161,2025-03-26 08:00:00,Cancelled
3985,911,2025-02-07 13:00:00,Cancelled
3986,81,2024-12-27 18:00:00,Delivered
3987,247,2024-05-21 22:00:00,Cancelled
3988,20,2024-02-02 01:00:00,Returned
3989,413,2025-02-28 13:00:00,Delivered
3990,989,2024-12-04 20:00:00,Delivered
3991,774,2024-03-10 03:00:00,Delivered
3992,603,2025-05-12 21:00:00,Delivered
3993,936,2024-09-15 01:00:00,Delivered
3994,671,2024-09-25 18:00:00,Delivered
3995,787,2025-07-19 02:00:00,Cancelled
3996,577,2025-12-17 22:00:00,Delivered
3997,277,2025-08-10 00:00:00,Delivered
3998,684,2025-12-25 02:00:00,Delivered
3999,177,2024-02-13 08:00:00,Delivered
4000,514,2024-02-08 18:00:00,Delivered
4001,851,2025-09-04 15:00:00,Returned
4002,405,2025-09-12 16:00:00,Returned
4003,655,2024-08-17 20:00:00,Delivered
4004,475,2025-08-27 14:00:00,Delivered
4005,834,2025-02-28 12:00:00,Delivered
4006,768,2024-10-26 03:00:00,Delivered
4007,392,2024-04-11 04:00:00,Delivered
4008,294,2024-02-20 15:00:00,Delivered
4009,273,2024-09-11 07:00:00,Cancelled
4010,781,2024-11-26 13:00:00,Delivered
4011,755,2025-12-06 16:00:00,Delivered
4012,610,2024-10-23 18:00:00,Delivered
4013,117,2025-09-17 14:00:00,Delivered
4014,69,2025-12-29 08:00:00,Delivered
4015,442,2025-11-07 04:00:00,Delivered
4016,479,2024-02-22 16:00:00,Delivered
4017,926,2025-07-07 05:00:00,Delivered
4018,421,2024-02-26 05:00:00,Delivered
4019,676,2024-01-29 20:00:00,Delivered
4020,643,2024-09-22 03:00:00,Cancelled
4021,924,2025-07-12 02:00:00,Delivered
4022,701,2025-12-19 19:00:00,Delivered
4023,610,2025-05-31 18:00:00,Delivered
4024,151,2024-04-24 02:00:00,Returned
4025,986,2024-01-23 23:00:00,Cancelled
4026,516,2025-10-02 18:00:00,Returned
4027,951,2025-11-08 16:00:00,Delivered
4028,841,2024-03-13 17:00:00,Returned
4029,916,2024-09-23 09:00:00,Delivered
4030,165,2024-05-03 14:00:00,Returned
4031,905,2024-12-30 16:00:00,Delivered
4032,950,2024-08-26 18:00:00,Returned
4033,996,2025-06-03 11:00:00,Delivered
4034,12,2025-07-06 05:00:00,Delivered
4035,27,2024-09-22 17:00:00,Delivered
4036,486,2024-11-23 15:00:00,Delivered
4037,849,2024-07-03 06:00:00,Delivered
4038,88,2024-11-02 19:00:00,Delivered
4039,783,2025-10-25 21:00:00,Delivered
4040,162,2025-06-07 15:00:00,Delivered
4041,605,2024-10-03 05:00:00,Delivered
4042,434,2025-07-27 16:00:00,Delivered
4043,744,2025-02-05 18:00:00,Returned
4044,687,2025-05-03 21:00:00,Delivered
4045,274,2024-02-14 18:00:00,Delivered
4046,731,2024-04-30 08:00:00,Cancelled
4047,91,2025-08-17 13:00:00,Delivered
4048,438,2024-02-15 15:00:00,Cancelled
4049,658,2024-09-11 05:00:00,Delivered
4050,691,2025-12-08 17:00:00,Delivered
4051,342,2025-01-21 11:00:00,Delivered
4052,954,2025-04-16 18:00:00,Delivered
4053,825,2025-11-05 21:00:00,Delivered
4054,187,2024-10-26 20:00:00,Delivered
4055,620,2025-03-07 22:00:00,Delivered
4056,856,2025-09-16 12:00:00,Delivered
4057,255,2024-09-28 19:00:00,Delivered
4058,273,2025-04-08 16:00:00,Delivered
4059,67,2025-03-30 00:00:00,Delivered
4060,347,2024-04-14 12:00:00,Delivered
4061,956,2024-12-30 18:00:00,Delivered
4062,846,2025-10-07 13:00:00,Delivered
4063,560,2024-05-08 00:00:00,Delivered
4064,588,2024-08-15 08:00:00,Delivered
4065,546,2025-12-14 16:00:00,Delivered
4066,43,2025-03-22 04:00:00,Returned
4067,405,2025-05-06 04:00:00,Returned
4068,771,2025-06-23 14:00:00,Delivered
4069,70,2025-03-11 00:00:00,Delivered
4070,65,2024-04-01 09:00:00,Delivered
4071,850,2024-04-25 18:00:00,Cancelled
4072,743,2024-09-11 11:00:00,Delivered
4073,615,2025-10-17 05:00:00,Returned
4074,895,2024-07-28 22:00:00,Delivered
4075,239,2024-08-06 15:00:00,Delivered
4076,916,2024-01-01 10:00:00,Delivered
4077,255,2024-02-14 08:00:00,Delivered
4078,524,2024-04-06 12:00:00,Delivered
4079,850,2025-12-18 00:00:00,Cancelled
4080,369,2024-10-12 09:00:00,Delivered
4081,269,2024-05-07 19:00:00,Delivered
4082,326,2025-10-27 01:00:00,Cancelled
4083,714,2024-10-23 08:00:00,Delivered
4084,581,2025-03-02 12:00:00,Cancelled
4085,482,2025-05-10 23:00:00,Delivered
4086,529,2024-05-09 22:00:00,Delivered
4087,552,2025-08-09 17:00:00,Delivered
4088,560,2025-07-08 23:00:00,Delivered
4089,411,2025-04-17 17:00:00,Delivered
4090,279,2024-03-22 14:00:00,Delivered
4091,530,2024-04-17 07:00:00,Cancelled
4092,638,2024-07-08 12:00:00,Delivered
4093,970,2024-09-28 17:00:00,Delivered
4094,680,2025-07-05 19:00:00,Delivered
4095,255,2025-12-16 18:00:00,Delivered
4096,634,2025-07-16 14:00:00,Delivered
4097,519,2025-01-25 18:00:00,Delivered
4098,914,2024-04-02 10:00:00,Delivered
4099,268,2024-11-17 21:00:00,Delivered
4100,128,2025-09-20 04:00:00,Delivered
4101,696,2024-07-03 01:00:00,Cancelled
4102,800,2025-05-04 11:00:00,Delivered
4103,952,2025-01-25 22:00:00,Delivered
4104,117,2024-03-13 15:00:00,Delivered
4105,700,2024-03-04 07:00:00,Cancelled
4106,551,2025-07-22 12:00:00,Delivered
4107,322,2024-09-11 13:00:00,Returned
4108,664,2024-05-08 03:00:00,Delivered
4109,267,2024-12-01 11:00:00,Delivered
4110,389,2025-05-12 00:00:00,Delivered
4111,609,2025-11-02 20:00:00,Delivered
4112,827,2024-05-19 09:00:00,Delivered
4113,595,2024-09-13 05:00:00,Delivered
4114,943,2025-01-20 12:00:00,Delivered
4115,281,2025-07-24 19:00:00,Delivered
4116,510,2025-02-24 01:00:00,Delivered
4117,447,2024-09-25 05:00:00,Delivered
4118,810,2024-11-14 10:00:00,Delivered
4119,373,2025-05-16 14:00:00,Delivered
4120,914,2024-01-30 18:00:00,Delivered
4121,976,2024-11-11 10:00:00,Returned
4122,197,2025-06-02 19:00:00,Delivered
4123,134,2024-09-05 11:00:00,Delivered
4124,415,2025-01-25 04:00:00,Cancelled
4125,189,2025-03-04 10:00:00,Delivered
4126,56,2024-04-21 12:00:00,Delivered
4127,619,2025-09-14 11:00:00,Delivered
4128,55,2024-01-10 22:00:00,Returned
4129,436,2024-06-13 05:00:00,Delivered
4130,156,2024-10-28 05:00:00,Returned
4131,818,2025-04-07 13:00:00,Returned
4132,490,2025-12-11 21:00:00,Delivered
4133,411,2024-05-17 10:00:00,Delivered
4134,400,2024-01-29 03:00:00,Delivered
4135,288,2025-12-27 03:00:00,Delivered
4136,933,2025-05-30 08:00:00,Delivered
4137,530,2025-10-16 12:00:00,Returned
4138,7,2025-07-03 00:00:00,Delivered
4139,603,2025-06-12 12:00:00,Delivered
4140,507,2025-07-26 04:00:00,Delivered
4141,82,2024-06-26 18:00:00,Delivered
4142,965,2025-01-01 14:00:00,Returned
4143,919,2024-01-14 08:00:00,Delivered
4144,736,2025-02-22 08:00:00,Cancelled
4145,654,2025-03-11 02:00:00,Delivered
4146,114,2024-06-17 01:00:00,Delivered
4147,258,2024-08-22 23:00:00,Delivered
4148,491,2024-12-16 07:00:00,Delivered
4149,714,2025-08-25 23:00:00,Delivered
4150,771,2025-06-29 01:00:00,Delivered
4151,359,2025-10-12 05:00:00,Delivered
4152,272,2025-06-10 05:00:00,Delivered
4153,127,2025-11-18 17:00:00,Delivered
4154,239,2025-05-30 10:00:00,Cancelled
4155,371,2024-10-01 01:00:00,Delivered
4156,968,2025-03-15 08:00:00,Delivered
4157,377,2024-10-19 20:00:00,Delivered
4158,758,2024-05-29 06:00:00,Cancelled
4159,79,2024-04-24 04:00:00,Returned
4160,158,2025-12-31 14:00:00,Delivered
4161,551,2025-09-21 23:00:00,Delivered
4162,504,2025-11-29 19:00:00,Delivered
4163,87,2025-04-06 14:00:00,Cancelled
4164,408,2024-07-30 07:00:00,Delivered
4165,661,2025-10-18 21:00:00,Delivered
4166,502,2024-06-22 00:00:00,Delivered
4167,853,2025-07-22 17:00:00,Delivered
4168,174,2024-03-15 15:00:00,Delivered
4169,13,2025-11-01 17:00:00,Delivered
4170,868,2024-03-09 19:00:00,Delivered
4171,986,2024-09-09 01:00:00,Delivered
4172,732,2025-10-12 06:00:00,Delivered
4173,624,2024-08-23 10:00:00,Delivered
4174,516,2024-05-28 08:00:00,Delivered
4175,235,2024-12-04 07:00:00,Cancelled
4176,13,2024-02-06 22:00:00,Delivered
4177,759,2024-04-16 16:00:00,Delivered
4178,894,2025-02-09 14:00:00,Delivered
4179,294,2025-06-10 02:00:00,Cancelled
4180,354,2024-06-25 08:00:00,Delivered
4181,939,2025-11-17 11:00:00,Delivered
4182,438,2024-02-24 17:00:00,Delivered
4183,548,2025-01-05 22:00:00,Delivered
4184,618,2025-09-26 06:00:00,Delivered
4185,804,2025-07-19 03:00:00,Delivered
4186,703,2025-10-28 23:00:00,Delivered
4187,247,2025-10-21 19:00:00,Delivered
4188,550,2025-04-12 16:00:00,Delivered
4189,262,2025-07-05 23:00:00,Delivered
4190,638,2025-08-04 18:00:00,Delivered
4191,601,2025-06-24 16:00:00,Delivered
4192,907,2025-12-08 19:00:00,Delivered
4193,323,2025-05-07 18:00:00,Delivered
4194,858,2025-05-05 03:00:00,Delivered
4195,461,2025-11-28 04:00:00,Delivered
4196,239,2024-02-07 02:00:00,Cancelled
4197,613,2025-07-07 23:00:00,Returned
4198,728,2024-09-15 05:00:00,Delivered
4199,927,2024-07-27 17:00:00,Delivered
4200,607,2025-04-05 05:00:00,Delivered
4201,244,2025-08-04 03:00:00,Delivered
4202,116,2025-10-23 21:00:00,Delivered
4203,31,2025-02-05 05:00:00,Returned
4204,581,2024-08-03 05:00:00,Delivered
4205,528,2024-02-20 22:00:00,Delivered
4206,947,2024-08-05 05:00:00,Delivered
4207,46,2024-04-29 00:00:00,Delivered
4208,180,2024-01-03 00:00:00,Delivered
4209,535,2025-01-30 14:00:00,Delivered
4210,118,2024-02-16 00:00:00,Delivered
4211,647,2025-09-03 21:00:00,Cancelled
4212,942,2025-11-23 15:00:00,Delivered
4213,125,2024-01-12 17:00:00,Delivered
4214,303,2024-07-12 11:00:00,Delivered
4215,96,2024-10-22 01:00:00,Cancelled
4216,241,2025-07-20 09:00:00,Returned
4217,666,2024-09-06 20:00:00,Returned
4218,604,2025-06-06 01:00:00,Delivered
4219,283,2025-03-07 17:00:00,Delivered
4220,200,2024-11-18 09:00:00,Delivered
4221,603,2024-11-19 21:00:00,Delivered
4222,36,2024-01-04 06:00:00,Delivered
4223,18,2025-04-13 12:00:00,Cancelled
4224,4,2025-01-13 08:00:00,Returned
4225,976,2025-08-25 12:00:00,Delivered
4226,77,2024-12-05 00:00:00,Cancelled
4227,48,2025-03-22 13:00:00,Returned
4228,685,2025-02-03 13:00:00,Delivered
4229,76,2024-01-14 20:00:00,Delivered
4230,380,2024-11-02 02:00:00,Delivered
4231,721,2024-08-18 09:00:00,Delivered
4232,458,2025-07-08 10:00:00,Delivered
4233,629,2025-08-28 08:00:00,Delivered
4234,481,2024-02-12 16:00:00,Delivered
4235,377,2025-07-29 06:00:00,Delivered
4236,562,2024-07-26 09:00:00,Delivered
4237,387,2025-07-01 23:00:00,Delivered
4238,637,2025-02-18 05:00:00,Delivered
4239,471,2024-01-16 16:00:00,Delivered
4240,444,2025-07-25 17:00:00,Delivered
4241,651,2025-08-02 03:00:00,Delivered
4242,699,2025-11-07 20:00:00,Delivered
4243,630,2024-03-15 11:00:00,Delivered
4244,823,2025-08-28 13:00:00,Delivered
4245,465,2024-03-20 18:00:00,Delivered
4246,387,2024-01-24 22:00:00,Delivered
4247,130,2024-01-23 02:00:00,Delivered
4248,903,2025-12-19 11:00:00,Delivered
4249,987,2025-10-08 16:00:00,Delivered
4250,851,2024-07-10 12:00:00,Delivered
4251,81,2025-07-20 00:00:00,Delivered
4252,919,2025-08-08 11:00:00,Returned
4253,964,2024-03-15 14:00:00,Delivered
4254,523,2024-11-17 03:00:00,Delivered
4255,468,2024-10-24 22:00:00,Delivered
4256,766,2024-05-21 15:00:00,Delivered
4257,617,2024-07-08 02:00:00,Delivered
4258,690,2025-10-22 17:00:00,Delivered
4259,95,2025-09-15 22:00:00,Delivered
4260,963,2024-05-21 13:00:00,Delivered
4261,167,2024-05-24 19:00:00,Returned
4262,343,2025-06-08 18:00:00,Delivered
4263,55,2025-12-25 08:00:00,Delivered
4264,376,2024-09-29 04:00:00,Delivered
4265,567,2024-12-20 21:00:00,Delivered
4266,498,2024-02-16 10:00:00,Delivered
4267,518,2024-05-09 00:00:00,Cancelled
4268,145,2024-05-09 11:00:00,Delivered
4269,1,2025-12-28 18:00:00,Delivered
4270,752,2024-02-20 02:00:00,Delivered
4271,225,2025-12-22 10:00:00,Delivered
4272,974,2024-02-24 14:00:00,Delivered
4273,848,2024-05-19 08:00:00,Cancelled
4274,482,2024-06-30 16:00:00,Delivered
4275,574,2025-09-17 10:00:00,Cancelled
4276,907,2024-10-13 00:00:00,Delivered
4277,498,2025-06-16 20:00:00,Returned
4278,837,2025-06-13 05:00:00,Delivered
4279,269,2025-04-08 07:00:00,Delivered
4280,430,2024-03-15 12:00:00,Returned
4281,556,2025-01-17 00:00:00,Delivered
4282,61,2024-12-25 17:00:00,Delivered
4283,772,2024-03-01 02:00:00,Delivered
4284,381,2024-01-02 19:00:00,Delivered
4285,475,2024-04-21 21:00:00,Delivered
4286,191,2025-03-13 02:00:00,Delivered
4287,45,2025-01-06 07:00:00,Returned
4288,883,2025-03-27 01:00:00,Cancelled
4289,140,2024-07-23 01:00:00,Delivered
4290,73,2025-03-16 18:00:00,Delivered
4291,16,2024-01-05 15:00:00,Delivered
4292,718,2025-10-31 02:00:00,Cancelled
4293,588,2024-11-15 17:00:00,Delivered
4294,716,2024-10-27 07:00:00,Delivered
4295,145,2025-08-04 16:00:00,Delivered
4296,608,2025-07-22 18:00:00,Delivered
4297,879,2025-02-26 11:00:00,Delivered
4298,264,2024-10-12 15:00:00,Delivered
4299,424,2024-03-31 19:00:00,Delivered
4300,528,2024-05-24 15:00:00,Delivered
4301,319,2025-07-05 02:00:00,Delivered
4302,790,2024-03-13 01:00:00,Delivered
4303,47,2024-06-06 11:00:00,Delivered
4304,680,2025-09-17 12:00:00,Delivered
4305,188,2024-03-11 14:00:00,Cancelled
4306,219,2025-01-03 14:00:00,Delivered
4307,783,2024-09-04 10:00:00,Cancelled
4308,156,2025-03-06 16:00:00,Delivered
4309,883,2024-10-06 17:00:00,Delivered
4310,764,2025-03-15 14:00:00,Delivered
4311,562,2024-08-12 22:00:00,Returned
4312,913,2024-11-02 17:00:00,Delivered
4313,561,2024-11-06 05:00:00,Delivered
4314,234,2025-01-26 20:00:00,Returned
4315,306,2025-02-19 04:00:00,Delivered
4316,339,2024-12-08 01:00:00,Delivered
4317,455,2024-10-10 22:00:00,Delivered
4318,369,2025-04-04 19:00:00,Delivered
4319,82,2025-01-07 12:00:00,Delivered
4320,579,2024-07-06 23:00:00,Cancelled
4321,609,2024-02-04 17:00:00,Returned
4322,924,2024-11-28 03:00:00,Delivered
4323,645,2025-12-17 09:00:00,Delivered
4324,683,2025-09-06 03:00:00,Cancelled
4325,103,2024-03-26 03:00:00,Delivered
4326,520,2025-02-01 03:00:00,Delivered
4327,704,2024-01-20 04:00:00,Delivered
4328,303,2025-12-22 14:00:00,Delivered
4329,56,2025-12-04 22:00:00,Delivered
4330,650,2024-01-25 12:00:00,Delivered
4331,380,2024-08-27 10:00:00,Delivered
4332,955,2024-10-01 22:00:00,Returned
4333,699,2024-06-30 00:00:00,Cancelled
4334,683,2024-05-18 05:00:00,Delivered
4335,322,2025-08-02 11:00:00,Cancelled
4336,61,2024-01-11 05:00:00,Cancelled
4337,778,2025-12-17 01:00:00,Delivered
4338,114,2024-12-11 06:00:00,Cancelled
4339,953,2024-07-06 11:00:00,Returned
4340,671,2025-12-03 21:00:00,Delivered
4341,451,2025-10-10 19:00:00,Delivered
4342,449,2024-10-16 01:00:00,Returned
4343,505,2024-04-12 14:00:00,Delivered
4344,865,2024-05-12 14:00:00,Delivered
4345,51,2024-12-28 22:00:00,Delivered
4346,691,2025-01-09 20:00:00,Delivered
4347,237,2025-11-13 02:00:00,Delivered
4348,403,2024-10-21 21:00:00,Delivered
4349,994,2024-11-07 23:00:00,Delivered
4350,707,2025-08-15 03:00:00,Delivered
4351,357,2024-05-09 01:00:00,Cancelled
4352,439,2024-02-16 16:00:00,Delivered
4353,996,2024-10-18 02:00:00,Delivered
4354,308,2025-10-03 19:00:00,Cancelled
4355,979,2024-08-14 20:00:00,Delivered
4356,631,2025-09-23 05:00:00,Returned
4357,368,2024-12-20 07:00:00,Cancelled
4358,703,2025-08-03 10:00:00,Delivered
4359,371,2025-02-01 02:00:00,Delivered
4360,418,2025-05-13 18:00:00,Returned
4361,14,2025-10-21 00:00:00,Delivered
4362,439,2025-07-14 01:00:00,Delivered
4363,397,2025-03-25 15:00:00,Delivered
4364,797,2025-12-13 07:00:00,Returned
4365,513,2024-09-30 22:00:00,Delivered
4366,734,2024-08-11 21:00:00,Delivered
4367,869,2024-10-22 09:00:00,Delivered
4368,987,2025-01-18 07:00:00,Delivered
4369,403,2025-05-17 14:00:00,Delivered
4370,869,2024-06-09 10:00:00,Delivered
4371,224,2024-06-13 20:00:00,Delivered
4372,12,2024-03-15 15:00:00,Delivered
4373,389,2024-11-16 08:00:00,Delivered
4374,401,2024-07-07 09:00:00,Delivered
4375,551,2024-09-17 05:00:00,Delivered
4376,643,2024-07-10 21:00:00,Returned
4377,720,2024-06-02 07:00:00,Delivered
4378,316,2024-12-04 03:00:00,Delivered
4379,755,2024-02-02 18:00:00,Delivered
4380,917,2025-03-07 21:00:00,Delivered
4381,251,2024-01-06 20:00:00,Delivered
4382,554,2025-07-23 13:00:00,Delivered
4383,249,2024-01-15 04:00:00,Cancelled
4384,120,2024-03-31 12:00:00,Delivered
4385,226,2024-05-19 19:00:00,Returned
4386,289,2025-11-25 10:00:00,Returned
4387,946,2025-04-12 10:00:00,Delivered
4388,577,2025-07-23 17:00:00,Delivered
4389,878,2025-08-02 05:00:00,Delivered
4390,608,2025-08-30 13:00:00,Delivered
4391,405,2024-02-17 07:00:00,Returned
4392,247,2025-03-05 21:00:00,Delivered
4393,184,2024-01-09 22:00:00,Delivered
4394,379,2024-12-28 16:00:00,Delivered
4395,262,2025-04-18 14:00:00,Cancelled
4396,712,2025-09-02 04:00:00,Delivered
4397,456,2024-04-27 02:00:00,Delivered
4398,863,2024-06-14 07:00:00,Delivered
4399,564,2024-01-07 05:00:00,Delivered
4400,718,2024-06-21 03:00:00,Delivered
4401,623,2025-11-07 05:00:00,Delivered
4402,929,2025-06-21 03:00:00,Delivered
4403,932,2025-05-15 23:00:00,Delivered
4404,375,2025-08-02 03:00:00,Delivered
4405,792,2024-04-24 16:00:00,Delivered
4406,549,2025-01-15 10:00:00,Delivered
4407,84,2025-08-25 10:00:00,Delivered
4408,475,2025-12-07 15:00:00,Delivered
4409,708,2024-04-06 12:00:00,Delivered
4410,46,2025-12-26 01:00:00,Delivered
4411,792,2024-12-13 07:00:00,Delivered
4412,784,2025-12-17 19:00:00,Cancelled
4413,69,2025-07-14 12:00:00,Delivered
4414,159,2025-06-04 18:00:00,Delivered
4415,177,2025-06-05 08:00:00,Delivered
4416,904,2024-11-14 01:00:00,Delivered
4417,527,2024-05-21 05:00:00,Delivered
4418,489,2024-06-15 00:00:00,Delivered
4419,565,2024-08-06 19:00:00,Delivered
4420,131,2025-10-02 07:00:00,Delivered
4421,969,2024-06-08 01:00:00,Delivered
4422,285,2024-10-12 15:00:00,Returned
4423,671,2024-08-04 23:00:00,Delivered
4424,768,2025-06-21 23:00:00,Delivered
4425,432,2025-01-03 18:00:00,Delivered
4426,201,2025-12-18 00:00:00,Delivered
4427,754,2025-10-04 23:00:00,Delivered
4428,37,2025-10-11 06:00:00,Returned
4429,284,2025-12-13 04:00:00,Delivered
4430,135,2024-05-13 22:00:00,Delivered
4431,368,2024-05-10 22:00:00,Cancelled
4432,250,2025-01-16 22:00:00,Delivered
4433,921,2024-05-13 16:00:00,Delivered
4434,344,2024-02-18 13:00:00,Delivered
4435,202,2024-01-03 21:00:00,Returned
4436,59,2024-12-18 22:00:00,Delivered
4437,237,2025-03-26 14:00:00,Delivered
4438,408,2025-08-21 03:00:00,Delivered
4439,230,2024-05-15 02:00:00,Delivered
4440,668,2024-06-14 19:00:00,Delivered
4441,700,2025-12-03 23:00:00,Delivered
4442,306,2025-01-22 19:00:00,Delivered
4443,968,2024-06-11 18:00:00,Delivered
4444,544,2024-08-11 03:00:00,Returned
4445,30,2024-09-26 07:00:00,Cancelled
4446,760,2025-07-08 08:00:00,Delivered
4447,397,2025-02-05 05:00:00,Delivered
4448,84,2024-07-26 03:00:00,Delivered
4449,15,2025-05-28 01:00:00,Delivered
4450,571,2025-01-12 13:00:00,Cancelled
4451,930,2025-02-06 14:00:00,Returned
4452,899,2024-02-11 12:00:00,Delivered
4453,404,2024-06-05 02:00:00,Delivered
4454,824,2025-02-07 11:00:00,Delivered
4455,311,2025-08-18 09:00:00,Delivered
4456,803,2024-09-17 09:00:00,Delivered
4457,452,2025-03-17 12:00:00,Returned
4458,702,2024-11-09 19:00:00,Delivered
4459,735,2024-08-18 18:00:00,Delivered
4460,9,2024-11-05 20:00:00,Delivered
4461,172,2025-04-09 06:00:00,Delivered
4462,173,2025-01-29 04:00:00,Delivered
4463,855,2024-04-30 02:00:00,Delivered
4464,151,2024-09-18 06:00:00,Delivered
4465,682,2024-05-20 23:00:00,Delivered
4466,671,2025-07-22 22:00:00,Delivered
4467,690,2024-06-03 03:00:00,Delivered
4468,871,2025-06-09 20:00:00,Cancelled
4469,41,2025-06-30 23:00:00,Delivered
4470,609,2025-12-04 19:00:00,Delivered
4471,638,2025-02-21 04:00:00,Delivered
4472,742,2024-11-14 22:00:00,Delivered
4473,616,2025-08-07 21:00:00,Delivered
4474,226,2024-07-24 17:00:00,Delivered
4475,246,2024-05-17 23:00:00,Returned
4476,289,2025-04-16 05:00:00,Cancelled
4477,683,2024-02-28 11:00:00,Delivered
4478,231,2024-09-08 08:00:00,Returned
4479,973,2024-02-05 22:00:00,Delivered
4480,81,2025-12-24 11:00:00,Cancelled
4481,542,2025-05-26 12:00:00,Delivered
4482,737,2024-09-30 11:00:00,Cancelled
4483,798,2025-02-03 22:00:00,Delivered
4484,276,2025-05-26 10:00:00,Delivered
4485,412,2025-08-23 22:00:00,Cancelled
4486,817,2024-10-01 23:00:00,Delivered
4487,924,2025-10-12 10:00:00,Returned
4488,370,2024-09-02 13:00:00,Delivered
4489,484,2024-10-04 12:00:00,Delivered
4490,746,2025-08-31 16:00:00,Delivered
4491,827,2024-03-06 13:00:00,Delivered
4492,288,2024-05-09 02:00:00,Delivered
4493,293,2025-01-13 00:00:00,Delivered
4494,931,2024-01-09 18:00:00,Delivered
4495,859,2025-09-25 09:00:00,Delivered
4496,835,2024-12-15 05:00:00,Delivered
4497,611,2024-05-26 10:00:00,Delivered
4498,381,2025-08-12 12:00:00,Delivered
4499,865,2025-04-02 05:00:00,Delivered
4500,945,2024-09-02 00:00:00,Delivered
4501,283,2024-05-19 07:00:00,Delivered
4502,735,2025-08-25 03:00:00,Delivered
4503,395,2024-05-05 09:00:00,Delivered
4504,684,2024-09-28 20:00:00,Delivered
4505,201,2024-09-10 05:00:00,Returned
4506,837,2024-04-29 09:00:00,Delivered
4507,908,2024-11-12 06:00:00,Delivered
4508,58,2025-04-08 18:00:00,Delivered
4509,674,2025-04-13 07:00:00,Delivered
4510,930,2025-11-28 00:00:00,Delivered
4511,662,2025-12-03 23:00:00,Delivered
4512,963,2025-06-27 11:00:00,Cancelled
4513,146,2024-05-03 02:00:00,Delivered
4514,563,2025-04-02 02:00:00,Cancelled
4515,571,2024-10-14 10:00:00,Delivered
4516,372,2025-11-04 08:00:00,Delivered
4517,181,2025-03-19 16:00:00,Delivered
4518,266,2024-09-30 21:00:00,Delivered
4519,696,2025-05-25 01:00:00,Delivered
4520,199,2025-10-20 05:00:00,Cancelled
4521,957,2025-11-23 00:00:00,Delivered
4522,421,2024-12-15 23:00:00,Cancelled
4523,228,2025-03-31 14:00:00,Delivered
4524,592,2025-03-16 12:00:00,Delivered
4525,417,2024-07-11 06:00:00,Delivered
4526,115,2024-10-12 01:00:00,Delivered
4527,48,2025-10-06 22:00:00,Delivered
4528,157,2025-03-25 17:00:00,Delivered
4529,950,2025-01-11 10:00:00,Delivered
4530,675,2024-02-16 01:00:00,Delivered
4531,156,2025-05-10 21:00:00,Delivered
4532,132,2024-03-08 09:00:00,Delivered
4533,475,2025-11-09 06:00:00,Delivered
4534,28,2025-09-10 09:00:00,Delivered
4535,588,2025-12-09 03:00:00,Delivered
4536,223,2025-02-11 16:00:00,Delivered
4537,711,2024-03-29 15:00:00,Returned
4538,931,2024-02-05 06:00:00,Delivered
4539,388,2025-09-29 11:00:00,Delivered
4540,158,2025-06-14 12:00:00,Delivered
4541,739,2024-01-28 19:00:00,Delivered
4542,590,2025-10-08 15:00:00,Delivered
4543,353,2024-05-10 23:00:00,Delivered
4544,631,2024-12-26 21:00:00,Delivered
4545,932,2024-08-28 04:00:00,Delivered
4546,656,2025-12-10 14:00:00,Delivered
4547,631,2024-07-13 16:00:00,Delivered
4548,179,2024-01-02 09:00:00,Delivered
4549,486,2025-12-08 22:00:00,Cancelled
4550,801,2024-08-15 11:00:00,Delivered
4551,233,2025-03-09 13:00:00,Delivered
4552,359,2024-02-05 15:00:00,Delivered
4553,930,2024-02-20 17:00:00,Returned
4554,47,2025-06-07 05:00:00,Delivered
4555,510,2024-05-03 16:00:00,Delivered
4556,850,2024-07-23 12:00:00,Delivered
4557,15,2025-05-18 03:00:00,Delivered
4558,103,2024-12-28 20:00:00,Cancelled
4559,844,2025-07-20 07:00:00,Cancelled
4560,572,2025-11-25 17:00:00,Delivered
4561,188,2025-12-24 02:00:00,Returned
4562,505,2025-11-13 20:00:00,Delivered
4563,725,2024-09-25 17:00:00,Cancelled
4564,799,2025-02-16 15:00:00,Delivered
4565,454,2024-09-25 04:00:00,Delivered
4566,994,2024-08-09 22:00:00,Returned
4567,146,2024-06-14 22:00:00,Delivered
4568,650,2024-04-18 19:00:00,Delivered
4569,158,2024-12-20 17:00:00,Returned
4570,879,2025-08-02 04:00:00,Delivered
4571,681,2025-12-02 20:00:00,Cancelled
4572,183,2024-12-28 12:00:00,Delivered
4573,188,2025-09-24 10:00:00,Delivered
4574,672,2024-02-20 12:00:00,Delivered
4575,919,2025-10-12 23:00:00,Delivered
4576,818,2024-09-07 02:00:00,Cancelled
4577,118,2025-06-28 01:00:00,Delivered
4578,701,2025-05-18 08:00:00,Delivered
4579,242,2024-01-07 15:00:00,Delivered
4580,235,2025-07-26 09:00:00,Delivered
4581,669,2025-07-29 10:00:00,Delivered
4582,910,2025-11-06 02:00:00,Delivered
4583,395,2024-06-27 12:00:00,Delivered
4584,521,2024-10-20 21:00:00,Delivered
4585,585,2025-04-29 21:00:00,Delivered
4586,65,2024-11-17 23:00:00,Delivered
4587,488,2024-02-16 11:00:00,Delivered
4588,583,2024-03-15 05:00:00,Returned
4589,676,2024-03-09 11:00:00,Delivered
4590,738,2024-10-01 02:00:00,Delivered
4591,785,2025-11-20 10:00:00,Delivered
4592,279,2024-01-18 18:00:00,Returned
4593,94,2025-08-13 23:00:00,Delivered
4594,217,2025-08-28 10:00:00,Delivered
4595,509,2025-01-01 05:00:00,Delivered
4596,823,2024-01-01 04:00:00,Delivered
4597,173,2025-03-21 05:00:00,Delivered
4598,73,2025-09-29 20:00:00,Delivered
4599,140,2025-11-08 02:00:00,Delivered
4600,76,2024-07-25 18:00:00,Delivered
4601,734,2025-03-16 19:00:00,Delivered
4602,545,2025-08-03 20:00:00,Delivered
4603,38,2025-08-02 16:00:00,Delivered
4604,76,2024-06-17 13:00:00,Delivered
4605,496,2024-08-24 02:00:00,Delivered
4606,789,2024-07-08 04:00:00,Delivered
4607,399,2025-11-22 00:00:00,Delivered
4608,348,2025-12-13 18:00:00,Returned
4609,548,2025-09-28 15:00:00,Delivered
4610,431,2024-12-26 07:00:00,Cancelled
4611,959,2024-07-31 20:00:00,Delivered
4612,922,2025-12-16 22:00:00,Delivered
4613,119,2025-09-09 02:00:00,Delivered
4614,392,2024-12-02 09:00:00,Delivered
4615,977,2025-06-08 21:00:00,Delivered
4616,593,2025-10-14 10:00:00,Delivered
4617,128,2024-05-28 01:00:00,Delivered
4618,601,2024-03-11 11:00:00,Cancelled
4619,794,2024-12-23 15:00:00,Delivered
4620,279,2024-10-16 18:00:00,Delivered
4621,819,2024-10-17 15:00:00,Delivered
4622,52,2024-01-02 04:00:00,Delivered
4623,575,2025-04-20 12:00:00,Delivered
4624,558,2025-11-12 13:00:00,Delivered
4625,305,2025-08-09 14:00:00,Delivered
4626,946,2024-11-12 02:00:00,Delivered
4627,207,2025-01-29 11:00:00,Delivered
4628,35,2024-09-20 10:00:00,Delivered
4629,417,2024-09-07 11:00:00,Delivered
4630,226,2025-04-26 06:00:00,Delivered
4631,757,2025-01-30 08:00:00,Delivered
4632,632,2024-07-09 14:00:00,Delivered
4633,113,2025-10-12 18:00:00,Delivered
4634,141,2025-08-05 22:00:00,Delivered
4635,329,2024-07-29 01:00:00,Delivered
4636,608,2025-04-22 23:00:00,Delivered
4637,377,2024-12-24 03:00:00,Delivered
4638,165,2025-04-18 13:00:00,Delivered
4639,437,2024-11-02 07:00:00,Returned
4640,874,2024-11-17 19:00:00,Delivered
4641,538,2025-09-27 17:00:00,Cancelled
4642,782,2024-12-09 19:00:00,Delivered
4643,945,2024-10-15 13:00:00,Delivered
4644,254,2024-11-01 10:00:00,Delivered
4645,896,2024-10-26 23:00:00,Delivered
4646,727,2024-09-20 02:00:00,Delivered
4647,313,2025-09-18 03:00:00,Delivered
4648,951,2025-09-09 18:00:00,Delivered
4649,623,2024-09-05 22:00:00,Returned
4650,265,2024-10-09 18:00:00,Delivered
4651,232,2025-08-11 08:00:00,Cancelled
4652,271,2024-01-18 16:00:00,Delivered
4653,857,2025-11-04 22:00:00,Delivered
4654,150,2024-08-17 01:00:00,Delivered
4655,513,2025-03-06 04:00:00,Delivered
4656,489,2024-08-11 18:00:00,Delivered
4657,546,2025-10-19 16:00:00,Delivered
4658,957,2024-10-03 03:00:00,Delivered
4659,107,2024-01-09 18:00:00,Delivered
4660,63,2025-12-08 05:00:00,Delivered
4661,491,2024-02-14 15:00:00,Delivered
4662,921,2025-06-15 11:00:00,Delivered
4663,646,2025-12-27 13:00:00,Delivered
4664,484,2025-08-22 04:00:00,Cancelled
4665,129,2024-02-08 07:00:00,Delivered
4666,310,2024-10-11 18:00:00,Delivered
4667,312,2025-01-25 02:00:00,Delivered
4668,626,2024-08-16 18:00:00,Delivered
4669,29,2024-05-24 23:00:00,Cancelled
4670,110,2024-05-19 03:00:00,Delivered
4671,885,2025-04-17 10:00:00,Cancelled
4672,886,2024-12-30 16:00:00,Delivered
4673,402,2024-07-13 10:00:00,Delivered
4674,644,2025-11-24 15:00:00,Returned
4675,569,2025-03-16 02:00:00,Returned
4676,625,2024-08-11 02:00:00,Delivered
4677,370,2025-07-19 09:00:00,Delivered
4678,713,2024-12-01 12:00:00,Delivered
4679,87,2024-03-15 07:00:00,Returned
4680,564,2025-01-14 01:00:00,Cancelled
4681,304,2024-07-06 06:00:00,Cancelled
4682,162,2025-11-17 23:00:00,Delivered
4683,879,2024-09-11 06:00:00,Delivered
4684,300,2024-07-06 08:00:00,Delivered
4685,672,2024-04-20 00:00:00,Delivered
4686,680,2025-04-06 22:00:00,Delivered
4687,517,2025-12-10 21:00:00,Delivered
4688,406,2025-07-07 00:00:00,Delivered
4689,811,2025-10-28 10:00:00,Delivered
4690,919,2024-05-24 18:00:00,Cancelled
4691,391,2025-08-19 01:00:00,Delivered
4692,825,2025-10-31 02:00:00,Delivered
4693,996,2025-05-13 14:00:00,Cancelled
4694,66,2025-04-21 08:00:00,Delivered
4695,39,2024-11-05 06:00:00,Cancelled
4696,60,2024-06-07 07:00:00,Delivered
4697,811,2025-01-10 01:00:00,Delivered
4698,835,2025-07-26 19:00:00,Returned
4699,433,2025-02-04 10:00:00,Delivered
4700,770,2024-12-10 23:00:00,Cancelled
4701,945,2024-06-12 06:00:00,Delivered
4702,533,2024-06-05 19:00:00,Delivered
4703,10,2024-05-19 00:00:00,Delivered
4704,411,2025-08-10 03:00:00,Delivered
4705,899,2024-01-11 07:00:00,Delivered
4706,203,2024-09-16 13:00:00,Delivered
4707,70,2025-12-09 03:00:00,Delivered
4708,439,2025-04-12 11:00:00,Returned
4709,11,2025-03-24 13:00:00,Delivered
4710,490,2025-09-16 19:00:00,Delivered
4711,834,2024-11-18 07:00:00,Cancelled
4712,59,2024-06-26 08:00:00,Delivered
4713,216,2024-02-27 02:00:00,Returned
4714,178,2024-08-24 23:00:00,Delivered
4715,789,2024-09-21 15:00:00,Delivered
4716,30,2024-08-09 08:00:00,Delivered
4717,974,2024-05-14 01:00:00,Delivered
4718,304,2025-04-14 02:00:00,Returned
4719,819,2025-08-18 23:00:00,Delivered
4720,940,2024-01-17 02:00:00,Delivered
4721,167,2024-06-16 21:00:00,Delivered
4722,300,2024-02-23 11:00:00,Delivered
4723,834,2025-02-27 08:00:00,Delivered
4724,560,2025-04-18 23:00:00,Delivered
4725,105,2025-05-02 20:00:00,Delivered
4726,508,2024-11-24 08:00:00,Delivered
4727,638,2025-09-07 05:00:00,Returned
4728,52,2025-01-30 11:00:00,Delivered
4729,233,2025-07-03 14:00:00,Delivered
4730,694,2025-04-25 20:00:00,Delivered
4731,518,2024-03-06 05:00:00,Delivered
4732,614,2024-02-11 18:00:00,Delivered
4733,352,2025-01-29 12:00:00,Delivered
4734,289,2025-12-30 08:00:00,Cancelled
4735,743,2024-05-30 07:00:00,Delivered
4736,643,2024-07-11 14:00:00,Delivered
4737,964,2024-03-19 05:00:00,Delivered
4738,87,2024-03-29 01:00:00,Delivered
4739,469,2025-06-09 01:00:00,Delivered
4740,355,2025-12-05 17:00:00,Delivered
4741,941,2025-09-20 01:00:00,Delivered
4742,913,2024-03-16 14:00:00,Cancelled
4743,884,2025-05-11 09:00:00,Delivered
4744,818,2025-10-06 07:00:00,Delivered
4745,361,2024-04-16 18:00:00,Returned
4746,633,2024-09-14 22:00:00,Delivered
4747,613,2024-11-21 23:00:00,Cancelled
4748,783,2024-04-22 15:00:00,Delivered
4749,180,2024-05-25 15:00:00,Returned
4750,767,2024-09-17 07:00:00,Delivered
4751,466,2024-07-05 05:00:00,Delivered
4752,878,2024-10-23 04:00:00,Delivered
4753,385,2024-06-29 12:00:00,Delivered
4754,702,2024-09-23 18:00:00,Cancelled
4755,392,2024-07-15 06:00:00,Delivered
4756,2,2025-12-09 17:00:00,Delivered
4757,208,2024-10-23 09:00:00,Delivered
4758,899,2024-01-19 09:00:00,Delivered
4759,532,2025-05-26 16:00:00,Delivered
4760,945,2024-12-04 00:00:00,Delivered
4761,22,2024-06-19 00:00:00,Cancelled
4762,629,2025-11-30 12:00:00,Delivered
4763,701,2024-12-23 02:00:00,Delivered
4764,896,2024-11-16 06:00:00,Delivered
4765,459,2025-05-23 08:00:00,Delivered
4766,926,2024-07-05 12:00:00,Delivered
4767,674,2024-08-02 05:00:00,Returned
4768,613,2024-11-20 13:00:00,Delivered
4769,190,2025-04-08 15:00:00,Delivered
4770,814,2024-06-23 05:00:00,Cancelled
4771,581,2024-06-06 00:00:00,Delivered
4772,908,2025-02-12 11:00:00,Delivered
4773,146,2025-09-11 04:00:00,Delivered
4774,378,2025-08-09 23:00:00,Returned
4775,155,2025-08-29 09:00:00,Delivered
4776,331,2025-02-24 06:00:00,Delivered
4777,606,2024-11-21 10:00:00,Delivered
4778,718,2025-08-18 12:00:00,Delivered
4779,251,2025-04-19 21:00:00,Delivered
4780,158,2025-10-23 13:00:00,Delivered
4781,638,2024-10-30 21:00:00,Delivered
4782,185,2024-02-13 13:00:00,Delivered
4783,344,2025-11-10 08:00:00,Delivered
4784,28,2025-10-23 21:00:00,Delivered
4785,100,2024-07-18 06:00:00,Delivered
4786,229,2025-11-01 17:00:00,Delivered
4787,42,2024-02-14 08:00:00,Delivered
4788,873,2024-08-17 22:00:00,Cancelled
4789,66,2025-10-19 02:00:00,Delivered
4790,156,2024-04-06 05:00:00,Delivered
4791,382,2024-10-30 16:00:00,Delivered
4792,905,2024-04-25 22:00:00,Delivered
4793,158,2025-03-21 17:00:00,Delivered
4794,512,2025-02-15 09:00:00,Cancelled
4795,107,2025-08-19 03:00:00,Delivered
4796,269,2025-07-23 17:00:00,Delivered
4797,317,2024-11-08 04:00:00,Cancelled
4798,690,2024-01-01 01:00:00,Delivered
4799,182,2025-08-06 16:00:00,Cancelled
4800,510,2025-03-28 20:00:00,Delivered
4801,251,2024-11-17 16:00:00,Delivered
4802,755,2025-02-01 20:00:00,Delivered
4803,969,2025-02-12 23:00:00,Delivered
4804,764,2024-05-01 19:00:00,Delivered
4805,133,2024-08-10 09:00:00,Delivered
4806,115,2025-09-17 04:00:00,Delivered
4807,447,2024-05-28 05:00:00,Delivered
4808,188,2024-01-18 09:00:00,Delivered
4809,47,2024-10-18 05:00:00,Delivered
4810,545,2024-08-10 03:00:00,Delivered
4811,498,2025-06-07 18:00:00,Delivered
4812,717,2024-04-24 02:00:00,Delivered
4813,630,2025-04-02 04:00:00,Cancelled
4814,417,2025-08-25 19:00:00,Delivered
4815,628,2024-10-11 18:00:00,Delivered
4816,99,2025-10-29 05:00:00,Delivered
4817,204,2024-04-23 23:00:00,Delivered
4818,59,2024-08-12 13:00:00,Delivered
4819,22,2025-12-05 23:00:00,Delivered
4820,3,2024-03-04 00:00:00,Delivered
4821,202,2024-06-14 17:00:00,Delivered
4822,558,2025-02-09 06:00:00,Cancelled
4823,4,2024-11-25 20:00:00,Delivered
4824,830,2024-07-02 08:00:00,Delivered
4825,543,2024-08-28 17:00:00,Delivered
4826,958,2024-12-29 17:00:00,Delivered
4827,948,2025-03-03 19:00:00,Delivered
4828,798,2025-08-01 19:00:00,Delivered
4829,462,2025-02-11 17:00:00,Delivered
4830,168,2025-04-13 13:00:00,Returned
4831,879,2024-08-20 05:00:00,Cancelled
4832,911,2024-07-30 16:00:00,Delivered
4833,395,2025-11-20 06:00:00,Delivered
4834,496,2025-02-21 23:00:00,Delivered
4835,345,2025-10-12 03:00:00,Cancelled
4836,987,2025-07-09 12:00:00,Delivered
4837,466,2024-04-17 07:00:00,Delivered
4838,313,2024-04-21 00:00:00,Returned
4839,195,2024-06-07 21:00:00,Delivered
4840,161,2024-07-24 07:00:00,Delivered
4841,157,2024-04-11 21:00:00,Delivered
4842,521,2024-08-17 11:00:00,Cancelled
4843,473,2025-09-06 23:00:00,Cancelled
4844,542,2025-05-03 10:00:00,Delivered
4845,783,2025-12-18 00:00:00,Delivered
4846,918,2025-05-08 15:00:00,Delivered
4847,667,2024-02-14 13:00:00,Delivered
4848,741,2025-01-14 18:00:00,Delivered
4849,651,2025-07-05 16:00:00,Delivered
4850,670,2024-09-29 07:00:00,Delivered
4851,637,2024-05-10 14:00:00,Delivered
4852,980,2025-02-23 03:00:00,Delivered
4853,516,2025-12-12 03:00:00,Delivered
4854,608,2025-03-05 18:00:00,Cancelled
4855,659,2024-09-09 17:00:00,Delivered
4856,359,2025-11-07 15:00:00,Delivered
4857,692,2024-01-18 22:00:00,Cancelled
4858,155,2025-12-19 12:00:00,Delivered
4859,713,2025-02-12 17:00:00,Delivered
4860,175,2025-09-18 11:00:00,Delivered
4861,97,2024-05-21 10:00:00,Delivered
4862,316,2025-09-23 16:00:00,Delivered
4863,913,2024-06-15 10:00:00,Delivered
4864,617,2024-10-06 21:00:00,Delivered
4865,652,2024-01-10 14:00:00,Delivered
4866,908,2024-05-19 18:00:00,Cancelled
4867,24,2025-03-31 08:00:00,Delivered
4868,147,2025-09-24 13:00:00,Delivered
4869,312,2024-03-05 14:00:00,Delivered
4870,406,2025-05-11 00:00:00,Delivered
4871,567,2025-09-01 14:00:00,Delivered
4872,697,2025-05-24 08:00:00,Delivered
4873,703,2025-09-24 18:00:00,Delivered
4874,283,2024-03-18 16:00:00,Delivered
4875,623,2025-05-31 09:00:00,Delivered
4876,474,2024-09-05 09:00:00,Cancelled
4877,532,2025-10-07 10:00:00,Delivered
4878,751,2025-08-18 17:00:00,Delivered
4879,110,2025-01-24 09:00:00,Delivered
4880,547,2024-01-29 08:00:00,Delivered
4881,11,2025-09-11 05:00:00,Delivered
4882,528,2025-02-07 00:00:00,Delivered
4883,176,2024-05-01 01:00:00,Delivered
4884,143,2025-04-14 01:00:00,Delivered
4885,297,2025-07-20 19:00:00,Cancelled
4886,19,2025-07-11 05:00:00,Delivered
4887,854,2024-09-15 11:00:00,Delivered
4888,789,2024-08-14 00:00:00,Delivered
4889,553,2025-08-09 17:00:00,Delivered
4890,682,2024-02-12 10:00:00,Delivered
4891,683,2025-07-07 17:00:00,Delivered
4892,610,2025-04-30 08:00:00,Cancelled
4893,762,2024-04-18 17:00:00,Delivered
4894,887,2024-08-30 00:00:00,Delivered
4895,984,2025-04-02 11:00:00,Cancelled
4896,49,2024-01-01 06:00:00,Delivered
4897,354,2025-02-03 21:00:00,Delivered
4898,607,2025-09-02 11:00:00,Delivered
4899,18,2025-01-01 12:00:00,Delivered
4900,572,2024-09-24 18:00:00,Delivered
4901,449,2025-07-08 21:00:00,Cancelled
4902,302,2025-03-18 14:00:00,Delivered
4903,515,2025-05-06 23:00:00,Cancelled
4904,670,2024-05-01 16:00:00,Delivered
4905,425,2025-10-20 01:00:00,Delivered
4906,647,2024-07-27 13:00:00,Delivered
4907,705,2024-05-05 01:00:00,Delivered
4908,941,2024-10-29 09:00:00,Returned
4909,259,2024-05-14 19:00:00,Delivered
4910,45,2025-02-06 15:00:00,Delivered
4911,352,2025-03-08 17:00:00,Cancelled
4912,411,2025-01-18 05:00:00,Delivered
4913,40,2025-01-21 04:00:00,Delivered
4914,130,2024-04-29 10:00:00,Cancelled
4915,626,2025-09-03 13:00:00,Cancelled
4916,141,2024-11-18 13:00:00,Delivered
4917,189,2024-07-04 03:00:00,Delivered
4918,340,2024-08-29 06:00:00,Returned
4919,664,2025-11-06 09:00:00,Delivered
4920,31,2024-09-21 15:00:00,Delivered
4921,923,2025-02-02 09:00:00,Delivered
4922,702,2024-11-29 11:00:00,Delivered
4923,616,2025-03-23 10:00:00,Delivered
4924,869,2024-08-25 17:00:00,Delivered
4925,7,2025-05-15 02:00:00,Returned
4926,295,2024-12-07 23:00:00,Delivered
4927,105,2024-06-19 22:00:00,Cancelled
4928,922,2025-09-02 01:00:00,Delivered
4929,256,2025-02-07 04:00:00,Delivered
4930,970,2024-04-03 02:00:00,Returned
4931,798,2025-04-28 07:00:00,Returned
4932,656,2024-05-26 20:00:00,Returned
4933,507,2024-06-09 13:00:00,Delivered
4934,549,2025-10-19 17:00:00,Delivered
4935,633,2024-12-20 17:00:00,Delivered
4936,692,2024-11-24 17:00:00,Delivered
4937,186,2025-08-21 21:00:00,Delivered
4938,698,2024-12-20 04:00:00,Delivered
4939,321,2024-04-13 12:00:00,Delivered
4940,515,2024-12-01 15:00:00,Delivered
4941,87,2025-04-04 02:00:00,Delivered
4942,939,2024-02-23 16:00:00,Cancelled
4943,49,2025-01-06 09:00:00,Delivered
4944,265,2025-04-03 14:00:00,Delivered
4945,483,2024-08-23 11:00:00,Delivered
4946,366,2024-05-24 09:00:00,Delivered
4947,542,2024-10-29 03:00:00,Cancelled
4948,865,2025-04-17 03:00:00,Delivered
4949,308,2025-12-20 18:00:00,Delivered
4950,267,2024-10-23 19:00:00,Delivered
4951,342,2024-08-24 15:00:00,Delivered
4952,32,2024-08-15 06:00:00,Delivered
4953,223,2025-03-07 02:00:00,Cancelled
4954,71,2025-12-05 06:00:00,Delivered
4955,660,2025-06-17 19:00:00,Returned
4956,438,2024-02-08 16:00:00,Delivered
4957,548,2024-06-28 17:00:00,Delivered
4958,814,2024-06-27 15:00:00,Delivered
4959,202,2024-01-10 09:00:00,Cancelled
4960,446,2024-07-07 10:00:00,Delivered
4961,321,2024-07-04 03:00:00,Delivered
4962,314,2025-02-22 10:00:00,Cancelled
4963,218,2024-12-01 23:00:00,Delivered
4964,832,2025-06-08 01:00:00,Delivered
4965,579,2024-04-19 11:00:00,Delivered
4966,490,2024-07-11 09:00:00,Delivered
4967,391,2025-05-23 02:00:00,Delivered
4968,454,2025-01-22 05:00:00,Delivered
4969,408,2025-08-25 02:00:00,Returned
4970,230,2024-08-02 12:00:00,Delivered
4971,620,2025-08-12 08:00:00,Cancelled
4972,645,2025-03-16 08:00:00,Returned
4973,350,2024-02-23 19:00:00,Delivered
4974,600,2024-01-30 22:00:00,Delivered
4975,50,2025-06-29 19:00:00,Delivered
4976,492,2024-08-21 18:00:00,Delivered
4977,928,2024-08-27 21:00:00,Delivered
4978,168,2024-04-07 22:00:00,Delivered
4979,609,2025-02-23 21:00:00,Delivered
4980,927,2024-10-21 05:00:00,Delivered
4981,400,2024-10-10 23:00:00,Returned
4982,796,2025-06-13 09:00:00,Delivered
4983,962,2025-11-17 19:00:00,Delivered
4984,597,2025-01-14 14:00:00,Delivered
4985,933,2025-01-14 15:00:00,Delivered
4986,728,2025-08-07 11:00:00,Delivered
4987,130,2025-06-14 23:00:00,Delivered
4988,607,2024-02-22 05:00:00,Delivered
4989,452,2025-08-20 14:00:00,Delivered
4990,624,2025-11-07 21:00:00,Cancelled
4991,859,2024-03-16 04:00:00,Delivered
4992,554,2024-07-11 20:00:00,Delivered
4993,881,2025-04-07 02:00:00,Delivered
4994,949,2024-12-02 18:00:00,Delivered
4995,938,2024-09-25 10:00:00,Delivered
4996,809,2024-09-29 06:00:00,Delivered
4997,779,2024-06-12 16:00:00,Returned
4998,536,2024-04-17 02:00:00,Delivered
4999,223,2025-10-15 00:00:00,Delivered
5000,515,2024-12-15 13:00:00,Cancelled
