Shipment_ID,Order_ID,Ship_Date,Delivery_Date,Shipment_Status
1,1,2025-02-03,2025-02-06,Delivered
2,2,2025-12-21,2025-12-24,Delivered
3,3,2024-08-17,2024-08-22,Delivered
4,4,2024-08-03,2024-08-08,Delivered
5,5,2024-03-23,2024-03-28,Delivered
6,6,2025-01-05,2025-01-12,Delivered
7,7,2025-03-02,2025-03-06,Delivered
8,8,2025-09-25,2025-09-27,Delivered
9,9,2024-03-16,2024-03-21,Delivered
10,10,2025-06-16,2025-06-21,Delivered
11,11,2025-07-01,2025-07-05,Delivered
12,12,2025-11-06,2025-11-11,Delivered
13,13,2024-07-03,2024-07-08,Delivered
14,14,2024-04-20,2024-04-22,Delivered
15,15,2025-04-17,2025-04-22,Delivered
16,16,2024-04-18,2024-04-25,Delivered
17,17,2025-02-17,2025-02-22,Delivered
18,18,2025-07-03,2025-07-08,Delivered
19,19,2024-11-21,2024-11-25,Returned
20,20,2025-01-16,2025-01-25,Delivered
21,21,2024-11-30,2024-12-03,Delivered
22,22,2024-08-10,2024-08-15,Delivered
23,23,2024-09-20,2024-09-29,Returned
24,24,2025-02-13,2025-02-17,Delivered
25,25,2025-09-04,2025-09-07,Delivered
26,26,2024-11-06,2024-11-15,Delivered
27,27,2024-08-08,2024-08-13,Delivered
28,28,,,Cancelled
29,29,2025-07-26,2025-07-28,Returned
30,30,2024-04-07,2024-04-10,Delivered
31,31,2024-05-23,2024-05-27,Delivered
32,32,2024-09-14,2024-09-20,Delivered
33,33,2024-04-06,2024-04-10,Delivered
34,34,2024-08-12,2024-08-19,Delivered
35,35,2025-05-11,2025-05-14,Delivered
36,36,2025-12-08,2025-12-11,Delivered
37,37,2024-04-09,2024-04-11,Delivered
38,38,2025-08-16,2025-08-22,Delivered
39,39,,,Cancelled
40,40,,,Cancelled
41,41,2025-11-02,2025-11-07,Returned
42,42,2025-10-11,2025-10-20,Delivered
43,43,2024-02-15,2024-02-19,Delivered
44,44,2024-12-03,2024-12-07,Delivered
45,45,2024-02-24,2024-03-01,Delivered
46,46,2025-04-03,2025-04-06,Delivered
47,47,2024-08-16,2024-08-20,Delivered
48,48,2024-06-01,2024-06-03,Delivered
49,49,2025-08-11,2025-08-16,Delivered
50,50,2024-09-27,2024-10-03,Delivered
51,51,2025-12-16,2025-12-20,Delivered
52,52,2025-07-29,2025-08-01,Delivered
53,53,2025-08-10,2025-08-13,Delivered
54,54,2025-06-23,2025-06-30,Delivered
55,55,2025-03-19,2025-03-23,Delivered
56,56,2024-04-03,2024-04-08,Delivered
57,57,2025-01-10,2025-01-12,Delivered
58,58,2025-09-02,2025-09-06,Delivered
59,59,2024-06-23,2024-06-28,Delivered
60,60,2025-03-29,2025-04-03,Delivered
61,61,2024-08-30,2024-09-05,Delivered
62,62,2024-03-30,2024-04-03,Delivered
63,63,,,Cancelled
64,64,2024-10-23,2024-10-25,Delivered
65,65,2024-04-26,2024-04-30,Delivered
66,66,2024-12-08,2024-12-14,Delivered
67,67,2024-07-30,2024-08-03,Delivered
68,68,2025-07-17,2025-07-22,Delivered
69,69,2025-12-14,2025-12-20,Delivered
70,70,2025-08-21,2025-08-24,Delivered
71,71,2024-06-24,2024-06-27,Delivered
72,72,2025-12-16,2025-12-21,Delivered
73,73,2025-11-03,2025-11-06,Delivered
74,74,,,Cancelled
75,75,2025-01-04,2025-01-07,Delivered
76,76,2025-10-29,2025-11-04,Delivered
77,77,2025-06-07,2025-06-11,Delivered
78,78,2025-05-13,2025-05-16,Delivered
79,79,2024-07-23,2024-07-29,Returned
80,80,2026-01-02,2026-01-05,Delivered
81,81,2025-06-27,2025-07-02,Delivered
82,82,2024-06-10,2024-06-15,Delivered
83,83,2025-01-01,2025-01-06,Delivered
84,84,2024-10-12,2024-10-17,Delivered
85,85,2025-02-02,2025-02-05,Returned
86,86,2024-10-15,2024-10-20,Delivered
87,87,2025-02-08,2025-02-10,Delivered
88,88,2025-01-27,2025-02-01,Returned
89,89,2025-10-03,2025-10-08,Delivered
90,90,2025-08-12,2025-08-15,Delivered
91,91,2025-09-13,2025-09-17,Delivered
92,92,2024-08-01,2024-08-06,Delivered
93,93,,,Cancelled
94,94,,,Cancelled
95,95,2024-05-21,2024-05-26,Returned
96,96,2024-05-29,2024-06-04,Returned
97,97,2024-06-12,2024-06-14,Delivered
98,98,2024-05-02,2024-05-05,Delivered
99,99,2024-05-31,2024-06-04,Delivered
100,100,2025-02-28,2025-03-04,Delivered
101,101,2025-10-16,2025-10-21,Delivered
102,102,2024-07-14,2024-07-19,Delivered
103,103,2025-09-19,2025-09-22,Delivered
104,104,2025-09-20,2025-09-25,Delivered
105,105,2025-12-07,2025-12-11,Delivered
106,106,2025-05-05,2025-05-08,Delivered
107,107,2025-04-26,2025-04-30,Delivered
108,108,2025-02-01,2025-02-05,Delivered
109,109,2024-07-19,2024-07-24,Delivered
110,110,2024-01-17,2024-01-21,Returned
111,111,2025-11-19,2025-11-26,Delivered
112,112,,,Cancelled
113,113,,,Cancelled
114,114,2024-09-12,2024-09-17,Delivered
115,115,,,Cancelled
116,116,2024-11-19,2024-11-25,Delivered
117,117,2025-08-10,2025-08-14,Delivered
118,118,2025-12-24,2025-12-30,Delivered
119,119,,,Cancelled
120,120,2025-06-16,2025-06-20,Delivered
121,121,2024-02-12,2024-02-16,Delivered
122,122,2025-10-08,2025-10-10,Delivered
123,123,2025-02-12,2025-02-16,Delivered
124,124,2025-04-20,2025-04-23,Delivered
125,125,2024-02-26,2024-03-01,Delivered
126,126,2025-04-21,2025-04-25,Delivered
127,127,2025-05-29,2025-06-05,Delivered
128,128,2025-12-16,2025-12-18,Delivered
129,129,2024-11-29,2024-12-01,Delivered
130,130,,,Cancelled
131,131,2025-04-11,2025-04-16,Delivered
132,132,2025-10-28,2025-11-02,Delivered
133,133,2024-05-07,2024-05-12,Delivered
134,134,2025-10-14,2025-10-17,Delivered
135,135,2025-01-29,2025-02-04,Delivered
136,136,2025-09-21,2025-09-25,Delivered
137,137,,,Cancelled
138,138,2025-11-07,2025-11-09,Delivered
139,139,2024-07-04,2024-07-09,Delivered
140,140,2024-11-13,2024-11-16,Delivered
141,141,2024-10-23,2024-10-26,Delivered
142,142,2024-05-16,2024-05-23,Delivered
143,143,2024-09-17,2024-09-21,Delivered
144,144,2025-05-27,2025-05-29,Delivered
145,145,2025-05-22,2025-05-24,Delivered
146,146,2025-05-05,2025-05-08,Delivered
147,147,2025-09-09,2025-09-16,Delivered
148,148,2025-07-17,2025-07-21,Delivered
149,149,2024-08-02,2024-08-05,Delivered
150,150,2025-10-31,2025-11-04,Delivered
151,151,2024-02-04,2024-02-09,Delivered
152,152,2024-11-03,2024-11-06,Returned
153,153,2024-04-22,2024-04-24,Returned
154,154,2025-11-20,2025-11-27,Delivered
155,155,2025-12-18,2025-12-22,Delivered
156,156,2024-07-02,2024-07-07,Delivered
157,157,2024-02-08,2024-02-11,Delivered
158,158,,,Cancelled
159,159,2025-03-15,2025-03-22,Delivered
160,160,2024-05-18,2024-05-21,Delivered
161,161,2024-12-04,2024-12-06,Delivered
162,162,2025-12-14,2025-12-18,Delivered
163,163,2025-08-11,2025-08-15,Returned
164,164,2024-03-31,2024-04-05,Delivered
165,165,2025-12-27,2026-01-02,Delivered
166,166,2024-11-23,2024-11-27,Delivered
167,167,2024-12-29,2025-01-02,Delivered
168,168,2025-06-18,2025-06-21,Delivered
169,169,2024-07-05,2024-07-09,Delivered
170,170,2024-07-18,2024-07-20,Delivered
171,171,2025-10-05,2025-10-07,Delivered
172,172,2025-09-23,2025-09-28,Delivered
173,173,2024-12-27,2025-01-03,Delivered
174,174,2024-01-15,2024-01-20,Delivered
175,175,2024-09-18,2024-09-20,Delivered
176,176,2025-07-19,2025-07-24,Delivered
177,177,2025-12-04,2025-12-10,Delivered
178,178,2025-08-08,2025-08-12,Returned
179,179,2024-06-30,2024-07-02,Delivered
180,180,,,Cancelled
181,181,2024-02-08,2024-02-12,Delivered
182,182,,,Cancelled
183,183,2024-12-12,2024-12-15,Delivered
184,184,2024-02-28,2024-03-04,Delivered
185,185,2025-11-27,2025-12-01,Delivered
186,186,2024-08-02,2024-08-06,Delivered
187,187,2024-12-31,2025-01-03,Returned
188,188,2024-02-02,2024-02-09,Returned
189,189,2025-07-04,2025-07-07,Delivered
190,190,2024-07-12,2024-07-16,Delivered
191,191,,,Cancelled
192,192,2024-02-04,2024-02-09,Delivered
193,193,2024-09-03,2024-09-08,Delivered
194,194,2024-11-08,2024-11-13,Delivered
195,195,2024-04-27,2024-04-30,Delivered
196,196,2024-07-27,2024-07-31,Delivered
197,197,2025-05-11,2025-05-15,Delivered
198,198,,,Cancelled
199,199,2024-12-04,2024-12-07,Delivered
200,200,2025-06-15,2025-06-18,Returned
201,201,2024-02-08,2024-02-11,Delivered
202,202,2025-06-21,2025-06-25,Delivered
203,203,,,Cancelled
204,204,2024-04-02,2024-04-06,Delivered
205,205,2024-04-16,2024-04-25,Delivered
206,206,2024-11-17,2024-11-19,Delivered
207,207,2025-10-17,2025-10-24,Delivered
208,208,2024-10-23,2024-10-28,Delivered
209,209,2025-03-29,2025-04-01,Delivered
210,210,2024-06-11,2024-06-15,Delivered
211,211,2025-10-01,2025-10-05,Delivered
212,212,2025-07-10,2025-07-17,Delivered
213,213,2024-05-26,2024-06-02,Delivered
214,214,2024-09-08,2024-09-11,Delivered
215,215,2024-12-13,2024-12-16,Delivered
216,216,,,Cancelled
217,217,2024-04-21,2024-04-23,Delivered
218,218,2025-02-06,2025-02-11,Delivered
219,219,,,Cancelled
220,220,2025-04-04,2025-04-07,Delivered
221,221,2024-07-22,2024-07-28,Delivered
222,222,2025-07-03,2025-07-07,Returned
223,223,2025-04-23,2025-04-30,Delivered
224,224,2025-12-19,2025-12-23,Delivered
225,225,2025-12-03,2025-12-10,Delivered
226,226,2025-04-27,2025-05-01,Returned
227,227,,,Cancelled
228,228,,,Cancelled
229,229,2024-11-29,2024-12-04,Delivered
230,230,2025-05-02,2025-05-09,Delivered
231,231,2024-06-25,2024-07-02,Delivered
232,232,2025-08-13,2025-08-18,Delivered
233,233,2024-04-21,2024-04-24,Delivered
234,234,2024-11-07,2024-11-11,Delivered
235,235,2025-03-02,2025-03-09,Delivered
236,236,2024-06-13,2024-06-18,Delivered
237,237,2024-08-03,2024-08-07,Delivered
238,238,2025-03-23,2025-03-27,Delivered
239,239,2025-12-14,2025-12-20,Delivered
240,240,2024-03-21,2024-03-25,Returned
241,241,2025-05-16,2025-05-20,Delivered
242,242,2024-11-30,2024-12-02,Delivered
243,243,2024-06-30,2024-07-05,Returned
244,244,2025-09-05,2025-09-08,Delivered
245,245,2025-01-25,2025-01-30,Delivered
246,246,2024-03-06,2024-03-11,Delivered
247,247,2025-08-20,2025-08-25,Delivered
248,248,2024-05-31,2024-06-06,Delivered
249,249,2024-10-27,2024-10-29,Delivered
250,250,2024-07-22,2024-07-29,Delivered
251,251,2024-11-05,2024-11-11,Delivered
252,252,2024-11-08,2024-11-13,Delivered
253,253,2024-12-20,2024-12-22,Delivered
254,254,,,Cancelled
255,255,2024-10-31,2024-11-03,Delivered
256,256,2024-02-25,2024-03-02,Delivered
257,257,,,Cancelled
258,258,2024-02-03,2024-02-06,Delivered
259,259,2025-02-10,2025-02-14,Delivered
260,260,2025-02-21,2025-03-02,Delivered
261,261,2025-11-11,2025-11-16,Delivered
262,262,,,Cancelled
263,263,2025-03-04,2025-03-08,Delivered
264,264,2025-11-20,2025-11-27,Delivered
265,265,2025-10-28,2025-10-31,Delivered
266,266,2025-05-14,2025-05-20,Delivered
267,267,2024-03-30,2024-04-06,Delivered
268,268,2025-04-12,2025-04-21,Delivered
269,269,2025-10-02,2025-10-07,Delivered
270,270,2025-07-22,2025-07-26,Delivered
271,271,2024-07-11,2024-07-17,Delivered
272,272,2025-05-26,2025-05-31,Delivered
273,273,2024-10-04,2024-10-08,Returned
274,274,2025-01-13,2025-01-20,Returned
275,275,2025-05-12,2025-05-15,Delivered
276,276,2025-05-09,2025-05-12,Delivered
277,277,2025-06-25,2025-07-04,Delivered
278,278,2025-06-21,2025-06-25,Delivered
279,279,2025-10-08,2025-10-15,Delivered
280,280,2024-03-23,2024-03-27,Delivered
281,281,2025-08-17,2025-08-21,Delivered
282,282,2024-12-18,2024-12-21,Delivered
283,283,,,Cancelled
284,284,2024-12-08,2024-12-15,Delivered
285,285,2024-10-29,2024-11-01,Delivered
286,286,2025-09-06,2025-09-15,Delivered
287,287,2025-08-03,2025-08-09,Delivered
288,288,2025-08-18,2025-08-27,Delivered
289,289,2024-10-28,2024-10-30,Delivered
290,290,2025-05-12,2025-05-14,Delivered
291,291,2024-10-13,2024-10-16,Delivered
292,292,2024-10-11,2024-10-14,Delivered
293,293,,,Cancelled
294,294,2024-06-04,2024-06-11,Delivered
295,295,2024-07-01,2024-07-07,Delivered
296,296,2025-05-13,2025-05-18,Delivered
297,297,2024-02-05,2024-02-10,Returned
298,298,2024-05-29,2024-06-03,Returned
299,299,2025-05-23,2025-05-28,Delivered
300,300,2025-11-08,2025-11-17,Delivered
301,301,2024-08-04,2024-08-08,Delivered
302,302,2024-02-26,2024-02-29,Delivered
303,303,2024-04-29,2024-05-02,Delivered
304,304,2025-05-05,2025-05-10,Delivered
305,305,2025-06-30,2025-07-03,Delivered
306,306,2025-02-06,2025-02-11,Delivered
307,307,2025-03-23,2025-03-25,Delivered
308,308,2025-04-07,2025-04-10,Delivered
309,309,2025-06-27,2025-07-02,Returned
310,310,2025-07-01,2025-07-06,Delivered
311,311,,,Cancelled
312,312,2024-10-09,2024-10-13,Delivered
313,313,2024-04-11,2024-04-15,Delivered
314,314,2025-04-20,2025-04-24,Delivered
315,315,2025-11-20,2025-11-24,Delivered
316,316,2024-12-13,2024-12-17,Delivered
317,317,2024-11-18,2024-11-25,Delivered
318,318,2024-03-11,2024-03-14,Delivered
319,319,2024-04-17,2024-04-22,Delivered
320,320,2024-10-20,2024-10-23,Delivered
321,321,2025-09-27,2025-10-02,Delivered
322,322,2025-11-05,2025-11-11,Returned
323,323,2024-05-06,2024-05-10,Returned
324,324,2025-09-13,2025-09-16,Delivered
325,325,2025-10-27,2025-11-02,Delivered
326,326,2024-04-25,2024-04-29,Delivered
327,327,2025-04-25,2025-04-28,Returned
328,328,2025-04-11,2025-04-14,Delivered
329,329,2025-11-15,2025-11-19,Delivered
330,330,2024-03-17,2024-03-21,Delivered
331,331,2025-02-04,2025-02-13,Returned
332,332,2024-10-01,2024-10-06,Delivered
333,333,2024-07-27,2024-08-01,Delivered
334,334,2025-05-19,2025-05-24,Delivered
335,335,2025-03-20,2025-03-24,Delivered
336,336,2025-03-29,2025-04-01,Delivered
337,337,2024-03-18,2024-03-22,Delivered
338,338,,,Cancelled
339,339,2025-10-31,2025-11-03,Delivered
340,340,2025-11-12,2025-11-16,Delivered
341,341,2024-12-04,2024-12-11,Delivered
342,342,2025-12-26,2025-12-31,Delivered
343,343,2024-03-14,2024-03-21,Delivered
344,344,2025-12-09,2025-12-14,Delivered
345,345,2025-01-03,2025-01-09,Delivered
346,346,2024-02-27,2024-03-03,Returned
347,347,2024-04-05,2024-04-09,Delivered
348,348,,,Cancelled
349,349,2024-10-25,2024-10-28,Delivered
350,350,2024-02-11,2024-02-13,Delivered
351,351,,,Cancelled
352,352,2025-12-08,2025-12-17,Delivered
353,353,2025-10-11,2025-10-17,Delivered
354,354,2024-02-08,2024-02-13,Delivered
355,355,2024-09-03,2024-09-05,Delivered
356,356,2025-07-09,2025-07-12,Delivered
357,357,2025-04-06,2025-04-10,Delivered
358,358,2024-12-14,2024-12-17,Delivered
359,359,2024-08-07,2024-08-14,Delivered
360,360,2025-11-26,2025-11-29,Delivered
361,361,2024-08-29,2024-09-01,Delivered
362,362,2025-05-18,2025-05-21,Delivered
363,363,2025-09-26,2025-10-02,Delivered
364,364,2024-05-15,2024-05-17,Delivered
365,365,2024-11-12,2024-11-17,Delivered
366,366,2025-08-31,2025-09-09,Delivered
367,367,2024-04-27,2024-04-30,Delivered
368,368,2024-08-14,2024-08-18,Delivered
369,369,2024-12-14,2024-12-20,Delivered
370,370,2024-05-04,2024-05-11,Delivered
371,371,2024-11-28,2024-12-03,Delivered
372,372,2024-06-27,2024-06-30,Delivered
373,373,2024-05-27,2024-05-30,Delivered
374,374,2025-07-22,2025-07-24,Delivered
375,375,2025-08-21,2025-08-25,Delivered
376,376,2025-10-12,2025-10-17,Delivered
377,377,2024-01-18,2024-01-20,Delivered
378,378,2024-07-04,2024-07-08,Delivered
379,379,2024-10-18,2024-10-21,Delivered
380,380,2025-05-05,2025-05-09,Delivered
381,381,2025-10-19,2025-10-22,Delivered
382,382,2024-09-03,2024-09-06,Delivered
383,383,2025-09-05,2025-09-08,Delivered
384,384,,,Cancelled
385,385,2024-12-24,2024-12-26,Delivered
386,386,2024-07-17,2024-07-20,Returned
387,387,,,Cancelled
388,388,2025-06-05,2025-06-09,Delivered
389,389,2025-11-07,2025-11-11,Delivered
390,390,2024-04-27,2024-05-02,Delivered
391,391,2025-05-02,2025-05-08,Delivered
392,392,2024-02-16,2024-02-22,Delivered
393,393,2024-08-03,2024-08-09,Delivered
394,394,2025-04-10,2025-04-15,Delivered
395,395,2025-07-07,2025-07-09,Delivered
396,396,2025-05-12,2025-05-18,Delivered
397,397,2024-08-29,2024-09-04,Delivered
398,398,2024-12-02,2024-12-05,Delivered
399,399,2024-12-01,2024-12-05,Delivered
400,400,2024-08-24,2024-08-30,Delivered
401,401,,,Cancelled
402,402,2025-04-30,2025-05-03,Delivered
403,403,2025-03-23,2025-03-28,Delivered
404,404,2025-04-13,2025-04-15,Delivered
405,405,2025-04-14,2025-04-20,Delivered
406,406,2024-10-04,2024-10-06,Delivered
407,407,2025-12-11,2025-12-13,Delivered
408,408,2024-04-24,2024-04-30,Delivered
409,409,,,Cancelled
410,410,2024-06-11,2024-06-14,Returned
411,411,2024-06-25,2024-06-30,Returned
412,412,2024-08-26,2024-09-04,Delivered
413,413,2025-05-18,2025-05-21,Delivered
414,414,2025-04-21,2025-04-23,Delivered
415,415,2024-09-11,2024-09-20,Delivered
416,416,2024-08-18,2024-08-21,Returned
417,417,2025-08-11,2025-08-16,Delivered
418,418,2024-02-13,2024-02-17,Delivered
419,419,2024-02-05,2024-02-09,Delivered
420,420,2025-12-16,2025-12-20,Delivered
421,421,2024-03-27,2024-03-31,Delivered
422,422,2025-02-22,2025-02-27,Delivered
423,423,2024-09-02,2024-09-06,Returned
424,424,2025-05-09,2025-05-14,Delivered
425,425,2025-04-17,2025-04-24,Delivered
426,426,2025-04-13,2025-04-19,Delivered
427,427,2025-12-23,2026-01-01,Delivered
428,428,2025-01-17,2025-01-19,Delivered
429,429,2024-01-05,2024-01-08,Delivered
430,430,2025-12-11,2025-12-14,Delivered
431,431,2025-03-14,2025-03-19,Delivered
432,432,2025-07-11,2025-07-16,Delivered
433,433,2025-12-04,2025-12-13,Delivered
434,434,2024-02-27,2024-03-03,Returned
435,435,2025-01-10,2025-01-15,Delivered
436,436,2025-04-23,2025-04-26,Delivered
437,437,2024-06-29,2024-07-08,Delivered
438,438,2025-07-31,2025-08-02,Delivered
439,439,2024-12-11,2024-12-14,Delivered
440,440,2025-05-05,2025-05-08,Returned
441,441,2025-12-23,2025-12-25,Delivered
442,442,2024-08-20,2024-08-26,Delivered
443,443,2025-05-31,2025-06-04,Delivered
444,444,2024-03-06,2024-03-12,Delivered
445,445,,,Cancelled
446,446,2025-12-29,2026-01-03,Delivered
447,447,2024-10-27,2024-10-30,Delivered
448,448,2025-11-22,2025-11-26,Delivered
449,449,,,Cancelled
450,450,2024-04-02,2024-04-06,Delivered
451,451,2024-10-25,2024-10-30,Delivered
452,452,2024-04-25,2024-05-01,Delivered
453,453,2024-07-31,2024-08-04,Returned
454,454,2024-10-29,2024-11-03,Returned
455,455,2024-05-16,2024-05-22,Delivered
456,456,2025-10-23,2025-10-28,Delivered
457,457,,,Cancelled
458,458,2025-10-24,2025-10-28,Delivered
459,459,2025-11-05,2025-11-10,Delivered
460,460,2025-08-31,2025-09-03,Delivered
461,461,2025-07-16,2025-07-18,Delivered
462,462,2024-05-16,2024-05-21,Delivered
463,463,2024-08-21,2024-08-26,Delivered
464,464,2024-02-19,2024-02-24,Delivered
465,465,2024-06-20,2024-06-22,Returned
466,466,2025-07-04,2025-07-10,Delivered
467,467,,,Cancelled
468,468,2024-06-07,2024-06-11,Delivered
469,469,2024-11-22,2024-11-27,Delivered
470,470,2025-01-14,2025-01-18,Delivered
471,471,2024-02-08,2024-02-12,Delivered
472,472,2024-06-03,2024-06-06,Delivered
473,473,2024-06-17,2024-06-21,Delivered
474,474,2024-01-29,2024-02-02,Returned
475,475,2024-05-29,2024-06-04,Returned
476,476,2024-01-06,2024-01-13,Delivered
477,477,2024-12-08,2024-12-12,Delivered
478,478,2024-10-26,2024-10-30,Delivered
479,479,,,Cancelled
480,480,2024-12-15,2024-12-22,Delivered
481,481,2024-02-12,2024-02-16,Delivered
482,482,2024-11-14,2024-11-18,Delivered
483,483,2024-08-15,2024-08-20,Delivered
484,484,2024-02-27,2024-03-04,Delivered
485,485,2025-06-25,2025-07-02,Delivered
486,486,2024-10-12,2024-10-16,Delivered
487,487,2025-04-03,2025-04-06,Delivered
488,488,2025-06-10,2025-06-14,Delivered
489,489,2025-09-11,2025-09-14,Delivered
490,490,2025-11-14,2025-11-20,Delivered
491,491,2025-03-15,2025-03-21,Delivered
492,492,2024-10-21,2024-10-30,Delivered
493,493,2025-07-29,2025-07-31,Delivered
494,494,2025-04-02,2025-04-04,Returned
495,495,2025-03-30,2025-04-08,Delivered
496,496,,,Cancelled
497,497,2025-08-26,2025-08-31,Delivered
498,498,2024-11-08,2024-11-17,Returned
499,499,2024-12-11,2024-12-16,Returned
500,500,2025-01-20,2025-01-26,Delivered
501,501,2024-10-07,2024-10-14,Delivered
502,502,2025-12-29,2025-12-31,Delivered
503,503,,,Cancelled
504,504,2025-07-22,2025-07-27,Delivered
505,505,2024-11-07,2024-11-11,Delivered
506,506,2025-04-22,2025-04-29,Delivered
507,507,2024-06-07,2024-06-13,Delivered
508,508,2025-10-14,2025-10-16,Delivered
509,509,2024-10-24,2024-10-30,Delivered
510,510,2025-12-08,2025-12-13,Delivered
511,511,2024-10-12,2024-10-16,Returned
512,512,2025-09-07,2025-09-12,Delivered
513,513,,,Cancelled
514,514,2025-12-06,2025-12-08,Returned
515,515,2024-05-04,2024-05-08,Delivered
516,516,2024-01-20,2024-01-25,Delivered
517,517,2024-05-30,2024-06-05,Delivered
518,518,2024-05-19,2024-05-25,Delivered
519,519,2025-01-06,2025-01-10,Delivered
520,520,2025-01-01,2025-01-05,Delivered
521,521,2025-10-19,2025-10-22,Delivered
522,522,2025-10-08,2025-10-12,Delivered
523,523,2024-06-22,2024-06-26,Delivered
524,524,2025-12-04,2025-12-06,Delivered
525,525,2025-12-07,2025-12-13,Delivered
526,526,2024-12-27,2025-01-05,Delivered
527,527,2024-10-16,2024-10-19,Delivered
528,528,2024-12-16,2024-12-18,Delivered
529,529,,,Cancelled
530,530,2025-07-29,2025-08-03,Delivered
531,531,2025-06-23,2025-06-28,Delivered
532,532,2024-04-29,2024-05-03,Delivered
533,533,2024-05-02,2024-05-05,Returned
534,534,2024-12-24,2024-12-29,Delivered
535,535,2025-03-30,2025-04-04,Delivered
536,536,2024-12-17,2024-12-23,Delivered
537,537,2024-05-03,2024-05-06,Delivered
538,538,2024-05-28,2024-06-04,Delivered
539,539,2024-08-03,2024-08-07,Returned
540,540,2025-12-10,2025-12-12,Delivered
541,541,2025-05-11,2025-05-16,Delivered
542,542,2024-02-04,2024-02-07,Delivered
543,543,,,Cancelled
544,544,2024-03-11,2024-03-17,Delivered
545,545,2024-04-11,2024-04-16,Returned
546,546,2025-08-27,2025-08-29,Delivered
547,547,2024-02-02,2024-02-06,Delivered
548,548,2024-10-14,2024-10-18,Delivered
549,549,2025-05-30,2025-06-04,Delivered
550,550,2025-08-09,2025-08-14,Delivered
551,551,2024-01-16,2024-01-22,Delivered
552,552,,,Cancelled
553,553,2024-01-07,2024-01-10,Delivered
554,554,2025-06-01,2025-06-04,Delivered
555,555,2025-08-29,2025-09-05,Delivered
556,556,,,Cancelled
557,557,2025-03-12,2025-03-16,Delivered
558,558,2024-04-26,2024-04-29,Delivered
559,559,2025-06-17,2025-06-22,Delivered
560,560,2025-12-23,2025-12-25,Delivered
561,561,2024-03-26,2024-03-29,Delivered
562,562,2024-10-20,2024-10-24,Delivered
563,563,2025-12-05,2025-12-07,Delivered
564,564,2024-10-25,2024-10-28,Delivered
565,565,2025-05-03,2025-05-06,Delivered
566,566,2025-11-23,2025-11-27,Delivered
567,567,2025-03-26,2025-04-01,Delivered
568,568,2024-05-05,2024-05-10,Delivered
569,569,2025-08-28,2025-08-31,Delivered
570,570,2024-06-23,2024-06-25,Delivered
571,571,2024-12-14,2024-12-18,Delivered
572,572,,,Cancelled
573,573,2025-05-29,2025-05-31,Delivered
574,574,2025-08-20,2025-08-24,Delivered
575,575,2025-10-23,2025-10-25,Delivered
576,576,2025-09-12,2025-09-18,Returned
577,577,2024-10-15,2024-10-17,Delivered
578,578,2024-05-07,2024-05-12,Delivered
579,579,2025-10-06,2025-10-11,Delivered
580,580,2024-02-26,2024-03-02,Delivered
581,581,2024-07-05,2024-07-07,Delivered
582,582,2024-06-07,2024-06-10,Delivered
583,583,2024-03-22,2024-03-28,Delivered
584,584,2025-05-22,2025-05-28,Delivered
585,585,2025-05-25,2025-05-29,Delivered
586,586,2024-12-18,2024-12-24,Delivered
587,587,,,Cancelled
588,588,2025-01-29,2025-02-05,Delivered
589,589,2025-04-01,2025-04-07,Delivered
590,590,,,Cancelled
591,591,2025-12-25,2025-12-29,Delivered
592,592,2024-11-17,2024-11-22,Delivered
593,593,2024-04-24,2024-04-26,Delivered
594,594,2025-07-24,2025-07-27,Delivered
595,595,,,Cancelled
596,596,2024-02-29,2024-03-05,Delivered
597,597,2025-01-23,2025-01-30,Delivered
598,598,2024-10-20,2024-10-27,Delivered
599,599,,,Cancelled
600,600,2025-08-22,2025-08-26,Delivered
601,601,2024-12-18,2024-12-22,Delivered
602,602,2025-01-03,2025-01-08,Delivered
603,603,2024-09-09,2024-09-16,Delivered
604,604,,,Cancelled
605,605,2024-11-09,2024-11-14,Delivered
606,606,2025-07-08,2025-07-10,Delivered
607,607,2025-03-10,2025-03-15,Delivered
608,608,2024-10-03,2024-10-08,Delivered
609,609,2024-01-26,2024-01-30,Delivered
610,610,2024-11-27,2024-12-02,Delivered
611,611,2024-04-14,2024-04-16,Delivered
612,612,2025-05-24,2025-05-27,Delivered
613,613,2024-12-14,2024-12-20,Delivered
614,614,2025-03-24,2025-03-26,Delivered
615,615,2024-03-19,2024-03-25,Delivered
616,616,2024-02-20,2024-02-24,Returned
617,617,2024-08-21,2024-08-23,Delivered
618,618,2025-08-17,2025-08-20,Delivered
619,619,2024-03-11,2024-03-17,Delivered
620,620,2025-03-16,2025-03-18,Delivered
621,621,2025-11-01,2025-11-10,Delivered
622,622,2025-03-22,2025-03-29,Delivered
623,623,2025-03-03,2025-03-07,Delivered
624,624,2025-04-11,2025-04-15,Delivered
625,625,2024-01-23,2024-01-28,Delivered
626,626,2024-07-11,2024-07-14,Delivered
627,627,2025-04-26,2025-04-29,Returned
628,628,2025-09-24,2025-09-27,Returned
629,629,2025-10-05,2025-10-07,Delivered
630,630,2025-04-20,2025-04-26,Delivered
631,631,,,Cancelled
632,632,2024-11-23,2024-11-26,Delivered
633,633,,,Cancelled
634,634,2024-06-14,2024-06-16,Delivered
635,635,2025-02-20,2025-02-23,Delivered
636,636,2024-02-01,2024-02-07,Delivered
637,637,2025-04-23,2025-04-29,Delivered
638,638,,,Cancelled
639,639,2024-06-13,2024-06-18,Delivered
640,640,2024-10-14,2024-10-17,Delivered
641,641,2024-02-16,2024-02-22,Delivered
642,642,2024-02-27,2024-03-05,Delivered
643,643,,,Cancelled
644,644,2025-11-06,2025-11-08,Delivered
645,645,2024-05-25,2024-05-28,Delivered
646,646,2025-05-29,2025-06-02,Delivered
647,647,2025-08-20,2025-08-25,Delivered
648,648,2024-04-04,2024-04-10,Delivered
649,649,,,Cancelled
650,650,2025-02-04,2025-02-07,Delivered
651,651,2025-03-12,2025-03-15,Delivered
652,652,2024-08-08,2024-08-11,Delivered
653,653,2025-08-29,2025-09-03,Delivered
654,654,2025-12-18,2025-12-21,Delivered
655,655,2025-05-03,2025-05-09,Delivered
656,656,2024-05-30,2024-06-03,Delivered
657,657,2024-11-14,2024-11-17,Delivered
658,658,,,Cancelled
659,659,,,Cancelled
660,660,2024-09-03,2024-09-12,Delivered
661,661,2025-10-17,2025-10-23,Delivered
662,662,2025-12-05,2025-12-12,Delivered
663,663,2025-03-30,2025-04-05,Delivered
664,664,2025-02-09,2025-02-13,Delivered
665,665,2024-09-01,2024-09-05,Delivered
666,666,2024-06-15,2024-06-18,Delivered
667,667,2025-10-23,2025-10-29,Delivered
668,668,2024-03-26,2024-03-29,Delivered
669,669,2024-12-08,2024-12-13,Delivered
670,670,2024-04-13,2024-04-18,Delivered
671,671,2024-03-09,2024-03-14,Delivered
672,672,2025-07-17,2025-07-22,Delivered
673,673,2024-02-01,2024-02-08,Delivered
674,674,2025-10-10,2025-10-15,Delivered
675,675,2024-01-07,2024-01-13,Delivered
676,676,2024-11-19,2024-11-23,Delivered
677,677,2024-09-14,2024-09-16,Delivered
678,678,,,Cancelled
679,679,2025-02-25,2025-03-02,Delivered
680,680,2024-05-18,2024-05-21,Delivered
681,681,2024-12-02,2024-12-05,Delivered
682,682,2025-01-13,2025-01-17,Delivered
683,683,2025-08-08,2025-08-12,Delivered
684,684,2025-07-28,2025-08-01,Delivered
685,685,2024-04-02,2024-04-04,Delivered
686,686,2024-06-24,2024-06-29,Delivered
687,687,2025-09-07,2025-09-10,Delivered
688,688,2025-01-12,2025-01-16,Returned
689,689,2024-01-18,2024-01-27,Delivered
690,690,2025-04-11,2025-04-15,Delivered
691,691,2026-01-01,2026-01-07,Delivered
692,692,2024-10-01,2024-10-04,Delivered
693,693,,,Cancelled
694,694,2024-08-09,2024-08-13,Delivered
695,695,2025-03-06,2025-03-11,Delivered
696,696,2024-01-31,2024-02-07,Returned
697,697,,,Cancelled
698,698,2025-08-21,2025-08-26,Delivered
699,699,2024-01-12,2024-01-16,Delivered
700,700,2025-12-12,2025-12-15,Delivered
701,701,2025-01-28,2025-01-30,Delivered
702,702,2024-09-20,2024-09-24,Delivered
703,703,2024-02-26,2024-03-02,Returned
704,704,2024-12-31,2025-01-03,Returned
705,705,2025-09-07,2025-09-09,Delivered
706,706,2024-01-07,2024-01-11,Delivered
707,707,2024-11-06,2024-11-11,Delivered
708,708,2025-07-29,2025-08-02,Delivered
709,709,2024-06-24,2024-06-29,Delivered
710,710,2025-04-25,2025-05-04,Delivered
711,711,2025-06-30,2025-07-04,Delivered
712,712,2024-11-17,2024-11-22,Returned
713,713,2024-10-15,2024-10-18,Delivered
714,714,2024-10-19,2024-10-22,Delivered
715,715,2024-09-30,2024-10-03,Delivered
716,716,2024-06-18,2024-06-21,Delivered
717,717,,,Cancelled
718,718,2025-10-15,2025-10-22,Delivered
719,719,2024-02-27,2024-03-05,Delivered
720,720,2024-09-25,2024-09-29,Delivered
721,721,2024-05-01,2024-05-08,Delivered
722,722,2025-12-29,2026-01-02,Delivered
723,723,,,Cancelled
724,724,2024-12-26,2024-12-30,Delivered
725,725,2024-07-04,2024-07-07,Delivered
726,726,,,Cancelled
727,727,2024-08-07,2024-08-11,Returned
728,728,2025-06-23,2025-06-27,Delivered
729,729,2024-03-22,2024-03-27,Delivered
730,730,2024-04-09,2024-04-14,Delivered
731,731,2025-11-29,2025-12-03,Delivered
732,732,2024-04-20,2024-04-26,Delivered
733,733,2025-04-18,2025-04-22,Delivered
734,734,2025-10-07,2025-10-11,Delivered
735,735,2024-12-06,2024-12-11,Delivered
736,736,2025-04-11,2025-04-15,Returned
737,737,2025-08-07,2025-08-11,Delivered
738,738,2025-10-24,2025-10-29,Delivered
739,739,2024-03-15,2024-03-18,Returned
740,740,2024-04-07,2024-04-10,Delivered
741,741,2025-02-14,2025-02-18,Delivered
742,742,2024-06-16,2024-06-22,Delivered
743,743,2025-10-27,2025-11-01,Delivered
744,744,2025-05-19,2025-05-21,Delivered
745,745,2024-11-15,2024-11-18,Delivered
746,746,,,Cancelled
747,747,2024-07-26,2024-07-30,Delivered
748,748,2025-05-03,2025-05-07,Delivered
749,749,2024-04-03,2024-04-08,Delivered
750,750,2024-07-11,2024-07-15,Delivered
751,751,2024-02-12,2024-02-15,Delivered
752,752,2025-11-26,2025-11-28,Delivered
753,753,2024-06-09,2024-06-14,Delivered
754,754,2025-06-23,2025-06-28,Delivered
755,755,2024-03-24,2024-03-28,Delivered
756,756,,,Cancelled
757,757,2025-03-15,2025-03-21,Delivered
758,758,2024-03-22,2024-03-26,Delivered
759,759,2025-03-14,2025-03-16,Delivered
760,760,2025-08-06,2025-08-09,Delivered
761,761,2024-03-27,2024-03-31,Delivered
762,762,2025-11-09,2025-11-13,Delivered
763,763,2025-02-09,2025-02-16,Delivered
764,764,2025-12-23,2025-12-30,Delivered
765,765,2025-04-13,2025-04-17,Delivered
766,766,2024-10-01,2024-10-06,Returned
767,767,2024-07-12,2024-07-17,Delivered
768,768,,,Cancelled
769,769,2025-03-22,2025-03-27,Delivered
770,770,2024-04-30,2024-05-09,Delivered
771,771,2025-04-18,2025-04-23,Delivered
772,772,2025-09-09,2025-09-14,Delivered
773,773,2025-09-25,2025-09-29,Delivered
774,774,2025-12-09,2025-12-13,Delivered
775,775,2024-03-31,2024-04-06,Delivered
776,776,2024-04-26,2024-04-29,Delivered
777,777,2024-01-30,2024-02-03,Delivered
778,778,2025-10-30,2025-11-04,Delivered
779,779,2025-07-07,2025-07-13,Delivered
780,780,2025-04-21,2025-04-24,Delivered
781,781,,,Cancelled
782,782,2025-12-21,2025-12-23,Returned
783,783,2024-01-22,2024-01-27,Delivered
784,784,,,Cancelled
785,785,2024-02-23,2024-02-28,Delivered
786,786,2026-01-01,2026-01-06,Returned
787,787,2025-05-25,2025-05-30,Delivered
788,788,2025-07-23,2025-07-28,Delivered
789,789,2025-05-15,2025-05-20,Delivered
790,790,2025-11-28,2025-12-02,Delivered
791,791,2025-06-27,2025-07-01,Delivered
792,792,2025-07-21,2025-07-28,Delivered
793,793,2025-03-05,2025-03-09,Delivered
794,794,2025-10-25,2025-10-31,Delivered
795,795,2024-01-23,2024-01-27,Delivered
796,796,2025-04-28,2025-05-02,Delivered
797,797,,,Cancelled
798,798,2025-09-09,2025-09-14,Delivered
799,799,2024-10-29,2024-10-31,Delivered
800,800,2025-03-05,2025-03-09,Delivered
801,801,2025-05-01,2025-05-07,Delivered
802,802,2025-12-09,2025-12-13,Delivered
803,803,2024-05-13,2024-05-18,Delivered
804,804,2025-05-20,2025-05-29,Delivered
805,805,2025-05-22,2025-05-26,Delivered
806,806,2024-02-21,2024-02-26,Delivered
807,807,2025-01-03,2025-01-08,Delivered
808,808,2025-06-02,2025-06-06,Delivered
809,809,2025-03-18,2025-03-27,Delivered
810,810,2025-07-30,2025-08-06,Delivered
811,811,2024-12-30,2025-01-03,Delivered
812,812,,,Cancelled
813,813,2025-06-12,2025-06-15,Delivered
814,814,2024-02-22,2024-02-25,Delivered
815,815,2024-04-25,2024-04-30,Delivered
816,816,2024-04-15,2024-04-18,Delivered
817,817,2024-06-21,2024-06-25,Delivered
818,818,2025-01-06,2025-01-09,Delivered
819,819,2025-03-31,2025-04-03,Delivered
820,820,2024-04-14,2024-04-16,Delivered
821,821,,,Cancelled
822,822,2025-03-04,2025-03-10,Delivered
823,823,2025-05-03,2025-05-06,Delivered
824,824,2024-03-31,2024-04-04,Delivered
825,825,2025-03-02,2025-03-06,Delivered
826,826,2024-06-07,2024-06-11,Delivered
827,827,2024-05-23,2024-05-28,Delivered
828,828,2025-04-15,2025-04-18,Delivered
829,829,2024-02-01,2024-02-04,Delivered
830,830,2025-06-16,2025-06-18,Delivered
831,831,2025-02-16,2025-02-25,Delivered
832,832,2024-02-10,2024-02-19,Returned
833,833,2025-08-14,2025-08-20,Returned
834,834,2025-11-10,2025-11-13,Returned
835,835,2025-02-17,2025-02-22,Delivered
836,836,2024-11-10,2024-11-19,Delivered
837,837,,,Cancelled
838,838,2025-06-27,2025-07-01,Returned
839,839,2025-02-19,2025-02-24,Delivered
840,840,2025-07-14,2025-07-16,Delivered
841,841,2025-03-30,2025-04-03,Delivered
842,842,2025-10-29,2025-11-04,Delivered
843,843,2024-11-06,2024-11-09,Delivered
844,844,2025-02-06,2025-02-15,Delivered
845,845,2024-05-11,2024-05-18,Returned
846,846,2024-08-09,2024-08-12,Delivered
847,847,2025-06-19,2025-06-23,Delivered
848,848,,,Cancelled
849,849,2025-08-31,2025-09-03,Delivered
850,850,2024-11-10,2024-11-13,Delivered
851,851,2024-04-24,2024-04-29,Delivered
852,852,2024-09-24,2024-10-01,Delivered
853,853,2024-02-20,2024-02-26,Returned
854,854,2024-11-04,2024-11-07,Delivered
855,855,2024-12-16,2024-12-20,Delivered
856,856,,,Cancelled
857,857,,,Cancelled
858,858,2024-12-27,2025-01-01,Delivered
859,859,2025-08-12,2025-08-14,Delivered
860,860,2025-06-18,2025-06-25,Delivered
861,861,2025-06-13,2025-06-18,Delivered
862,862,2025-01-06,2025-01-10,Delivered
863,863,2025-03-12,2025-03-18,Delivered
864,864,2025-03-12,2025-03-19,Delivered
865,865,2024-03-22,2024-03-25,Delivered
866,866,2025-08-28,2025-09-06,Delivered
867,867,2024-09-30,2024-10-07,Delivered
868,868,2025-03-29,2025-04-03,Returned
869,869,2025-03-04,2025-03-07,Delivered
870,870,2025-05-13,2025-05-16,Delivered
871,871,,,Cancelled
872,872,2025-12-14,2025-12-18,Delivered
873,873,2024-06-10,2024-06-12,Delivered
874,874,,,Cancelled
875,875,2024-05-06,2024-05-10,Delivered
876,876,2025-06-21,2025-06-27,Delivered
877,877,2025-01-21,2025-01-28,Delivered
878,878,2024-05-29,2024-06-05,Delivered
879,879,,,Cancelled
880,880,2024-07-08,2024-07-12,Delivered
881,881,2025-07-15,2025-07-20,Delivered
882,882,2025-03-04,2025-03-09,Delivered
883,883,2025-04-09,2025-04-14,Delivered
884,884,2025-09-13,2025-09-16,Delivered
885,885,2025-10-14,2025-10-23,Delivered
886,886,,,Cancelled
887,887,2024-04-02,2024-04-06,Delivered
888,888,,,Cancelled
889,889,2025-07-08,2025-07-17,Returned
890,890,2025-04-01,2025-04-06,Delivered
891,891,2024-06-20,2024-06-22,Delivered
892,892,2025-12-27,2025-12-31,Delivered
893,893,2025-10-22,2025-10-26,Delivered
894,894,2025-09-26,2025-10-01,Delivered
895,895,2025-08-09,2025-08-13,Delivered
896,896,2025-05-30,2025-06-03,Delivered
897,897,2025-06-29,2025-07-05,Returned
898,898,,,Cancelled
899,899,2025-08-18,2025-08-22,Delivered
900,900,2025-09-15,2025-09-17,Delivered
901,901,2025-05-19,2025-05-25,Delivered
902,902,,,Cancelled
903,903,2025-01-27,2025-01-30,Delivered
904,904,2025-07-11,2025-07-15,Delivered
905,905,2024-09-20,2024-09-23,Delivered
906,906,2025-02-23,2025-02-27,Delivered
907,907,2024-12-01,2024-12-04,Delivered
908,908,2024-11-03,2024-11-07,Delivered
909,909,2025-02-28,2025-03-07,Delivered
910,910,2024-05-05,2024-05-09,Delivered
911,911,2025-09-06,2025-09-09,Delivered
912,912,2025-06-01,2025-06-07,Returned
913,913,2024-03-04,2024-03-07,Delivered
914,914,2024-03-09,2024-03-13,Delivered
915,915,2024-08-30,2024-09-05,Delivered
916,916,2025-08-25,2025-08-28,Delivered
917,917,2025-07-25,2025-07-29,Delivered
918,918,2025-08-06,2025-08-09,Delivered
919,919,2025-10-16,2025-10-20,Delivered
920,920,2024-05-27,2024-05-31,Delivered
921,921,2024-09-09,2024-09-14,Returned
922,922,2025-07-25,2025-07-28,Delivered
923,923,2025-04-22,2025-04-27,Delivered
924,924,2024-06-23,2024-06-27,Delivered
925,925,2025-05-09,2025-05-12,Delivered
926,926,2025-11-28,2025-11-30,Returned
927,927,2025-10-10,2025-10-15,Delivered
928,928,2024-10-16,2024-10-19,Delivered
929,929,2025-08-01,2025-08-08,Delivered
930,930,,,Cancelled
931,931,,,Cancelled
932,932,2025-09-20,2025-09-25,Returned
933,933,2025-11-30,2025-12-05,Delivered
934,934,2025-12-26,2025-12-31,Delivered
935,935,2024-11-26,2024-11-30,Delivered
936,936,2025-09-06,2025-09-09,Delivered
937,937,2024-05-17,2024-05-24,Returned
938,938,,,Cancelled
939,939,2024-06-28,2024-07-02,Delivered
940,940,2025-12-24,2025-12-28,Delivered
941,941,2024-03-25,2024-03-29,Delivered
942,942,2024-02-04,2024-02-09,Delivered
943,943,,,Cancelled
944,944,,,Cancelled
945,945,2025-12-17,2025-12-26,Delivered
946,946,2024-07-19,2024-07-25,Delivered
947,947,2024-01-22,2024-01-28,Delivered
948,948,2025-01-03,2025-01-06,Delivered
949,949,2025-10-05,2025-10-11,Delivered
950,950,2024-08-29,2024-09-03,Returned
951,951,,,Cancelled
952,952,2025-09-14,2025-09-18,Delivered
953,953,2025-10-18,2025-10-27,Delivered
954,954,2025-08-06,2025-08-09,Delivered
955,955,2024-07-18,2024-07-22,Delivered
956,956,2025-12-02,2025-12-11,Delivered
957,957,2025-08-28,2025-09-03,Delivered
958,958,,,Cancelled
959,959,2025-06-20,2025-06-23,Delivered
960,960,2025-11-26,2025-11-29,Returned
961,961,2025-11-26,2025-11-30,Delivered
962,962,2025-07-29,2025-08-02,Delivered
963,963,2025-10-21,2025-10-27,Returned
964,964,,,Cancelled
965,965,2024-10-08,2024-10-13,Delivered
966,966,2025-05-24,2025-06-02,Delivered
967,967,2024-08-20,2024-08-23,Delivered
968,968,2025-07-02,2025-07-05,Delivered
969,969,2024-07-19,2024-07-25,Delivered
970,970,2024-01-29,2024-01-31,Delivered
971,971,,,Cancelled
972,972,2024-06-19,2024-06-24,Delivered
973,973,2025-10-04,2025-10-08,Delivered
974,974,2024-01-27,2024-01-30,Delivered
975,975,2024-12-09,2024-12-14,Delivered
976,976,,,Cancelled
977,977,2024-12-10,2024-12-16,Delivered
978,978,2024-03-17,2024-03-19,Delivered
979,979,2024-04-08,2024-04-12,Delivered
980,980,,,Cancelled
981,981,2024-11-17,2024-11-22,Delivered
982,982,2024-03-06,2024-03-10,Delivered
983,983,2025-10-04,2025-10-09,Delivered
984,984,2024-02-28,2024-03-02,Delivered
985,985,2025-01-27,2025-02-02,Delivered
986,986,,,Cancelled
987,987,2025-11-09,2025-11-18,Delivered
988,988,,,Cancelled
989,989,2024-04-16,2024-04-18,Delivered
990,990,2024-01-28,2024-02-01,Delivered
991,991,2024-07-18,2024-07-25,Delivered
992,992,2026-01-03,2026-01-08,Delivered
993,993,2024-07-20,2024-07-29,Delivered
994,994,2024-09-20,2024-09-24,Delivered
995,995,2025-09-30,2025-10-06,Delivered
996,996,2024-02-18,2024-02-23,Delivered
997,997,2025-03-23,2025-03-28,Returned
998,998,2025-01-04,2025-01-09,Delivered
999,999,2024-06-01,2024-06-07,Delivered
1000,1000,2024-12-20,2024-12-25,Delivered
1001,1001,2025-06-16,2025-06-19,Delivered
1002,1002,2024-03-02,2024-03-11,Delivered
1003,1003,2025-07-27,2025-07-31,Delivered
1004,1004,,,Cancelled
1005,1005,2024-03-12,2024-03-15,Delivered
1006,1006,2025-12-14,2025-12-20,Returned
1007,1007,,,Cancelled
1008,1008,2024-12-10,2024-12-12,Delivered
1009,1009,2024-06-16,2024-06-22,Delivered
1010,1010,2024-02-16,2024-02-20,Delivered
1011,1011,2025-10-19,2025-10-21,Delivered
1012,1012,2025-10-01,2025-10-03,Delivered
1013,1013,2024-12-06,2024-12-09,Delivered
1014,1014,2024-07-08,2024-07-12,Delivered
1015,1015,2025-01-02,2025-01-07,Delivered
1016,1016,2024-10-25,2024-10-29,Delivered
1017,1017,2025-01-04,2025-01-09,Returned
1018,1018,2024-07-23,2024-07-27,Delivered
1019,1019,2024-09-26,2024-09-30,Delivered
1020,1020,2025-07-24,2025-07-26,Delivered
1021,1021,,,Cancelled
1022,1022,2025-11-26,2025-11-30,Delivered
1023,1023,2024-04-25,2024-04-28,Returned
1024,1024,2025-04-13,2025-04-19,Delivered
1025,1025,2025-11-09,2025-11-13,Returned
1026,1026,,,Cancelled
1027,1027,,,Cancelled
1028,1028,2024-07-16,2024-07-19,Delivered
1029,1029,2025-01-20,2025-01-26,Delivered
1030,1030,2024-09-10,2024-09-15,Delivered
1031,1031,2024-07-13,2024-07-19,Delivered
1032,1032,2024-12-03,2024-12-06,Delivered
1033,1033,,,Cancelled
1034,1034,2025-08-22,2025-08-28,Delivered
1035,1035,2025-04-28,2025-05-02,Delivered
1036,1036,2025-06-07,2025-06-11,Delivered
1037,1037,2025-06-08,2025-06-13,Delivered
1038,1038,2024-07-05,2024-07-09,Delivered
1039,1039,2025-12-15,2025-12-19,Delivered
1040,1040,2025-05-01,2025-05-04,Delivered
1041,1041,2025-08-21,2025-08-24,Delivered
1042,1042,,,Cancelled
1043,1043,2024-08-12,2024-08-15,Delivered
1044,1044,2025-08-10,2025-08-12,Returned
1045,1045,2024-09-20,2024-09-24,Delivered
1046,1046,2024-03-29,2024-03-31,Delivered
1047,1047,2024-08-24,2024-08-27,Delivered
1048,1048,2025-09-30,2025-10-06,Delivered
1049,1049,2025-03-19,2025-03-26,Delivered
1050,1050,2024-11-23,2024-11-28,Delivered
1051,1051,2025-03-29,2025-04-04,Delivered
1052,1052,2025-01-04,2025-01-11,Delivered
1053,1053,2025-06-12,2025-06-21,Delivered
1054,1054,2024-10-12,2024-10-17,Delivered
1055,1055,2025-01-05,2025-01-11,Delivered
1056,1056,2024-07-23,2024-07-28,Delivered
1057,1057,2025-12-02,2025-12-09,Delivered
1058,1058,2024-05-23,2024-05-27,Delivered
1059,1059,2024-09-26,2024-09-30,Delivered
1060,1060,2024-12-23,2024-12-30,Returned
1061,1061,2025-08-19,2025-08-24,Delivered
1062,1062,,,Cancelled
1063,1063,2024-08-22,2024-08-27,Delivered
1064,1064,2024-08-28,2024-08-31,Delivered
1065,1065,2025-04-27,2025-05-01,Delivered
1066,1066,,,Cancelled
1067,1067,2025-12-16,2025-12-18,Delivered
1068,1068,2025-07-26,2025-08-01,Delivered
1069,1069,2024-05-12,2024-05-15,Returned
1070,1070,,,Cancelled
1071,1071,2024-08-20,2024-08-23,Delivered
1072,1072,2025-02-19,2025-02-23,Delivered
1073,1073,2025-08-26,2025-08-31,Delivered
1074,1074,2024-05-23,2024-05-29,Returned
1075,1075,2025-08-05,2025-08-09,Delivered
1076,1076,,,Cancelled
1077,1077,2024-07-29,2024-08-01,Delivered
1078,1078,2024-07-12,2024-07-15,Delivered
1079,1079,,,Cancelled
1080,1080,2024-06-27,2024-07-04,Delivered
1081,1081,2024-02-05,2024-02-09,Delivered
1082,1082,2024-07-11,2024-07-14,Delivered
1083,1083,2025-02-01,2025-02-07,Delivered
1084,1084,2025-11-07,2025-11-12,Delivered
1085,1085,2025-01-13,2025-01-20,Delivered
1086,1086,2025-02-25,2025-03-02,Delivered
1087,1087,2024-05-14,2024-05-18,Delivered
1088,1088,2024-03-12,2024-03-16,Returned
1089,1089,,,Cancelled
1090,1090,2025-03-19,2025-03-23,Delivered
1091,1091,2025-09-12,2025-09-16,Returned
1092,1092,2024-07-29,2024-08-07,Delivered
1093,1093,2024-10-11,2024-10-13,Delivered
1094,1094,,,Cancelled
1095,1095,2024-09-12,2024-09-17,Delivered
1096,1096,2025-05-18,2025-05-20,Delivered
1097,1097,2024-04-05,2024-04-10,Delivered
1098,1098,2025-04-13,2025-04-17,Delivered
1099,1099,2024-11-02,2024-11-05,Delivered
1100,1100,2024-07-01,2024-07-04,Delivered
1101,1101,2025-09-27,2025-10-03,Delivered
1102,1102,2025-11-08,2025-11-11,Delivered
1103,1103,2025-02-07,2025-02-16,Returned
1104,1104,,,Cancelled
1105,1105,,,Cancelled
1106,1106,2024-08-13,2024-08-18,Delivered
1107,1107,2025-07-21,2025-07-24,Returned
1108,1108,2024-04-18,2024-04-22,Delivered
1109,1109,2025-02-26,2025-03-03,Delivered
1110,1110,2025-06-04,2025-06-13,Delivered
1111,1111,2025-10-17,2025-10-19,Delivered
1112,1112,2025-01-27,2025-02-05,Delivered
1113,1113,2024-07-20,2024-07-25,Delivered
1114,1114,,,Cancelled
1115,1115,2025-11-20,2025-11-24,Delivered
1116,1116,2024-03-13,2024-03-15,Delivered
1117,1117,2026-01-02,2026-01-06,Delivered
1118,1118,2024-10-14,2024-10-18,Delivered
1119,1119,2025-09-14,2025-09-21,Delivered
1120,1120,2025-07-02,2025-07-05,Delivered
1121,1121,2025-11-19,2025-11-24,Delivered
1122,1122,2025-03-30,2025-04-02,Delivered
1123,1123,2024-02-06,2024-02-10,Delivered
1124,1124,,,Cancelled
1125,1125,2025-06-22,2025-06-27,Delivered
1126,1126,2024-04-17,2024-04-20,Delivered
1127,1127,2024-02-25,2024-02-29,Delivered
1128,1128,2025-01-24,2025-01-28,Returned
1129,1129,2024-09-02,2024-09-07,Delivered
1130,1130,2024-02-01,2024-02-05,Delivered
1131,1131,2025-11-28,2025-12-02,Delivered
1132,1132,2024-04-11,2024-04-20,Delivered
1133,1133,2024-02-18,2024-02-21,Delivered
1134,1134,2024-12-01,2024-12-05,Delivered
1135,1135,2025-10-03,2025-10-06,Returned
1136,1136,2025-03-15,2025-03-18,Delivered
1137,1137,2025-01-02,2025-01-07,Delivered
1138,1138,2025-11-02,2025-11-06,Delivered
1139,1139,2025-04-15,2025-04-19,Delivered
1140,1140,2024-10-14,2024-10-17,Delivered
1141,1141,2024-03-11,2024-03-16,Delivered
1142,1142,2025-09-06,2025-09-08,Returned
1143,1143,2026-01-01,2026-01-04,Delivered
1144,1144,2025-08-06,2025-08-10,Delivered
1145,1145,2025-09-09,2025-09-15,Returned
1146,1146,2025-02-03,2025-02-05,Returned
1147,1147,2025-12-13,2025-12-18,Delivered
1148,1148,2025-12-06,2025-12-11,Returned
1149,1149,2025-05-11,2025-05-14,Delivered
1150,1150,2025-08-24,2025-08-27,Delivered
1151,1151,2024-08-29,2024-09-02,Delivered
1152,1152,2024-08-28,2024-09-01,Delivered
1153,1153,2024-05-10,2024-05-15,Delivered
1154,1154,2024-09-09,2024-09-14,Delivered
1155,1155,2025-01-19,2025-01-23,Delivered
1156,1156,2025-01-20,2025-01-24,Delivered
1157,1157,2025-09-07,2025-09-11,Delivered
1158,1158,2024-05-19,2024-05-21,Delivered
1159,1159,2024-02-12,2024-02-16,Delivered
1160,1160,2025-10-26,2025-10-28,Delivered
1161,1161,2024-12-08,2024-12-14,Delivered
1162,1162,2024-02-26,2024-03-02,Returned
1163,1163,2025-12-05,2025-12-11,Delivered
1164,1164,2025-01-28,2025-01-30,Delivered
1165,1165,2025-10-08,2025-10-12,Delivered
1166,1166,2024-03-14,2024-03-18,Delivered
1167,1167,2024-07-30,2024-08-04,Delivered
1168,1168,2025-07-17,2025-07-19,Delivered
1169,1169,2025-03-14,2025-03-18,Delivered
1170,1170,2024-07-22,2024-07-27,Delivered
1171,1171,2024-09-12,2024-09-15,Delivered
1172,1172,2025-10-14,2025-10-19,Delivered
1173,1173,2025-05-08,2025-05-12,Returned
1174,1174,2025-02-14,2025-02-18,Delivered
1175,1175,2025-03-11,2025-03-13,Delivered
1176,1176,2024-06-11,2024-06-15,Delivered
1177,1177,2025-03-16,2025-03-20,Delivered
1178,1178,2024-11-06,2024-11-10,Delivered
1179,1179,2024-06-30,2024-07-03,Delivered
1180,1180,2025-04-11,2025-04-16,Delivered
1181,1181,2025-05-10,2025-05-19,Delivered
1182,1182,2025-04-27,2025-05-02,Delivered
1183,1183,,,Cancelled
1184,1184,2025-01-19,2025-01-22,Delivered
1185,1185,2025-02-10,2025-02-16,Delivered
1186,1186,2024-11-14,2024-11-21,Returned
1187,1187,2025-02-25,2025-03-02,Returned
1188,1188,2025-01-31,2025-02-06,Delivered
1189,1189,2025-03-25,2025-03-31,Delivered
1190,1190,2024-12-23,2024-12-25,Delivered
1191,1191,2025-12-08,2025-12-12,Delivered
1192,1192,2025-02-01,2025-02-06,Delivered
1193,1193,2025-05-07,2025-05-13,Returned
1194,1194,2025-10-10,2025-10-14,Delivered
1195,1195,2025-11-13,2025-11-16,Delivered
1196,1196,2025-04-13,2025-04-18,Delivered
1197,1197,2025-09-11,2025-09-17,Returned
1198,1198,2024-06-15,2024-06-19,Delivered
1199,1199,,,Cancelled
1200,1200,2025-12-26,2026-01-01,Returned
1201,1201,,,Cancelled
1202,1202,2025-03-15,2025-03-24,Delivered
1203,1203,,,Cancelled
1204,1204,2024-11-14,2024-11-17,Delivered
1205,1205,2024-04-02,2024-04-09,Delivered
1206,1206,2024-12-19,2024-12-23,Delivered
1207,1207,2025-02-12,2025-02-19,Delivered
1208,1208,2025-05-20,2025-05-24,Delivered
1209,1209,2025-12-15,2025-12-18,Delivered
1210,1210,2024-10-24,2024-10-29,Delivered
1211,1211,2025-01-21,2025-01-26,Delivered
1212,1212,2025-05-14,2025-05-17,Delivered
1213,1213,2025-04-09,2025-04-11,Delivered
1214,1214,2024-07-27,2024-07-29,Delivered
1215,1215,2024-07-18,2024-07-22,Returned
1216,1216,2025-02-24,2025-02-28,Delivered
1217,1217,2024-04-22,2024-04-25,Delivered
1218,1218,2024-03-29,2024-04-01,Delivered
1219,1219,2024-12-17,2024-12-19,Delivered
1220,1220,2025-05-13,2025-05-20,Delivered
1221,1221,2024-03-05,2024-03-07,Delivered
1222,1222,2025-11-14,2025-11-18,Delivered
1223,1223,2024-04-11,2024-04-14,Delivered
1224,1224,2025-01-22,2025-01-27,Delivered
1225,1225,2024-10-02,2024-10-05,Delivered
1226,1226,2025-09-13,2025-09-15,Delivered
1227,1227,2024-12-18,2024-12-20,Delivered
1228,1228,2025-01-05,2025-01-12,Delivered
1229,1229,,,Cancelled
1230,1230,2024-04-13,2024-04-16,Delivered
1231,1231,,,Cancelled
1232,1232,2024-05-23,2024-05-29,Delivered
1233,1233,2025-06-30,2025-07-05,Returned
1234,1234,2024-09-14,2024-09-17,Delivered
1235,1235,2025-11-08,2025-11-13,Delivered
1236,1236,2024-07-13,2024-07-20,Returned
1237,1237,2024-11-26,2024-11-28,Delivered
1238,1238,2024-02-17,2024-02-23,Delivered
1239,1239,2024-08-30,2024-09-04,Delivered
1240,1240,2025-09-20,2025-09-24,Delivered
1241,1241,,,Cancelled
1242,1242,2024-04-15,2024-04-20,Delivered
1243,1243,2024-07-21,2024-07-28,Delivered
1244,1244,2025-08-11,2025-08-14,Delivered
1245,1245,2025-05-26,2025-06-02,Delivered
1246,1246,2025-07-17,2025-07-20,Delivered
1247,1247,2024-05-01,2024-05-05,Delivered
1248,1248,2024-09-08,2024-09-17,Delivered
1249,1249,2025-11-08,2025-11-12,Delivered
1250,1250,2024-02-02,2024-02-07,Returned
1251,1251,2025-01-30,2025-02-06,Delivered
1252,1252,2025-11-14,2025-11-18,Returned
1253,1253,2024-05-09,2024-05-16,Delivered
1254,1254,2025-10-12,2025-10-19,Delivered
1255,1255,,,Cancelled
1256,1256,2025-08-15,2025-08-19,Delivered
1257,1257,2025-01-22,2025-01-25,Delivered
1258,1258,2025-01-27,2025-02-03,Delivered
1259,1259,2025-03-26,2025-04-01,Delivered
1260,1260,2024-10-26,2024-10-30,Delivered
1261,1261,2025-08-30,2025-09-06,Delivered
1262,1262,2025-08-12,2025-08-21,Delivered
1263,1263,2025-01-25,2025-01-28,Delivered
1264,1264,2024-03-06,2024-03-11,Delivered
1265,1265,2025-02-04,2025-02-07,Delivered
1266,1266,2025-11-27,2025-12-02,Delivered
1267,1267,2025-08-30,2025-09-05,Delivered
1268,1268,2025-07-08,2025-07-14,Delivered
1269,1269,2024-10-31,2024-11-07,Delivered
1270,1270,2024-05-31,2024-06-06,Delivered
1271,1271,2025-11-14,2025-11-18,Delivered
1272,1272,2024-11-13,2024-11-18,Returned
1273,1273,2024-10-10,2024-10-15,Delivered
1274,1274,2024-08-11,2024-08-15,Delivered
1275,1275,2025-01-21,2025-01-24,Returned
1276,1276,2024-06-07,2024-06-11,Delivered
1277,1277,2024-08-21,2024-08-26,Delivered
1278,1278,2024-07-04,2024-07-09,Delivered
1279,1279,2025-11-09,2025-11-15,Returned
1280,1280,2025-02-06,2025-02-11,Delivered
1281,1281,2024-12-24,2024-12-30,Delivered
1282,1282,2024-10-19,2024-10-21,Delivered
1283,1283,2025-12-21,2025-12-27,Delivered
1284,1284,,,Cancelled
1285,1285,2025-12-29,2026-01-03,Delivered
1286,1286,2025-08-16,2025-08-20,Delivered
1287,1287,2024-10-27,2024-11-03,Delivered
1288,1288,2024-07-22,2024-07-26,Delivered
1289,1289,2025-08-15,2025-08-19,Delivered
1290,1290,2024-06-03,2024-06-12,Returned
1291,1291,2025-11-29,2025-12-06,Returned
1292,1292,2025-01-01,2025-01-05,Delivered
1293,1293,2024-05-02,2024-05-05,Delivered
1294,1294,2025-03-23,2025-03-29,Delivered
1295,1295,2024-09-10,2024-09-14,Delivered
1296,1296,2025-05-16,2025-05-23,Delivered
1297,1297,2024-06-27,2024-06-29,Delivered
1298,1298,2025-12-11,2025-12-15,Delivered
1299,1299,2025-04-20,2025-04-25,Delivered
1300,1300,2025-10-31,2025-11-06,Delivered
1301,1301,2024-04-30,2024-05-06,Delivered
1302,1302,2025-11-16,2025-11-21,Delivered
1303,1303,2025-08-11,2025-08-15,Delivered
1304,1304,2024-04-08,2024-04-13,Delivered
1305,1305,2025-10-25,2025-10-30,Delivered
1306,1306,2024-05-10,2024-05-14,Delivered
1307,1307,2025-07-07,2025-07-11,Delivered
1308,1308,2024-01-23,2024-01-27,Delivered
1309,1309,2025-06-28,2025-07-01,Delivered
1310,1310,2025-08-24,2025-08-31,Delivered
1311,1311,2025-10-31,2025-11-03,Delivered
1312,1312,2025-11-07,2025-11-09,Delivered
1313,1313,2025-12-15,2025-12-21,Delivered
1314,1314,2024-11-18,2024-11-20,Delivered
1315,1315,2024-08-01,2024-08-10,Delivered
1316,1316,2024-09-20,2024-09-23,Delivered
1317,1317,2025-06-03,2025-06-06,Delivered
1318,1318,2024-06-27,2024-07-01,Returned
1319,1319,2024-01-03,2024-01-08,Delivered
1320,1320,2025-06-18,2025-06-21,Delivered
1321,1321,2024-05-26,2024-05-30,Delivered
1322,1322,2025-06-20,2025-06-29,Delivered
1323,1323,2024-08-05,2024-08-11,Delivered
1324,1324,2024-02-16,2024-02-21,Delivered
1325,1325,2024-11-04,2024-11-08,Returned
1326,1326,2025-07-21,2025-07-25,Delivered
1327,1327,2024-05-12,2024-05-14,Delivered
1328,1328,2025-07-20,2025-07-24,Delivered
1329,1329,2024-06-18,2024-06-24,Delivered
1330,1330,2024-09-18,2024-09-22,Delivered
1331,1331,2024-05-29,2024-06-03,Delivered
1332,1332,2024-10-03,2024-10-09,Delivered
1333,1333,2025-01-19,2025-01-24,Delivered
1334,1334,2025-06-10,2025-06-12,Delivered
1335,1335,2024-06-07,2024-06-10,Returned
1336,1336,2025-01-26,2025-01-31,Returned
1337,1337,2024-03-22,2024-03-27,Delivered
1338,1338,2025-12-02,2025-12-08,Delivered
1339,1339,2025-10-19,2025-10-24,Delivered
1340,1340,,,Cancelled
1341,1341,2024-10-10,2024-10-16,Delivered
1342,1342,2024-08-17,2024-08-24,Returned
1343,1343,2024-05-08,2024-05-10,Delivered
1344,1344,,,Cancelled
1345,1345,2024-04-10,2024-04-19,Delivered
1346,1346,2024-10-17,2024-10-21,Delivered
1347,1347,2024-02-21,2024-02-25,Delivered
1348,1348,2025-02-03,2025-02-08,Delivered
1349,1349,2025-11-26,2025-11-29,Delivered
1350,1350,2025-02-19,2025-02-24,Delivered
1351,1351,2024-01-13,2024-01-17,Delivered
1352,1352,2025-11-06,2025-11-09,Delivered
1353,1353,,,Cancelled
1354,1354,2025-01-16,2025-01-22,Delivered
1355,1355,2025-09-18,2025-09-24,Delivered
1356,1356,2025-03-28,2025-03-31,Delivered
1357,1357,2024-10-22,2024-10-29,Returned
1358,1358,2024-08-25,2024-08-30,Delivered
1359,1359,2024-11-11,2024-11-17,Delivered
1360,1360,2024-04-04,2024-04-07,Delivered
1361,1361,2024-09-03,2024-09-07,Delivered
1362,1362,2024-03-29,2024-04-01,Delivered
1363,1363,2025-05-22,2025-05-26,Returned
1364,1364,2025-11-25,2025-12-02,Returned
1365,1365,2025-05-07,2025-05-10,Delivered
1366,1366,2025-06-30,2025-07-04,Delivered
1367,1367,,,Cancelled
1368,1368,2024-01-10,2024-01-14,Delivered
1369,1369,2024-12-20,2024-12-22,Returned
1370,1370,2025-06-27,2025-06-29,Delivered
1371,1371,2025-04-06,2025-04-09,Delivered
1372,1372,2025-06-21,2025-06-23,Delivered
1373,1373,2024-05-18,2024-05-23,Delivered
1374,1374,2025-03-11,2025-03-17,Delivered
1375,1375,,,Cancelled
1376,1376,2025-07-07,2025-07-12,Delivered
1377,1377,2024-10-28,2024-11-01,Delivered
1378,1378,2025-10-09,2025-10-16,Delivered
1379,1379,2024-11-11,2024-11-16,Delivered
1380,1380,,,Cancelled
1381,1381,2025-05-17,2025-05-26,Delivered
1382,1382,2025-04-17,2025-04-20,Delivered
1383,1383,,,Cancelled
1384,1384,2025-02-16,2025-02-19,Delivered
1385,1385,2025-05-21,2025-05-26,Delivered
1386,1386,2024-06-08,2024-06-10,Delivered
1387,1387,2024-01-09,2024-01-12,Delivered
1388,1388,2024-08-21,2024-08-25,Delivered
1389,1389,,,Cancelled
1390,1390,2024-10-05,2024-10-07,Returned
1391,1391,2025-03-26,2025-03-29,Delivered
1392,1392,2025-03-22,2025-03-29,Delivered
1393,1393,2025-12-29,2026-01-05,Delivered
1394,1394,2024-02-13,2024-02-17,Delivered
1395,1395,2024-12-07,2024-12-11,Delivered
1396,1396,2025-05-07,2025-05-09,Returned
1397,1397,2025-03-08,2025-03-17,Delivered
1398,1398,2025-11-30,2025-12-07,Delivered
1399,1399,2025-02-15,2025-02-19,Delivered
1400,1400,2025-02-03,2025-02-07,Delivered
1401,1401,2024-01-24,2024-01-29,Delivered
1402,1402,2024-01-15,2024-01-19,Delivered
1403,1403,2024-12-18,2024-12-22,Returned
1404,1404,2024-01-10,2024-01-15,Delivered
1405,1405,2025-05-14,2025-05-17,Delivered
1406,1406,2025-09-27,2025-10-01,Delivered
1407,1407,2024-09-14,2024-09-18,Delivered
1408,1408,2024-09-28,2024-09-30,Delivered
1409,1409,2025-03-17,2025-03-24,Delivered
1410,1410,2024-04-17,2024-04-20,Delivered
1411,1411,2024-07-05,2024-07-12,Returned
1412,1412,2025-10-08,2025-10-14,Delivered
1413,1413,2024-05-16,2024-05-18,Delivered
1414,1414,2024-06-01,2024-06-03,Delivered
1415,1415,2024-04-05,2024-04-08,Delivered
1416,1416,2024-11-11,2024-11-15,Delivered
1417,1417,2024-08-17,2024-08-22,Delivered
1418,1418,2025-06-09,2025-06-13,Delivered
1419,1419,2024-04-25,2024-05-01,Delivered
1420,1420,2024-12-27,2024-12-31,Delivered
1421,1421,2024-02-21,2024-02-23,Delivered
1422,1422,2025-11-08,2025-11-11,Delivered
1423,1423,,,Cancelled
1424,1424,2025-03-19,2025-03-25,Delivered
1425,1425,2025-01-08,2025-01-11,Delivered
1426,1426,2025-11-18,2025-11-22,Delivered
1427,1427,2024-05-15,2024-05-18,Delivered
1428,1428,2025-01-08,2025-01-10,Delivered
1429,1429,2025-09-13,2025-09-16,Delivered
1430,1430,2024-08-04,2024-08-09,Delivered
1431,1431,2024-04-21,2024-04-24,Delivered
1432,1432,2024-05-05,2024-05-10,Delivered
1433,1433,2025-11-02,2025-11-08,Delivered
1434,1434,2024-04-13,2024-04-15,Returned
1435,1435,2024-12-19,2024-12-26,Delivered
1436,1436,2024-07-28,2024-07-31,Delivered
1437,1437,2024-05-13,2024-05-16,Delivered
1438,1438,2024-09-18,2024-09-22,Returned
1439,1439,2025-01-10,2025-01-16,Delivered
1440,1440,2025-03-23,2025-03-26,Delivered
1441,1441,2025-06-01,2025-06-03,Delivered
1442,1442,2025-12-15,2025-12-18,Delivered
1443,1443,2025-08-05,2025-08-10,Delivered
1444,1444,2024-07-14,2024-07-18,Delivered
1445,1445,,,Cancelled
1446,1446,2024-03-19,2024-03-28,Delivered
1447,1447,2025-01-29,2025-02-07,Delivered
1448,1448,2025-09-15,2025-09-21,Delivered
1449,1449,2024-06-15,2024-06-17,Delivered
1450,1450,2024-01-13,2024-01-18,Delivered
1451,1451,2025-06-24,2025-06-30,Delivered
1452,1452,2024-11-02,2024-11-04,Delivered
1453,1453,2024-06-25,2024-07-02,Delivered
1454,1454,2024-10-26,2024-11-04,Delivered
1455,1455,2024-10-12,2024-10-15,Delivered
1456,1456,2024-02-25,2024-03-01,Returned
1457,1457,2024-08-04,2024-08-09,Delivered
1458,1458,2024-12-23,2024-12-26,Delivered
1459,1459,2024-12-01,2024-12-10,Returned
1460,1460,2025-07-17,2025-07-24,Delivered
1461,1461,2025-09-20,2025-09-24,Delivered
1462,1462,,,Cancelled
1463,1463,2024-10-16,2024-10-22,Delivered
1464,1464,2025-07-05,2025-07-14,Returned
1465,1465,2025-08-23,2025-08-26,Delivered
1466,1466,2025-01-28,2025-02-06,Delivered
1467,1467,2025-10-14,2025-10-17,Delivered
1468,1468,2025-03-31,2025-04-06,Delivered
1469,1469,2025-08-19,2025-08-21,Delivered
1470,1470,2025-02-09,2025-02-13,Delivered
1471,1471,2025-03-21,2025-03-27,Delivered
1472,1472,2024-04-06,2024-04-10,Delivered
1473,1473,2024-07-02,2024-07-07,Delivered
1474,1474,2024-07-05,2024-07-09,Delivered
1475,1475,2024-06-17,2024-06-21,Delivered
1476,1476,2025-09-15,2025-09-19,Delivered
1477,1477,2025-03-14,2025-03-17,Delivered
1478,1478,2025-02-19,2025-02-24,Delivered
1479,1479,2024-01-14,2024-01-18,Delivered
1480,1480,,,Cancelled
1481,1481,2025-10-22,2025-10-24,Delivered
1482,1482,2024-03-27,2024-04-01,Delivered
1483,1483,2025-09-07,2025-09-10,Delivered
1484,1484,2024-04-21,2024-04-25,Delivered
1485,1485,2025-12-26,2025-12-29,Delivered
1486,1486,2025-07-31,2025-08-04,Delivered
1487,1487,2024-12-06,2024-12-13,Delivered
1488,1488,2025-07-11,2025-07-15,Delivered
1489,1489,,,Cancelled
1490,1490,2025-07-12,2025-07-17,Delivered
1491,1491,2025-03-04,2025-03-10,Delivered
1492,1492,2024-01-28,2024-01-31,Delivered
1493,1493,2024-12-29,2025-01-07,Delivered
1494,1494,2025-12-04,2025-12-10,Delivered
1495,1495,2024-04-26,2024-05-02,Delivered
1496,1496,2024-08-20,2024-08-27,Returned
1497,1497,2025-01-03,2025-01-05,Delivered
1498,1498,,,Cancelled
1499,1499,2024-06-05,2024-06-08,Delivered
1500,1500,2025-09-08,2025-09-13,Delivered
1501,1501,2025-11-15,2025-11-21,Delivered
1502,1502,,,Cancelled
1503,1503,2025-05-28,2025-06-02,Delivered
1504,1504,2026-01-01,2026-01-06,Delivered
1505,1505,2024-06-04,2024-06-07,Delivered
1506,1506,2025-02-06,2025-02-11,Delivered
1507,1507,2025-05-06,2025-05-09,Delivered
1508,1508,2024-10-15,2024-10-18,Delivered
1509,1509,2024-07-06,2024-07-10,Delivered
1510,1510,2025-03-12,2025-03-15,Delivered
1511,1511,2025-09-10,2025-09-12,Delivered
1512,1512,2025-11-03,2025-11-07,Delivered
1513,1513,2025-05-27,2025-05-30,Delivered
1514,1514,2025-07-06,2025-07-15,Delivered
1515,1515,2025-03-10,2025-03-15,Delivered
1516,1516,2024-08-14,2024-08-21,Delivered
1517,1517,2024-01-04,2024-01-13,Returned
1518,1518,2025-01-07,2025-01-10,Delivered
1519,1519,,,Cancelled
1520,1520,2024-05-23,2024-06-01,Delivered
1521,1521,2025-07-20,2025-07-23,Delivered
1522,1522,2024-08-19,2024-08-22,Delivered
1523,1523,2025-12-16,2025-12-21,Delivered
1524,1524,2024-01-29,2024-02-02,Returned
1525,1525,2024-02-26,2024-02-29,Delivered
1526,1526,,,Cancelled
1527,1527,2024-06-12,2024-06-15,Delivered
1528,1528,2024-03-23,2024-04-01,Delivered
1529,1529,2025-03-05,2025-03-11,Delivered
1530,1530,2024-05-26,2024-05-29,Delivered
1531,1531,2024-11-04,2024-11-09,Delivered
1532,1532,2025-04-01,2025-04-04,Delivered
1533,1533,2024-04-25,2024-04-30,Delivered
1534,1534,2024-02-04,2024-02-08,Delivered
1535,1535,2024-06-14,2024-06-17,Delivered
1536,1536,2025-11-28,2025-11-30,Delivered
1537,1537,2024-09-23,2024-09-28,Delivered
1538,1538,2024-08-23,2024-08-28,Returned
1539,1539,2024-04-06,2024-04-11,Delivered
1540,1540,2024-05-09,2024-05-15,Delivered
1541,1541,2024-02-28,2024-03-02,Delivered
1542,1542,,,Cancelled
1543,1543,2025-12-11,2025-12-16,Delivered
1544,1544,,,Cancelled
1545,1545,2024-02-27,2024-03-01,Delivered
1546,1546,2024-10-05,2024-10-10,Delivered
1547,1547,2025-09-10,2025-09-13,Delivered
1548,1548,2024-06-17,2024-06-20,Delivered
1549,1549,2025-09-06,2025-09-10,Delivered
1550,1550,2024-07-12,2024-07-18,Delivered
1551,1551,2024-02-06,2024-02-11,Delivered
1552,1552,2025-08-03,2025-08-07,Delivered
1553,1553,2025-05-12,2025-05-16,Delivered
1554,1554,2024-11-15,2024-11-19,Returned
1555,1555,2024-10-17,2024-10-22,Delivered
1556,1556,2025-02-07,2025-02-11,Delivered
1557,1557,2025-12-22,2025-12-26,Delivered
1558,1558,2025-06-01,2025-06-07,Delivered
1559,1559,2024-06-03,2024-06-06,Delivered
1560,1560,,,Cancelled
1561,1561,2024-10-26,2024-11-02,Delivered
1562,1562,2024-03-22,2024-03-24,Delivered
1563,1563,2024-08-26,2024-08-31,Delivered
1564,1564,2024-05-26,2024-05-30,Delivered
1565,1565,2025-05-29,2025-06-01,Returned
1566,1566,2025-10-31,2025-11-04,Returned
1567,1567,2025-04-05,2025-04-08,Delivered
1568,1568,2025-10-03,2025-10-06,Delivered
1569,1569,2025-12-01,2025-12-05,Delivered
1570,1570,2025-09-15,2025-09-18,Returned
1571,1571,2025-10-07,2025-10-14,Delivered
1572,1572,2024-05-29,2024-06-07,Delivered
1573,1573,2024-03-31,2024-04-02,Delivered
1574,1574,2024-06-24,2024-06-28,Delivered
1575,1575,2025-08-16,2025-08-18,Delivered
1576,1576,2024-07-05,2024-07-11,Delivered
1577,1577,2025-05-02,2025-05-05,Delivered
1578,1578,2025-10-30,2025-11-03,Returned
1579,1579,2025-08-08,2025-08-14,Delivered
1580,1580,2024-10-23,2024-10-27,Delivered
1581,1581,2025-11-28,2025-12-01,Delivered
1582,1582,2025-10-02,2025-10-07,Delivered
1583,1583,2025-02-28,2025-03-04,Delivered
1584,1584,2025-12-02,2025-12-05,Delivered
1585,1585,2024-03-02,2024-03-07,Delivered
1586,1586,2025-07-31,2025-08-03,Delivered
1587,1587,2024-10-25,2024-10-28,Delivered
1588,1588,2024-03-17,2024-03-22,Delivered
1589,1589,2025-11-18,2025-11-23,Delivered
1590,1590,,,Cancelled
1591,1591,2024-04-22,2024-04-24,Delivered
1592,1592,2025-02-11,2025-02-15,Delivered
1593,1593,2024-03-10,2024-03-13,Delivered
1594,1594,2025-05-15,2025-05-17,Delivered
1595,1595,2024-04-29,2024-05-01,Delivered
1596,1596,2024-06-09,2024-06-15,Delivered
1597,1597,2024-11-24,2024-11-27,Delivered
1598,1598,2025-01-27,2025-02-01,Returned
1599,1599,2025-03-17,2025-03-23,Delivered
1600,1600,2024-01-26,2024-01-31,Delivered
1601,1601,2025-10-15,2025-10-21,Delivered
1602,1602,2024-10-10,2024-10-13,Delivered
1603,1603,,,Cancelled
1604,1604,,,Cancelled
1605,1605,,,Cancelled
1606,1606,2024-12-19,2024-12-24,Delivered
1607,1607,2025-03-08,2025-03-13,Delivered
1608,1608,2024-06-14,2024-06-17,Delivered
1609,1609,2025-12-11,2025-12-14,Delivered
1610,1610,2025-07-29,2025-08-01,Delivered
1611,1611,2025-11-17,2025-11-19,Delivered
1612,1612,2025-11-14,2025-11-18,Delivered
1613,1613,2024-11-23,2024-11-25,Delivered
1614,1614,,,Cancelled
1615,1615,2025-11-22,2025-11-26,Delivered
1616,1616,2024-01-07,2024-01-10,Returned
1617,1617,2024-05-09,2024-05-15,Delivered
1618,1618,2025-08-16,2025-08-23,Delivered
1619,1619,2024-07-14,2024-07-18,Delivered
1620,1620,2024-06-21,2024-06-25,Delivered
1621,1621,2024-08-05,2024-08-09,Returned
1622,1622,2024-01-18,2024-01-24,Delivered
1623,1623,2024-11-07,2024-11-13,Delivered
1624,1624,2024-05-08,2024-05-17,Delivered
1625,1625,2025-02-28,2025-03-04,Delivered
1626,1626,2025-07-10,2025-07-17,Delivered
1627,1627,2024-12-10,2024-12-16,Returned
1628,1628,2025-03-15,2025-03-20,Delivered
1629,1629,2024-06-18,2024-06-22,Delivered
1630,1630,2025-11-08,2025-11-17,Delivered
1631,1631,2024-10-18,2024-10-27,Delivered
1632,1632,2024-04-14,2024-04-19,Delivered
1633,1633,2024-04-03,2024-04-12,Delivered
1634,1634,2025-02-27,2025-03-04,Delivered
1635,1635,2025-10-01,2025-10-04,Delivered
1636,1636,2025-06-01,2025-06-04,Delivered
1637,1637,2024-10-26,2024-11-02,Delivered
1638,1638,2025-04-11,2025-04-15,Delivered
1639,1639,2025-04-28,2025-05-03,Delivered
1640,1640,,,Cancelled
1641,1641,2025-12-22,2025-12-26,Delivered
1642,1642,2025-01-21,2025-01-25,Delivered
1643,1643,2025-11-08,2025-11-14,Delivered
1644,1644,2025-03-01,2025-03-07,Delivered
1645,1645,2025-03-01,2025-03-05,Delivered
1646,1646,,,Cancelled
1647,1647,2024-11-24,2024-11-28,Delivered
1648,1648,2025-03-18,2025-03-22,Delivered
1649,1649,2024-07-17,2024-07-20,Delivered
1650,1650,2024-02-23,2024-02-28,Delivered
1651,1651,2025-10-16,2025-10-23,Returned
1652,1652,2025-02-19,2025-02-23,Delivered
1653,1653,2024-08-27,2024-08-31,Delivered
1654,1654,2025-06-02,2025-06-04,Delivered
1655,1655,,,Cancelled
1656,1656,2025-07-22,2025-07-31,Returned
1657,1657,2024-04-08,2024-04-14,Delivered
1658,1658,2025-10-08,2025-10-14,Delivered
1659,1659,2025-12-28,2026-01-03,Returned
1660,1660,2025-08-10,2025-08-15,Delivered
1661,1661,2024-05-16,2024-05-22,Delivered
1662,1662,2025-01-03,2025-01-09,Delivered
1663,1663,2024-08-16,2024-08-22,Delivered
1664,1664,2024-09-10,2024-09-14,Delivered
1665,1665,2025-01-25,2025-01-29,Delivered
1666,1666,2024-03-26,2024-03-30,Delivered
1667,1667,2025-08-17,2025-08-22,Delivered
1668,1668,2025-09-03,2025-09-08,Delivered
1669,1669,2024-09-28,2024-10-03,Delivered
1670,1670,2025-01-06,2025-01-09,Delivered
1671,1671,2024-01-24,2024-01-27,Delivered
1672,1672,2025-10-03,2025-10-10,Delivered
1673,1673,2025-01-22,2025-01-25,Delivered
1674,1674,2024-06-16,2024-06-23,Delivered
1675,1675,2024-07-02,2024-07-05,Delivered
1676,1676,2024-02-03,2024-02-12,Returned
1677,1677,2025-05-13,2025-05-15,Delivered
1678,1678,2024-06-13,2024-06-17,Delivered
1679,1679,2024-05-07,2024-05-14,Delivered
1680,1680,2024-01-27,2024-02-05,Delivered
1681,1681,2024-08-11,2024-08-14,Delivered
1682,1682,2024-02-01,2024-02-10,Delivered
1683,1683,2025-12-12,2025-12-15,Delivered
1684,1684,2024-07-24,2024-07-28,Delivered
1685,1685,2025-10-30,2025-11-03,Delivered
1686,1686,2025-05-23,2025-05-27,Delivered
1687,1687,2024-07-17,2024-07-23,Delivered
1688,1688,2024-10-15,2024-10-18,Delivered
1689,1689,2025-08-27,2025-08-31,Delivered
1690,1690,,,Cancelled
1691,1691,2025-09-05,2025-09-10,Delivered
1692,1692,2025-10-01,2025-10-06,Delivered
1693,1693,2024-07-26,2024-07-31,Delivered
1694,1694,2025-10-10,2025-10-15,Delivered
1695,1695,2024-02-07,2024-02-12,Delivered
1696,1696,,,Cancelled
1697,1697,2025-06-29,2025-07-04,Delivered
1698,1698,2024-07-05,2024-07-08,Delivered
1699,1699,2025-01-02,2025-01-05,Delivered
1700,1700,2025-01-18,2025-01-22,Delivered
1701,1701,2024-05-07,2024-05-11,Delivered
1702,1702,2024-12-04,2024-12-07,Delivered
1703,1703,2024-11-26,2024-12-02,Delivered
1704,1704,2024-10-19,2024-10-21,Delivered
1705,1705,2024-04-18,2024-04-20,Delivered
1706,1706,2025-11-19,2025-11-24,Delivered
1707,1707,2025-03-08,2025-03-15,Delivered
1708,1708,2024-11-24,2024-11-26,Delivered
1709,1709,2025-05-22,2025-05-25,Delivered
1710,1710,2025-03-08,2025-03-11,Delivered
1711,1711,2025-09-09,2025-09-12,Delivered
1712,1712,2025-08-15,2025-08-19,Delivered
1713,1713,,,Cancelled
1714,1714,2024-05-16,2024-05-25,Delivered
1715,1715,2025-06-27,2025-07-03,Delivered
1716,1716,2024-03-14,2024-03-16,Delivered
1717,1717,2025-03-04,2025-03-09,Delivered
1718,1718,2024-12-23,2024-12-27,Delivered
1719,1719,2024-11-19,2024-11-24,Delivered
1720,1720,2024-11-04,2024-11-09,Returned
1721,1721,,,Cancelled
1722,1722,2025-09-26,2025-10-02,Delivered
1723,1723,2024-01-12,2024-01-21,Delivered
1724,1724,2025-12-08,2025-12-11,Delivered
1725,1725,2024-04-02,2024-04-09,Delivered
1726,1726,2025-01-14,2025-01-19,Returned
1727,1727,2025-12-06,2025-12-13,Delivered
1728,1728,2024-02-15,2024-02-18,Delivered
1729,1729,2024-03-20,2024-03-25,Delivered
1730,1730,2025-01-26,2025-02-04,Delivered
1731,1731,2024-05-22,2024-05-24,Delivered
1732,1732,2024-11-24,2024-11-29,Delivered
1733,1733,2025-02-28,2025-03-04,Delivered
1734,1734,2025-06-21,2025-06-28,Delivered
1735,1735,2025-11-09,2025-11-18,Returned
1736,1736,2025-05-11,2025-05-16,Delivered
1737,1737,2024-11-01,2024-11-06,Delivered
1738,1738,2024-09-06,2024-09-11,Delivered
1739,1739,2024-08-01,2024-08-04,Delivered
1740,1740,2025-05-22,2025-05-24,Delivered
1741,1741,2024-08-11,2024-08-16,Delivered
1742,1742,2025-05-15,2025-05-19,Delivered
1743,1743,2025-08-29,2025-09-01,Delivered
1744,1744,2024-11-18,2024-11-21,Delivered
1745,1745,,,Cancelled
1746,1746,2025-01-08,2025-01-12,Returned
1747,1747,2025-09-28,2025-10-02,Delivered
1748,1748,2024-07-14,2024-07-19,Delivered
1749,1749,2025-12-06,2025-12-13,Returned
1750,1750,2025-10-27,2025-10-29,Delivered
1751,1751,2024-04-20,2024-04-22,Delivered
1752,1752,2025-04-18,2025-04-21,Delivered
1753,1753,2025-11-11,2025-11-14,Delivered
1754,1754,2024-05-04,2024-05-08,Delivered
1755,1755,2024-08-06,2024-08-08,Delivered
1756,1756,2025-06-06,2025-06-11,Delivered
1757,1757,2025-01-14,2025-01-18,Delivered
1758,1758,2025-03-10,2025-03-13,Delivered
1759,1759,2024-07-01,2024-07-04,Delivered
1760,1760,2025-05-22,2025-05-26,Delivered
1761,1761,2024-02-23,2024-02-28,Delivered
1762,1762,2024-08-13,2024-08-18,Delivered
1763,1763,2025-08-13,2025-08-17,Delivered
1764,1764,2024-04-16,2024-04-20,Delivered
1765,1765,2025-12-20,2025-12-25,Delivered
1766,1766,2024-04-15,2024-04-22,Delivered
1767,1767,2025-12-10,2025-12-13,Delivered
1768,1768,2024-07-29,2024-08-07,Delivered
1769,1769,2025-09-03,2025-09-09,Delivered
1770,1770,,,Cancelled
1771,1771,2025-05-05,2025-05-09,Delivered
1772,1772,2025-12-08,2025-12-13,Delivered
1773,1773,2024-03-13,2024-03-17,Delivered
1774,1774,2025-04-14,2025-04-19,Returned
1775,1775,2025-05-02,2025-05-11,Delivered
1776,1776,2024-09-30,2024-10-05,Delivered
1777,1777,2024-01-11,2024-01-14,Delivered
1778,1778,2025-08-21,2025-08-26,Delivered
1779,1779,2025-04-29,2025-05-04,Delivered
1780,1780,2025-08-04,2025-08-06,Returned
1781,1781,2024-08-24,2024-08-30,Delivered
1782,1782,2024-05-31,2024-06-04,Delivered
1783,1783,2024-12-11,2024-12-14,Delivered
1784,1784,2025-07-15,2025-07-18,Delivered
1785,1785,2025-01-10,2025-01-17,Delivered
1786,1786,2024-11-07,2024-11-10,Delivered
1787,1787,2025-11-13,2025-11-18,Delivered
1788,1788,2025-12-06,2025-12-11,Delivered
1789,1789,,,Cancelled
1790,1790,2024-05-26,2024-05-31,Delivered
1791,1791,2025-08-16,2025-08-20,Delivered
1792,1792,2025-01-05,2025-01-11,Delivered
1793,1793,2025-01-24,2025-01-26,Delivered
1794,1794,2025-10-06,2025-10-12,Delivered
1795,1795,2025-04-07,2025-04-10,Delivered
1796,1796,,,Cancelled
1797,1797,2025-08-28,2025-09-01,Returned
1798,1798,2024-11-15,2024-11-21,Delivered
1799,1799,,,Cancelled
1800,1800,2025-03-20,2025-03-22,Delivered
1801,1801,2024-12-24,2024-12-31,Delivered
1802,1802,2025-05-27,2025-06-01,Delivered
1803,1803,2024-06-04,2024-06-08,Returned
1804,1804,2025-07-26,2025-07-29,Delivered
1805,1805,2024-10-24,2024-10-27,Delivered
1806,1806,2025-04-11,2025-04-15,Delivered
1807,1807,2025-09-01,2025-09-06,Delivered
1808,1808,2024-01-08,2024-01-10,Delivered
1809,1809,2024-01-03,2024-01-05,Delivered
1810,1810,2024-10-20,2024-10-26,Delivered
1811,1811,2025-07-31,2025-08-02,Returned
1812,1812,2024-10-05,2024-10-14,Returned
1813,1813,,,Cancelled
1814,1814,2024-08-15,2024-08-20,Delivered
1815,1815,2024-09-12,2024-09-17,Delivered
1816,1816,,,Cancelled
1817,1817,2024-11-08,2024-11-17,Delivered
1818,1818,,,Cancelled
1819,1819,2025-08-17,2025-08-21,Delivered
1820,1820,2024-09-16,2024-09-20,Delivered
1821,1821,2024-11-07,2024-11-11,Delivered
1822,1822,2025-10-08,2025-10-13,Delivered
1823,1823,2025-03-25,2025-03-28,Delivered
1824,1824,2025-12-12,2025-12-16,Delivered
1825,1825,2025-12-31,2026-01-05,Delivered
1826,1826,2025-04-25,2025-04-29,Returned
1827,1827,2024-02-01,2024-02-04,Delivered
1828,1828,2025-03-10,2025-03-19,Delivered
1829,1829,2024-11-08,2024-11-10,Delivered
1830,1830,2024-05-12,2024-05-16,Delivered
1831,1831,2024-10-29,2024-11-02,Delivered
1832,1832,2024-05-11,2024-05-14,Delivered
1833,1833,,,Cancelled
1834,1834,,,Cancelled
1835,1835,2024-04-21,2024-04-26,Delivered
1836,1836,2024-10-25,2024-10-27,Delivered
1837,1837,2024-03-04,2024-03-07,Delivered
1838,1838,2025-06-09,2025-06-13,Delivered
1839,1839,2024-07-31,2024-08-04,Delivered
1840,1840,2025-05-24,2025-05-31,Delivered
1841,1841,2025-10-19,2025-10-25,Delivered
1842,1842,2024-01-08,2024-01-11,Delivered
1843,1843,2024-04-28,2024-05-01,Delivered
1844,1844,2024-05-04,2024-05-10,Delivered
1845,1845,2024-04-18,2024-04-23,Delivered
1846,1846,2025-04-01,2025-04-04,Delivered
1847,1847,2024-11-04,2024-11-09,Delivered
1848,1848,2024-08-31,2024-09-04,Delivered
1849,1849,,,Cancelled
1850,1850,2024-05-09,2024-05-11,Delivered
1851,1851,2024-07-09,2024-07-14,Delivered
1852,1852,2024-09-04,2024-09-08,Delivered
1853,1853,2025-07-15,2025-07-19,Delivered
1854,1854,2024-10-24,2024-10-30,Delivered
1855,1855,2025-05-22,2025-05-27,Delivered
1856,1856,2025-02-01,2025-02-04,Delivered
1857,1857,2025-03-04,2025-03-06,Delivered
1858,1858,2025-04-15,2025-04-24,Delivered
1859,1859,2025-08-19,2025-08-22,Delivered
1860,1860,2025-11-05,2025-11-09,Delivered
1861,1861,2025-01-01,2025-01-03,Delivered
1862,1862,2025-04-15,2025-04-18,Delivered
1863,1863,,,Cancelled
1864,1864,,,Cancelled
1865,1865,2025-02-05,2025-02-07,Delivered
1866,1866,2024-06-06,2024-06-11,Delivered
1867,1867,2024-12-15,2024-12-22,Delivered
1868,1868,2024-05-25,2024-06-01,Delivered
1869,1869,2024-11-07,2024-11-09,Delivered
1870,1870,2025-10-25,2025-10-28,Delivered
1871,1871,2025-09-13,2025-09-18,Delivered
1872,1872,2025-06-04,2025-06-09,Delivered
1873,1873,2025-12-16,2025-12-18,Delivered
1874,1874,2024-12-24,2024-12-30,Delivered
1875,1875,2024-03-13,2024-03-16,Delivered
1876,1876,2024-06-13,2024-06-19,Delivered
1877,1877,2025-05-29,2025-06-02,Delivered
1878,1878,2024-08-28,2024-09-01,Delivered
1879,1879,,,Cancelled
1880,1880,2025-03-08,2025-03-10,Delivered
1881,1881,,,Cancelled
1882,1882,2025-03-31,2025-04-06,Delivered
1883,1883,2024-02-01,2024-02-04,Delivered
1884,1884,2025-04-06,2025-04-10,Delivered
1885,1885,2025-08-12,2025-08-17,Delivered
1886,1886,2025-05-18,2025-05-22,Delivered
1887,1887,2024-07-27,2024-07-30,Delivered
1888,1888,2025-06-28,2025-07-03,Delivered
1889,1889,2025-10-08,2025-10-12,Delivered
1890,1890,2024-05-26,2024-05-29,Delivered
1891,1891,,,Cancelled
1892,1892,2024-07-11,2024-07-14,Delivered
1893,1893,2025-10-20,2025-10-23,Delivered
1894,1894,,,Cancelled
1895,1895,2024-12-28,2025-01-02,Delivered
1896,1896,2024-05-22,2024-05-26,Delivered
1897,1897,2025-01-23,2025-01-30,Delivered
1898,1898,2025-06-16,2025-06-20,Delivered
1899,1899,2024-08-26,2024-09-04,Delivered
1900,1900,,,Cancelled
1901,1901,2024-09-16,2024-09-22,Delivered
1902,1902,2024-06-12,2024-06-16,Delivered
1903,1903,2024-09-07,2024-09-12,Returned
1904,1904,2024-11-18,2024-11-20,Delivered
1905,1905,2025-12-16,2025-12-19,Delivered
1906,1906,2024-09-28,2024-10-04,Delivered
1907,1907,2025-03-10,2025-03-15,Delivered
1908,1908,2024-03-04,2024-03-06,Delivered
1909,1909,,,Cancelled
1910,1910,2024-08-30,2024-09-01,Delivered
1911,1911,2025-08-01,2025-08-07,Delivered
1912,1912,2024-02-07,2024-02-13,Returned
1913,1913,2025-03-04,2025-03-08,Delivered
1914,1914,2024-03-25,2024-04-03,Delivered
1915,1915,2024-10-07,2024-10-09,Delivered
1916,1916,2025-05-24,2025-05-31,Delivered
1917,1917,2025-03-19,2025-03-22,Delivered
1918,1918,2024-08-22,2024-08-26,Returned
1919,1919,2024-07-20,2024-07-29,Delivered
1920,1920,2025-12-02,2025-12-05,Delivered
1921,1921,2025-05-09,2025-05-15,Delivered
1922,1922,2025-12-14,2025-12-18,Delivered
1923,1923,2025-07-19,2025-07-21,Delivered
1924,1924,2025-09-24,2025-09-27,Delivered
1925,1925,2025-03-26,2025-03-31,Delivered
1926,1926,2025-08-28,2025-09-01,Delivered
1927,1927,2025-07-05,2025-07-12,Delivered
1928,1928,2024-01-19,2024-01-23,Delivered
1929,1929,2024-03-22,2024-03-28,Delivered
1930,1930,2024-10-18,2024-10-21,Delivered
1931,1931,2025-11-02,2025-11-06,Returned
1932,1932,2025-09-13,2025-09-16,Delivered
1933,1933,2025-11-04,2025-11-09,Delivered
1934,1934,2025-07-11,2025-07-14,Delivered
1935,1935,2025-01-02,2025-01-07,Delivered
1936,1936,2025-01-12,2025-01-17,Delivered
1937,1937,,,Cancelled
1938,1938,2025-12-16,2025-12-21,Delivered
1939,1939,2024-12-22,2024-12-26,Delivered
1940,1940,2025-05-14,2025-05-23,Delivered
1941,1941,2024-05-23,2024-05-28,Delivered
1942,1942,2025-07-21,2025-07-24,Delivered
1943,1943,2024-05-26,2024-05-28,Returned
1944,1944,2025-03-27,2025-03-30,Delivered
1945,1945,2024-04-27,2024-04-30,Delivered
1946,1946,2024-10-05,2024-10-07,Delivered
1947,1947,2024-03-29,2024-04-02,Delivered
1948,1948,2025-01-29,2025-02-03,Delivered
1949,1949,2025-01-29,2025-02-03,Delivered
1950,1950,2025-01-26,2025-01-30,Delivered
1951,1951,2024-02-24,2024-03-01,Delivered
1952,1952,,,Cancelled
1953,1953,2024-12-13,2024-12-18,Delivered
1954,1954,2024-08-12,2024-08-17,Delivered
1955,1955,,,Cancelled
1956,1956,2024-02-29,2024-03-02,Delivered
1957,1957,,,Cancelled
1958,1958,2025-07-03,2025-07-06,Delivered
1959,1959,2025-08-07,2025-08-10,Delivered
1960,1960,2025-01-26,2025-02-01,Delivered
1961,1961,,,Cancelled
1962,1962,2025-12-02,2025-12-09,Delivered
1963,1963,2025-07-12,2025-07-15,Delivered
1964,1964,2024-02-10,2024-02-14,Delivered
1965,1965,2025-11-08,2025-11-12,Delivered
1966,1966,2025-09-16,2025-09-19,Delivered
1967,1967,,,Cancelled
1968,1968,2024-07-05,2024-07-14,Delivered
1969,1969,2024-01-13,2024-01-19,Delivered
1970,1970,,,Cancelled
1971,1971,2025-02-25,2025-03-03,Delivered
1972,1972,2024-10-12,2024-10-19,Delivered
1973,1973,2024-03-09,2024-03-15,Delivered
1974,1974,,,Cancelled
1975,1975,2024-08-21,2024-08-23,Delivered
1976,1976,2025-09-25,2025-09-27,Delivered
1977,1977,2025-11-02,2025-11-04,Delivered
1978,1978,2025-03-29,2025-04-04,Delivered
1979,1979,2024-08-23,2024-08-25,Returned
1980,1980,2024-09-22,2024-09-25,Delivered
1981,1981,2024-12-28,2025-01-01,Delivered
1982,1982,2024-08-30,2024-09-05,Delivered
1983,1983,2025-04-01,2025-04-05,Delivered
1984,1984,2024-07-29,2024-08-03,Delivered
1985,1985,2025-11-29,2025-12-01,Delivered
1986,1986,2024-10-19,2024-10-25,Delivered
1987,1987,2025-01-05,2025-01-08,Returned
1988,1988,2025-11-01,2025-11-06,Delivered
1989,1989,2024-10-29,2024-11-02,Delivered
1990,1990,2024-02-18,2024-02-24,Returned
1991,1991,2025-08-29,2025-09-04,Delivered
1992,1992,2024-11-17,2024-11-22,Delivered
1993,1993,2025-06-05,2025-06-08,Delivered
1994,1994,,,Cancelled
1995,1995,2025-11-04,2025-11-07,Delivered
1996,1996,2025-10-28,2025-11-01,Returned
1997,1997,2024-08-20,2024-08-26,Delivered
1998,1998,2025-10-08,2025-10-12,Delivered
1999,1999,2024-05-06,2024-05-11,Delivered
2000,2000,2025-05-01,2025-05-06,Delivered
2001,2001,2024-11-22,2024-11-26,Delivered
2002,2002,2024-10-29,2024-11-02,Delivered
2003,2003,2025-01-06,2025-01-11,Delivered
2004,2004,2024-05-01,2024-05-10,Delivered
2005,2005,2025-02-26,2025-03-03,Delivered
2006,2006,,,Cancelled
2007,2007,2025-05-12,2025-05-16,Delivered
2008,2008,2025-03-05,2025-03-08,Delivered
2009,2009,2024-05-11,2024-05-17,Delivered
2010,2010,2025-02-23,2025-02-28,Delivered
2011,2011,2025-09-14,2025-09-18,Delivered
2012,2012,2024-11-20,2024-11-25,Delivered
2013,2013,2025-06-02,2025-06-09,Delivered
2014,2014,,,Cancelled
2015,2015,2024-06-21,2024-06-23,Delivered
2016,2016,2025-07-24,2025-07-27,Returned
2017,2017,,,Cancelled
2018,2018,2025-03-19,2025-03-23,Delivered
2019,2019,,,Cancelled
2020,2020,2025-02-02,2025-02-07,Delivered
2021,2021,2025-12-15,2025-12-18,Delivered
2022,2022,,,Cancelled
2023,2023,2024-12-13,2024-12-18,Delivered
2024,2024,2024-02-19,2024-02-22,Delivered
2025,2025,2025-04-07,2025-04-13,Delivered
2026,2026,2025-03-24,2025-03-28,Delivered
2027,2027,2024-05-20,2024-05-26,Delivered
2028,2028,2025-08-29,2025-09-02,Delivered
2029,2029,2024-01-10,2024-01-16,Delivered
2030,2030,2025-10-28,2025-11-03,Delivered
2031,2031,2024-07-02,2024-07-06,Delivered
2032,2032,2024-04-11,2024-04-13,Delivered
2033,2033,2024-02-21,2024-02-24,Delivered
2034,2034,,,Cancelled
2035,2035,2024-10-22,2024-10-26,Delivered
2036,2036,2024-07-02,2024-07-07,Delivered
2037,2037,2024-08-06,2024-08-08,Delivered
2038,2038,2025-09-23,2025-09-27,Delivered
2039,2039,2024-06-19,2024-06-23,Delivered
2040,2040,,,Cancelled
2041,2041,2024-09-23,2024-09-26,Delivered
2042,2042,2024-08-28,2024-08-30,Delivered
2043,2043,,,Cancelled
2044,2044,2024-06-22,2024-06-29,Delivered
2045,2045,2025-07-07,2025-07-11,Delivered
2046,2046,2025-05-17,2025-05-22,Delivered
2047,2047,2025-08-08,2025-08-15,Delivered
2048,2048,2024-05-10,2024-05-13,Delivered
2049,2049,2025-12-27,2025-12-31,Delivered
2050,2050,2025-05-22,2025-05-26,Delivered
2051,2051,2024-10-15,2024-10-22,Delivered
2052,2052,2024-12-30,2025-01-04,Delivered
2053,2053,2024-03-18,2024-03-24,Delivered
2054,2054,2024-10-11,2024-10-14,Delivered
2055,2055,2025-11-20,2025-11-26,Delivered
2056,2056,2024-02-11,2024-02-15,Delivered
2057,2057,2025-06-20,2025-06-23,Delivered
2058,2058,2025-11-10,2025-11-19,Delivered
2059,2059,2025-10-06,2025-10-11,Delivered
2060,2060,2025-01-21,2025-01-27,Delivered
2061,2061,2025-04-29,2025-05-04,Delivered
2062,2062,2025-05-25,2025-05-29,Delivered
2063,2063,,,Cancelled
2064,2064,2024-08-09,2024-08-12,Delivered
2065,2065,2025-07-28,2025-08-01,Delivered
2066,2066,2024-02-10,2024-02-15,Delivered
2067,2067,2025-01-27,2025-01-29,Delivered
2068,2068,2024-12-26,2025-01-01,Delivered
2069,2069,,,Cancelled
2070,2070,2024-10-29,2024-11-07,Delivered
2071,2071,2025-10-10,2025-10-17,Delivered
2072,2072,2025-05-10,2025-05-17,Delivered
2073,2073,2024-10-24,2024-10-30,Returned
2074,2074,2024-09-13,2024-09-19,Delivered
2075,2075,2025-04-21,2025-04-28,Delivered
2076,2076,2025-12-17,2025-12-21,Delivered
2077,2077,2025-05-12,2025-05-15,Delivered
2078,2078,2024-08-31,2024-09-04,Delivered
2079,2079,2024-08-11,2024-08-18,Delivered
2080,2080,2024-11-28,2024-11-30,Delivered
2081,2081,2025-02-05,2025-02-09,Delivered
2082,2082,2024-02-26,2024-03-01,Delivered
2083,2083,2024-12-16,2024-12-18,Delivered
2084,2084,2025-04-05,2025-04-08,Delivered
2085,2085,2024-06-22,2024-06-26,Delivered
2086,2086,2024-04-25,2024-04-29,Delivered
2087,2087,2025-09-12,2025-09-16,Delivered
2088,2088,2024-01-25,2024-01-31,Delivered
2089,2089,2024-12-08,2024-12-13,Delivered
2090,2090,2024-03-08,2024-03-11,Delivered
2091,2091,2025-01-06,2025-01-12,Delivered
2092,2092,,,Cancelled
2093,2093,,,Cancelled
2094,2094,2025-02-28,2025-03-09,Delivered
2095,2095,,,Cancelled
2096,2096,2025-06-25,2025-06-28,Delivered
2097,2097,2025-05-13,2025-05-17,Delivered
2098,2098,2024-01-27,2024-01-29,Delivered
2099,2099,2024-09-12,2024-09-17,Delivered
2100,2100,2025-01-23,2025-01-27,Delivered
2101,2101,2024-10-06,2024-10-08,Delivered
2102,2102,2025-12-23,2025-12-26,Delivered
2103,2103,,,Cancelled
2104,2104,2025-08-28,2025-08-31,Delivered
2105,2105,2024-11-18,2024-11-21,Delivered
2106,2106,2024-01-26,2024-01-29,Delivered
2107,2107,2024-04-13,2024-04-15,Returned
2108,2108,2025-04-30,2025-05-03,Delivered
2109,2109,2024-08-16,2024-08-23,Delivered
2110,2110,2024-10-21,2024-10-27,Delivered
2111,2111,2025-01-29,2025-02-07,Returned
2112,2112,2025-02-09,2025-02-14,Delivered
2113,2113,2024-04-21,2024-04-23,Delivered
2114,2114,2024-01-27,2024-02-05,Delivered
2115,2115,2025-01-16,2025-01-19,Delivered
2116,2116,2024-11-17,2024-11-22,Delivered
2117,2117,2024-03-29,2024-04-03,Delivered
2118,2118,2025-05-17,2025-05-26,Delivered
2119,2119,,,Cancelled
2120,2120,2025-08-06,2025-08-09,Delivered
2121,2121,2024-09-16,2024-09-19,Delivered
2122,2122,2024-06-04,2024-06-07,Delivered
2123,2123,,,Cancelled
2124,2124,2025-12-09,2025-12-16,Delivered
2125,2125,2025-05-17,2025-05-21,Delivered
2126,2126,2025-11-01,2025-11-05,Delivered
2127,2127,2025-05-12,2025-05-16,Delivered
2128,2128,2024-03-27,2024-03-30,Delivered
2129,2129,2025-01-22,2025-01-25,Delivered
2130,2130,2025-06-17,2025-06-21,Delivered
2131,2131,2025-03-26,2025-03-30,Delivered
2132,2132,2025-05-23,2025-05-28,Delivered
2133,2133,2025-05-14,2025-05-19,Delivered
2134,2134,2025-03-07,2025-03-14,Delivered
2135,2135,2025-03-24,2025-03-28,Delivered
2136,2136,2025-11-24,2025-11-28,Delivered
2137,2137,2025-01-17,2025-01-22,Delivered
2138,2138,2024-10-26,2024-10-29,Delivered
2139,2139,2025-09-23,2025-09-29,Delivered
2140,2140,2024-09-16,2024-09-21,Delivered
2141,2141,2024-12-07,2024-12-10,Delivered
2142,2142,2024-05-19,2024-05-22,Delivered
2143,2143,2025-05-02,2025-05-09,Delivered
2144,2144,2024-06-03,2024-06-06,Delivered
2145,2145,2024-11-17,2024-11-20,Delivered
2146,2146,2024-04-09,2024-04-18,Delivered
2147,2147,2024-03-05,2024-03-10,Delivered
2148,2148,2024-03-11,2024-03-15,Delivered
2149,2149,2024-08-20,2024-08-24,Delivered
2150,2150,2024-07-18,2024-07-22,Delivered
2151,2151,2025-03-14,2025-03-21,Delivered
2152,2152,2025-10-03,2025-10-06,Returned
2153,2153,2025-07-09,2025-07-14,Delivered
2154,2154,2025-08-31,2025-09-04,Delivered
2155,2155,2024-10-14,2024-10-17,Delivered
2156,2156,2024-05-12,2024-05-17,Delivered
2157,2157,2025-01-29,2025-02-07,Delivered
2158,2158,2025-09-01,2025-09-05,Delivered
2159,2159,,,Cancelled
2160,2160,2024-06-22,2024-06-29,Delivered
2161,2161,2024-04-05,2024-04-09,Delivered
2162,2162,2025-05-02,2025-05-05,Delivered
2163,2163,2024-02-25,2024-03-02,Delivered
2164,2164,2025-03-14,2025-03-19,Delivered
2165,2165,2025-05-30,2025-06-05,Delivered
2166,2166,2025-01-23,2025-01-27,Delivered
2167,2167,2024-11-16,2024-11-20,Delivered
2168,2168,2025-09-14,2025-09-17,Returned
2169,2169,2025-10-12,2025-10-14,Delivered
2170,2170,2025-03-26,2025-04-01,Delivered
2171,2171,2024-09-16,2024-09-20,Delivered
2172,2172,2025-03-23,2025-03-26,Delivered
2173,2173,2025-01-12,2025-01-16,Delivered
2174,2174,2025-03-13,2025-03-18,Delivered
2175,2175,2024-07-17,2024-07-20,Delivered
2176,2176,2024-01-14,2024-01-20,Delivered
2177,2177,2024-07-21,2024-07-30,Delivered
2178,2178,,,Cancelled
2179,2179,2024-01-17,2024-01-22,Delivered
2180,2180,2024-10-10,2024-10-17,Delivered
2181,2181,2025-12-16,2025-12-21,Delivered
2182,2182,,,Cancelled
2183,2183,2025-04-28,2025-04-30,Delivered
2184,2184,2024-06-28,2024-07-03,Delivered
2185,2185,2025-07-14,2025-07-21,Delivered
2186,2186,2025-09-22,2025-09-25,Delivered
2187,2187,2024-07-02,2024-07-05,Delivered
2188,2188,2024-05-04,2024-05-09,Delivered
2189,2189,2024-03-05,2024-03-09,Delivered
2190,2190,2024-10-14,2024-10-17,Delivered
2191,2191,,,Cancelled
2192,2192,2024-11-22,2024-11-25,Delivered
2193,2193,2025-01-12,2025-01-18,Delivered
2194,2194,,,Cancelled
2195,2195,2024-03-04,2024-03-08,Delivered
2196,2196,2025-05-29,2025-06-03,Delivered
2197,2197,2024-06-26,2024-06-30,Delivered
2198,2198,2024-07-23,2024-07-27,Delivered
2199,2199,,,Cancelled
2200,2200,2024-01-06,2024-01-11,Delivered
2201,2201,2024-05-01,2024-05-03,Delivered
2202,2202,2025-12-17,2025-12-24,Delivered
2203,2203,,,Cancelled
2204,2204,2024-04-01,2024-04-07,Delivered
2205,2205,2024-01-22,2024-01-25,Delivered
2206,2206,2025-10-18,2025-10-21,Delivered
2207,2207,,,Cancelled
2208,2208,2024-07-15,2024-07-22,Delivered
2209,2209,2024-11-15,2024-11-20,Delivered
2210,2210,2024-07-02,2024-07-07,Delivered
2211,2211,,,Cancelled
2212,2212,2024-07-25,2024-07-29,Returned
2213,2213,2025-12-18,2025-12-22,Delivered
2214,2214,2024-12-30,2025-01-01,Delivered
2215,2215,2025-10-21,2025-10-25,Delivered
2216,2216,2025-12-07,2025-12-10,Delivered
2217,2217,2025-08-24,2025-08-30,Delivered
2218,2218,2024-08-04,2024-08-09,Delivered
2219,2219,2025-12-01,2025-12-04,Delivered
2220,2220,,,Cancelled
2221,2221,2024-10-04,2024-10-09,Delivered
2222,2222,2024-09-23,2024-09-27,Delivered
2223,2223,2024-05-01,2024-05-03,Delivered
2224,2224,2025-05-02,2025-05-08,Delivered
2225,2225,2025-01-18,2025-01-27,Delivered
2226,2226,2024-02-06,2024-02-08,Delivered
2227,2227,2025-01-05,2025-01-11,Delivered
2228,2228,2024-12-11,2024-12-15,Delivered
2229,2229,2024-07-13,2024-07-19,Delivered
2230,2230,2025-07-14,2025-07-18,Delivered
2231,2231,2025-09-25,2025-09-30,Delivered
2232,2232,2025-03-22,2025-03-25,Delivered
2233,2233,2024-09-07,2024-09-14,Delivered
2234,2234,2024-12-12,2024-12-16,Delivered
2235,2235,2024-02-14,2024-02-16,Delivered
2236,2236,2025-06-04,2025-06-08,Delivered
2237,2237,2024-10-05,2024-10-08,Delivered
2238,2238,2024-06-17,2024-06-21,Delivered
2239,2239,2025-09-05,2025-09-11,Returned
2240,2240,2025-08-07,2025-08-10,Delivered
2241,2241,2024-02-26,2024-03-03,Delivered
2242,2242,2024-05-27,2024-06-05,Delivered
2243,2243,2025-04-19,2025-04-23,Delivered
2244,2244,2024-06-28,2024-07-03,Delivered
2245,2245,2024-08-31,2024-09-03,Delivered
2246,2246,2024-09-09,2024-09-14,Delivered
2247,2247,2025-01-21,2025-01-24,Delivered
2248,2248,2024-04-15,2024-04-19,Delivered
2249,2249,,,Cancelled
2250,2250,2025-01-22,2025-01-29,Delivered
2251,2251,2024-04-10,2024-04-14,Delivered
2252,2252,2024-05-18,2024-05-21,Delivered
2253,2253,2024-10-18,2024-10-22,Delivered
2254,2254,2025-09-05,2025-09-08,Delivered
2255,2255,2025-05-17,2025-05-22,Delivered
2256,2256,,,Cancelled
2257,2257,2024-08-30,2024-09-04,Delivered
2258,2258,2024-01-04,2024-01-07,Delivered
2259,2259,2024-03-22,2024-03-25,Delivered
2260,2260,2024-07-13,2024-07-16,Delivered
2261,2261,2024-04-06,2024-04-11,Delivered
2262,2262,2025-03-14,2025-03-17,Delivered
2263,2263,2025-11-24,2025-11-30,Delivered
2264,2264,2025-03-09,2025-03-14,Delivered
2265,2265,2025-06-15,2025-06-24,Delivered
2266,2266,2024-12-21,2024-12-25,Delivered
2267,2267,2025-02-20,2025-02-23,Delivered
2268,2268,2025-08-14,2025-08-18,Delivered
2269,2269,2024-01-14,2024-01-18,Delivered
2270,2270,2025-02-17,2025-02-21,Delivered
2271,2271,2025-03-12,2025-03-15,Delivered
2272,2272,2025-09-13,2025-09-16,Delivered
2273,2273,2025-05-01,2025-05-03,Delivered
2274,2274,2025-01-09,2025-01-15,Delivered
2275,2275,,,Cancelled
2276,2276,2024-06-03,2024-06-06,Delivered
2277,2277,2025-12-28,2026-01-01,Delivered
2278,2278,,,Cancelled
2279,2279,2024-02-22,2024-02-25,Delivered
2280,2280,2025-05-18,2025-05-23,Delivered
2281,2281,2025-09-06,2025-09-09,Delivered
2282,2282,2024-12-12,2024-12-14,Delivered
2283,2283,2024-01-28,2024-01-31,Delivered
2284,2284,2025-01-01,2025-01-06,Delivered
2285,2285,2024-11-02,2024-11-06,Delivered
2286,2286,2025-01-03,2025-01-08,Delivered
2287,2287,2025-02-11,2025-02-16,Delivered
2288,2288,2024-04-09,2024-04-13,Delivered
2289,2289,,,Cancelled
2290,2290,2025-04-17,2025-04-23,Delivered
2291,2291,2025-06-22,2025-06-29,Delivered
2292,2292,2024-12-01,2024-12-07,Delivered
2293,2293,2025-10-16,2025-10-19,Delivered
2294,2294,2024-03-22,2024-03-25,Returned
2295,2295,2024-11-07,2024-11-13,Delivered
2296,2296,2024-09-23,2024-09-26,Delivered
2297,2297,2024-03-24,2024-03-29,Returned
2298,2298,2024-07-18,2024-07-27,Delivered
2299,2299,2025-09-25,2025-09-29,Delivered
2300,2300,2024-09-09,2024-09-12,Delivered
2301,2301,2025-08-13,2025-08-18,Delivered
2302,2302,2025-03-25,2025-03-29,Delivered
2303,2303,2024-07-12,2024-07-15,Delivered
2304,2304,,,Cancelled
2305,2305,2024-10-21,2024-10-24,Delivered
2306,2306,2024-01-22,2024-01-25,Delivered
2307,2307,2024-10-03,2024-10-07,Delivered
2308,2308,2025-10-14,2025-10-16,Delivered
2309,2309,2024-01-20,2024-01-24,Delivered
2310,2310,2025-09-19,2025-09-24,Delivered
2311,2311,2025-04-19,2025-04-22,Delivered
2312,2312,2024-12-04,2024-12-08,Delivered
2313,2313,2025-07-28,2025-07-31,Delivered
2314,2314,2024-12-21,2024-12-25,Delivered
2315,2315,2025-05-28,2025-05-31,Delivered
2316,2316,2025-11-22,2025-11-25,Delivered
2317,2317,2025-11-08,2025-11-13,Returned
2318,2318,2025-05-16,2025-05-23,Returned
2319,2319,2024-08-03,2024-08-07,Returned
2320,2320,2024-11-08,2024-11-12,Delivered
2321,2321,2025-11-23,2025-11-30,Delivered
2322,2322,2025-08-22,2025-08-25,Delivered
2323,2323,2025-03-19,2025-03-25,Returned
2324,2324,2024-10-19,2024-10-23,Delivered
2325,2325,2025-01-22,2025-01-26,Delivered
2326,2326,2024-05-08,2024-05-15,Delivered
2327,2327,2024-04-24,2024-04-28,Delivered
2328,2328,2024-06-14,2024-06-21,Returned
2329,2329,2025-02-23,2025-02-28,Delivered
2330,2330,2025-09-08,2025-09-13,Delivered
2331,2331,2025-10-09,2025-10-13,Delivered
2332,2332,2025-10-13,2025-10-17,Delivered
2333,2333,2025-06-30,2025-07-05,Delivered
2334,2334,2025-05-23,2025-05-25,Delivered
2335,2335,2025-04-06,2025-04-10,Returned
2336,2336,2025-02-14,2025-02-18,Delivered
2337,2337,2024-12-09,2024-12-14,Delivered
2338,2338,2024-04-13,2024-04-22,Delivered
2339,2339,2025-03-07,2025-03-14,Delivered
2340,2340,2025-09-28,2025-10-05,Delivered
2341,2341,2025-05-31,2025-06-05,Delivered
2342,2342,2025-02-25,2025-03-04,Delivered
2343,2343,2024-06-21,2024-06-26,Delivered
2344,2344,2024-04-05,2024-04-08,Delivered
2345,2345,2025-11-02,2025-11-04,Delivered
2346,2346,2024-07-17,2024-07-24,Delivered
2347,2347,2024-09-05,2024-09-10,Delivered
2348,2348,2024-07-25,2024-08-01,Delivered
2349,2349,2024-02-02,2024-02-08,Delivered
2350,2350,2024-09-09,2024-09-11,Delivered
2351,2351,2024-07-03,2024-07-09,Delivered
2352,2352,,,Cancelled
2353,2353,2024-06-13,2024-06-16,Delivered
2354,2354,2024-03-15,2024-03-18,Delivered
2355,2355,,,Cancelled
2356,2356,2025-02-01,2025-02-03,Delivered
2357,2357,2024-09-26,2024-10-01,Delivered
2358,2358,2025-09-16,2025-09-20,Returned
2359,2359,2024-01-26,2024-01-30,Delivered
2360,2360,2024-03-04,2024-03-09,Delivered
2361,2361,2024-02-13,2024-02-16,Delivered
2362,2362,2025-06-09,2025-06-13,Delivered
2363,2363,2024-05-10,2024-05-14,Delivered
2364,2364,2025-08-17,2025-08-22,Delivered
2365,2365,2025-02-27,2025-03-02,Delivered
2366,2366,2024-09-06,2024-09-09,Delivered
2367,2367,2024-12-06,2024-12-10,Delivered
2368,2368,2025-12-29,2026-01-03,Delivered
2369,2369,2024-09-24,2024-09-30,Delivered
2370,2370,2024-12-06,2024-12-12,Delivered
2371,2371,2024-10-09,2024-10-15,Delivered
2372,2372,2024-06-01,2024-06-06,Delivered
2373,2373,2025-01-15,2025-01-18,Delivered
2374,2374,2024-11-12,2024-11-15,Delivered
2375,2375,2024-11-10,2024-11-13,Delivered
2376,2376,2024-10-30,2024-11-01,Delivered
2377,2377,2024-05-13,2024-05-19,Delivered
2378,2378,2025-01-31,2025-02-03,Delivered
2379,2379,2024-08-07,2024-08-14,Delivered
2380,2380,2024-01-16,2024-01-18,Delivered
2381,2381,2025-06-16,2025-06-21,Delivered
2382,2382,2024-06-26,2024-06-29,Delivered
2383,2383,2025-05-31,2025-06-03,Delivered
2384,2384,2025-05-14,2025-05-17,Delivered
2385,2385,2025-05-11,2025-05-20,Delivered
2386,2386,2024-01-16,2024-01-19,Returned
2387,2387,2024-08-21,2024-08-25,Delivered
2388,2388,2024-10-13,2024-10-16,Delivered
2389,2389,2024-05-05,2024-05-10,Delivered
2390,2390,,,Cancelled
2391,2391,,,Cancelled
2392,2392,2025-06-21,2025-06-23,Delivered
2393,2393,2025-11-14,2025-11-16,Delivered
2394,2394,2024-12-06,2024-12-10,Delivered
2395,2395,2025-07-02,2025-07-09,Delivered
2396,2396,2024-02-28,2024-03-02,Delivered
2397,2397,2024-09-08,2024-09-12,Delivered
2398,2398,,,Cancelled
2399,2399,2025-12-10,2025-12-14,Delivered
2400,2400,2025-09-18,2025-09-24,Delivered
2401,2401,,,Cancelled
2402,2402,2024-05-16,2024-05-22,Delivered
2403,2403,2024-08-23,2024-08-28,Delivered
2404,2404,2025-05-05,2025-05-08,Delivered
2405,2405,2024-02-23,2024-02-26,Delivered
2406,2406,2024-07-21,2024-07-26,Delivered
2407,2407,2025-05-04,2025-05-13,Delivered
2408,2408,2024-08-11,2024-08-18,Delivered
2409,2409,2024-01-13,2024-01-18,Delivered
2410,2410,,,Cancelled
2411,2411,2025-10-22,2025-10-28,Delivered
2412,2412,2025-09-23,2025-09-26,Returned
2413,2413,2025-02-21,2025-02-26,Delivered
2414,2414,2024-07-02,2024-07-07,Delivered
2415,2415,2024-10-19,2024-10-22,Delivered
2416,2416,2025-06-29,2025-07-03,Delivered
2417,2417,2025-07-31,2025-08-06,Delivered
2418,2418,2024-04-26,2024-05-01,Delivered
2419,2419,2025-06-08,2025-06-11,Delivered
2420,2420,2024-03-10,2024-03-16,Delivered
2421,2421,2025-03-30,2025-04-02,Delivered
2422,2422,2024-07-07,2024-07-13,Delivered
2423,2423,2024-08-26,2024-08-30,Delivered
2424,2424,2024-11-24,2024-11-30,Delivered
2425,2425,2024-11-06,2024-11-09,Delivered
2426,2426,2024-06-10,2024-06-19,Delivered
2427,2427,,,Cancelled
2428,2428,2025-11-11,2025-11-14,Delivered
2429,2429,2025-05-02,2025-05-07,Delivered
2430,2430,2024-10-04,2024-10-08,Returned
2431,2431,2024-11-08,2024-11-17,Delivered
2432,2432,2024-12-30,2025-01-04,Delivered
2433,2433,2025-03-13,2025-03-20,Delivered
2434,2434,2024-01-07,2024-01-12,Delivered
2435,2435,2024-12-31,2025-01-04,Delivered
2436,2436,2025-04-13,2025-04-16,Delivered
2437,2437,2024-07-28,2024-08-06,Delivered
2438,2438,2024-10-31,2024-11-03,Delivered
2439,2439,2025-01-29,2025-02-07,Delivered
2440,2440,2024-07-24,2024-07-27,Delivered
2441,2441,2024-10-10,2024-10-17,Delivered
2442,2442,2024-12-02,2024-12-07,Delivered
2443,2443,2025-09-01,2025-09-07,Returned
2444,2444,2024-02-18,2024-02-22,Delivered
2445,2445,2025-12-27,2026-01-01,Delivered
2446,2446,2025-08-26,2025-09-01,Delivered
2447,2447,2025-10-18,2025-10-24,Delivered
2448,2448,2025-03-27,2025-03-30,Delivered
2449,2449,2024-03-19,2024-03-26,Returned
2450,2450,,,Cancelled
2451,2451,2024-11-03,2024-11-06,Delivered
2452,2452,2025-03-27,2025-04-03,Delivered
2453,2453,2025-11-09,2025-11-14,Delivered
2454,2454,2024-10-27,2024-10-30,Delivered
2455,2455,2024-03-13,2024-03-15,Delivered
2456,2456,2025-01-07,2025-01-13,Delivered
2457,2457,2024-07-09,2024-07-12,Delivered
2458,2458,2025-01-07,2025-01-12,Delivered
2459,2459,2025-12-23,2025-12-27,Delivered
2460,2460,2024-01-25,2024-02-01,Delivered
2461,2461,2025-03-16,2025-03-19,Delivered
2462,2462,2024-02-21,2024-02-24,Delivered
2463,2463,2025-01-18,2025-01-22,Delivered
2464,2464,2025-06-03,2025-06-08,Delivered
2465,2465,2024-10-17,2024-10-19,Delivered
2466,2466,2024-03-20,2024-03-24,Delivered
2467,2467,2024-04-27,2024-05-01,Delivered
2468,2468,2024-04-01,2024-04-05,Returned
2469,2469,2025-10-29,2025-11-02,Delivered
2470,2470,2025-12-03,2025-12-06,Delivered
2471,2471,2025-04-09,2025-04-13,Delivered
2472,2472,2024-03-17,2024-03-23,Delivered
2473,2473,2025-04-11,2025-04-16,Delivered
2474,2474,2025-03-21,2025-03-27,Delivered
2475,2475,,,Cancelled
2476,2476,2024-01-12,2024-01-21,Delivered
2477,2477,2024-09-25,2024-09-29,Delivered
2478,2478,2024-12-01,2024-12-06,Delivered
2479,2479,2024-07-26,2024-07-31,Returned
2480,2480,2025-08-16,2025-08-23,Delivered
2481,2481,2024-08-02,2024-08-07,Delivered
2482,2482,2025-07-01,2025-07-04,Returned
2483,2483,2024-05-11,2024-05-20,Delivered
2484,2484,2024-12-04,2024-12-10,Returned
2485,2485,2024-08-02,2024-08-07,Delivered
2486,2486,2024-10-07,2024-10-09,Returned
2487,2487,2024-12-30,2025-01-04,Delivered
2488,2488,,,Cancelled
2489,2489,,,Cancelled
2490,2490,2024-08-02,2024-08-06,Delivered
2491,2491,2025-02-15,2025-02-19,Delivered
2492,2492,2025-08-28,2025-09-03,Delivered
2493,2493,2025-06-05,2025-06-09,Delivered
2494,2494,2024-06-18,2024-06-20,Delivered
2495,2495,2025-09-12,2025-09-17,Delivered
2496,2496,2025-03-02,2025-03-04,Delivered
2497,2497,2025-06-04,2025-06-08,Delivered
2498,2498,2024-04-25,2024-04-28,Delivered
2499,2499,2025-03-08,2025-03-11,Returned
2500,2500,2024-12-30,2025-01-05,Returned
2501,2501,2024-03-08,2024-03-12,Returned
2502,2502,2024-11-04,2024-11-07,Returned
2503,2503,2025-10-31,2025-11-05,Delivered
2504,2504,2025-04-30,2025-05-02,Returned
2505,2505,2025-10-26,2025-10-31,Delivered
2506,2506,2024-09-14,2024-09-19,Delivered
2507,2507,2025-06-18,2025-06-22,Delivered
2508,2508,2024-02-12,2024-02-16,Delivered
2509,2509,2025-11-10,2025-11-14,Delivered
2510,2510,2024-06-13,2024-06-17,Delivered
2511,2511,2025-06-16,2025-06-21,Delivered
2512,2512,2025-11-18,2025-11-23,Delivered
2513,2513,2024-04-24,2024-04-28,Delivered
2514,2514,2024-11-12,2024-11-17,Delivered
2515,2515,2024-10-01,2024-10-04,Delivered
2516,2516,2024-01-30,2024-02-04,Delivered
2517,2517,,,Cancelled
2518,2518,2025-02-24,2025-02-28,Delivered
2519,2519,2025-09-07,2025-09-09,Delivered
2520,2520,2024-04-13,2024-04-17,Delivered
2521,2521,2024-04-05,2024-04-08,Returned
2522,2522,2025-05-04,2025-05-10,Returned
2523,2523,2025-07-06,2025-07-10,Delivered
2524,2524,2025-10-15,2025-10-22,Delivered
2525,2525,2024-09-21,2024-09-25,Delivered
2526,2526,2025-01-11,2025-01-16,Delivered
2527,2527,2025-05-07,2025-05-13,Delivered
2528,2528,2025-08-10,2025-08-14,Delivered
2529,2529,2024-05-13,2024-05-17,Delivered
2530,2530,2024-04-09,2024-04-14,Delivered
2531,2531,2025-09-24,2025-09-29,Delivered
2532,2532,2024-07-10,2024-07-13,Delivered
2533,2533,2025-12-30,2026-01-04,Delivered
2534,2534,2025-06-14,2025-06-18,Returned
2535,2535,2024-05-15,2024-05-17,Delivered
2536,2536,2024-05-30,2024-06-02,Delivered
2537,2537,,,Cancelled
2538,2538,2025-10-10,2025-10-14,Delivered
2539,2539,2024-01-16,2024-01-20,Delivered
2540,2540,2024-09-02,2024-09-05,Delivered
2541,2541,2025-08-11,2025-08-14,Delivered
2542,2542,,,Cancelled
2543,2543,2025-08-17,2025-08-22,Delivered
2544,2544,2025-04-12,2025-04-16,Delivered
2545,2545,2024-05-02,2024-05-06,Delivered
2546,2546,2025-06-11,2025-06-17,Delivered
2547,2547,2024-07-10,2024-07-13,Delivered
2548,2548,2025-05-17,2025-05-22,Delivered
2549,2549,2025-11-16,2025-11-20,Delivered
2550,2550,2024-03-07,2024-03-10,Delivered
2551,2551,2025-07-13,2025-07-17,Delivered
2552,2552,2025-04-14,2025-04-18,Delivered
2553,2553,,,Cancelled
2554,2554,2025-04-11,2025-04-20,Delivered
2555,2555,2024-03-28,2024-03-31,Delivered
2556,2556,2025-06-08,2025-06-14,Delivered
2557,2557,2024-08-18,2024-08-21,Delivered
2558,2558,2024-12-30,2025-01-01,Delivered
2559,2559,2025-08-01,2025-08-05,Delivered
2560,2560,2025-06-30,2025-07-04,Delivered
2561,2561,2025-06-29,2025-07-03,Delivered
2562,2562,2025-11-29,2025-12-05,Delivered
2563,2563,,,Cancelled
2564,2564,2024-06-06,2024-06-09,Returned
2565,2565,2025-03-12,2025-03-16,Delivered
2566,2566,2025-02-17,2025-02-22,Delivered
2567,2567,2025-03-10,2025-03-13,Delivered
2568,2568,2024-11-04,2024-11-08,Delivered
2569,2569,2025-07-26,2025-08-02,Delivered
2570,2570,2025-09-21,2025-09-28,Returned
2571,2571,2025-02-26,2025-03-03,Delivered
2572,2572,2024-06-15,2024-06-18,Delivered
2573,2573,2025-10-24,2025-10-29,Delivered
2574,2574,2024-09-14,2024-09-17,Delivered
2575,2575,,,Cancelled
2576,2576,2025-08-25,2025-08-30,Delivered
2577,2577,2024-05-27,2024-06-02,Delivered
2578,2578,2024-01-15,2024-01-19,Delivered
2579,2579,2025-06-21,2025-06-25,Delivered
2580,2580,2025-04-29,2025-05-05,Delivered
2581,2581,2024-05-09,2024-05-15,Delivered
2582,2582,,,Cancelled
2583,2583,2024-12-18,2024-12-21,Returned
2584,2584,2025-01-26,2025-02-01,Delivered
2585,2585,2025-03-14,2025-03-20,Delivered
2586,2586,2025-12-11,2025-12-17,Delivered
2587,2587,2025-06-21,2025-06-24,Delivered
2588,2588,,,Cancelled
2589,2589,,,Cancelled
2590,2590,2025-03-21,2025-03-23,Delivered
2591,2591,2024-10-16,2024-10-23,Delivered
2592,2592,2024-09-15,2024-09-21,Delivered
2593,2593,2025-11-14,2025-11-16,Returned
2594,2594,2024-01-17,2024-01-21,Delivered
2595,2595,2024-09-06,2024-09-15,Delivered
2596,2596,2025-03-21,2025-03-30,Delivered
2597,2597,2025-12-29,2026-01-04,Delivered
2598,2598,2025-08-03,2025-08-08,Delivered
2599,2599,2025-11-15,2025-11-19,Delivered
2600,2600,2025-08-29,2025-08-31,Returned
2601,2601,2024-04-10,2024-04-14,Returned
2602,2602,2025-01-07,2025-01-09,Delivered
2603,2603,2025-09-11,2025-09-14,Delivered
2604,2604,2024-02-11,2024-02-16,Delivered
2605,2605,,,Cancelled
2606,2606,2025-02-13,2025-02-18,Delivered
2607,2607,2025-11-17,2025-11-22,Delivered
2608,2608,2024-01-26,2024-01-29,Returned
2609,2609,2024-10-28,2024-11-02,Delivered
2610,2610,2025-04-14,2025-04-17,Delivered
2611,2611,2024-12-21,2024-12-25,Returned
2612,2612,2024-10-12,2024-10-18,Delivered
2613,2613,2025-04-16,2025-04-23,Returned
2614,2614,2024-06-15,2024-06-19,Delivered
2615,2615,2025-07-16,2025-07-21,Delivered
2616,2616,,,Cancelled
2617,2617,2024-04-02,2024-04-05,Delivered
2618,2618,,,Cancelled
2619,2619,2024-04-04,2024-04-10,Delivered
2620,2620,2025-05-27,2025-06-01,Delivered
2621,2621,,,Cancelled
2622,2622,2024-12-26,2024-12-30,Delivered
2623,2623,2025-01-06,2025-01-10,Returned
2624,2624,2024-01-19,2024-01-24,Delivered
2625,2625,2025-06-04,2025-06-09,Delivered
2626,2626,2025-07-30,2025-08-04,Delivered
2627,2627,2025-12-14,2025-12-20,Delivered
2628,2628,,,Cancelled
2629,2629,2025-02-21,2025-02-27,Delivered
2630,2630,2025-06-30,2025-07-03,Delivered
2631,2631,,,Cancelled
2632,2632,2024-10-29,2024-11-03,Delivered
2633,2633,2024-11-30,2024-12-06,Delivered
2634,2634,2024-09-09,2024-09-13,Delivered
2635,2635,2024-01-28,2024-02-03,Delivered
2636,2636,,,Cancelled
2637,2637,2025-10-26,2025-10-30,Delivered
2638,2638,,,Cancelled
2639,2639,2025-03-28,2025-04-02,Delivered
2640,2640,2024-07-16,2024-07-23,Delivered
2641,2641,2025-08-20,2025-08-24,Delivered
2642,2642,2025-02-02,2025-02-07,Delivered
2643,2643,2025-01-10,2025-01-12,Delivered
2644,2644,2024-08-31,2024-09-09,Delivered
2645,2645,2025-12-11,2025-12-18,Delivered
2646,2646,2025-12-21,2025-12-28,Delivered
2647,2647,2024-05-12,2024-05-16,Returned
2648,2648,2025-06-06,2025-06-12,Delivered
2649,2649,2024-04-18,2024-04-22,Delivered
2650,2650,2025-12-21,2025-12-23,Returned
2651,2651,2024-08-18,2024-08-27,Delivered
2652,2652,2024-02-26,2024-02-29,Delivered
2653,2653,2025-08-31,2025-09-04,Delivered
2654,2654,2024-01-26,2024-01-29,Delivered
2655,2655,2024-02-29,2024-03-03,Delivered
2656,2656,2024-06-02,2024-06-05,Delivered
2657,2657,2024-10-12,2024-10-18,Delivered
2658,2658,2024-01-31,2024-02-03,Delivered
2659,2659,2025-12-25,2025-12-28,Returned
2660,2660,2025-11-11,2025-11-14,Delivered
2661,2661,2025-11-24,2025-11-27,Delivered
2662,2662,2025-06-07,2025-06-14,Delivered
2663,2663,2025-11-29,2025-12-03,Delivered
2664,2664,2025-09-19,2025-09-22,Delivered
2665,2665,2025-08-25,2025-08-28,Delivered
2666,2666,2025-09-21,2025-09-23,Delivered
2667,2667,2024-06-15,2024-06-19,Delivered
2668,2668,2024-07-05,2024-07-11,Delivered
2669,2669,2025-05-22,2025-05-25,Delivered
2670,2670,2024-04-08,2024-04-15,Delivered
2671,2671,2025-12-04,2025-12-09,Delivered
2672,2672,2025-12-16,2025-12-23,Delivered
2673,2673,2024-07-09,2024-07-13,Delivered
2674,2674,,,Cancelled
2675,2675,2024-04-03,2024-04-05,Delivered
2676,2676,2024-08-21,2024-08-25,Returned
2677,2677,2024-03-27,2024-04-01,Delivered
2678,2678,2025-06-21,2025-06-26,Delivered
2679,2679,2024-03-04,2024-03-11,Delivered
2680,2680,2024-04-09,2024-04-13,Delivered
2681,2681,2024-01-14,2024-01-18,Delivered
2682,2682,2024-02-01,2024-02-05,Delivered
2683,2683,2024-03-14,2024-03-18,Delivered
2684,2684,2025-05-27,2025-06-01,Delivered
2685,2685,,,Cancelled
2686,2686,2024-06-08,2024-06-13,Delivered
2687,2687,,,Cancelled
2688,2688,2024-07-03,2024-07-07,Delivered
2689,2689,2025-04-03,2025-04-08,Delivered
2690,2690,2025-07-05,2025-07-10,Delivered
2691,2691,2024-10-27,2024-10-29,Delivered
2692,2692,2025-08-28,2025-08-30,Delivered
2693,2693,2025-05-27,2025-06-05,Delivered
2694,2694,2024-12-14,2024-12-19,Returned
2695,2695,2025-02-04,2025-02-07,Returned
2696,2696,2025-07-24,2025-07-28,Delivered
2697,2697,2024-05-27,2024-05-30,Returned
2698,2698,2024-07-13,2024-07-20,Delivered
2699,2699,2025-05-09,2025-05-12,Delivered
2700,2700,,,Cancelled
2701,2701,2025-11-13,2025-11-17,Delivered
2702,2702,2025-08-02,2025-08-08,Delivered
2703,2703,2025-02-10,2025-02-13,Delivered
2704,2704,2024-11-25,2024-11-27,Delivered
2705,2705,2024-10-28,2024-11-01,Delivered
2706,2706,2025-01-22,2025-01-26,Delivered
2707,2707,2024-04-19,2024-04-25,Delivered
2708,2708,2025-02-05,2025-02-10,Delivered
2709,2709,2024-10-22,2024-10-25,Delivered
2710,2710,2024-02-14,2024-02-18,Returned
2711,2711,,,Cancelled
2712,2712,2024-06-29,2024-07-04,Delivered
2713,2713,2025-07-03,2025-07-05,Delivered
2714,2714,2025-01-30,2025-02-03,Delivered
2715,2715,,,Cancelled
2716,2716,,,Cancelled
2717,2717,2025-01-15,2025-01-22,Delivered
2718,2718,2024-08-08,2024-08-13,Delivered
2719,2719,2024-08-15,2024-08-24,Delivered
2720,2720,2024-07-28,2024-08-01,Delivered
2721,2721,2025-09-21,2025-09-26,Delivered
2722,2722,2024-08-01,2024-08-07,Delivered
2723,2723,2024-01-07,2024-01-12,Delivered
2724,2724,2024-12-05,2024-12-10,Returned
2725,2725,,,Cancelled
2726,2726,2024-02-17,2024-02-22,Delivered
2727,2727,2025-10-01,2025-10-04,Delivered
2728,2728,2025-03-10,2025-03-16,Delivered
2729,2729,2025-10-05,2025-10-14,Delivered
2730,2730,,,Cancelled
2731,2731,2025-12-08,2025-12-11,Delivered
2732,2732,,,Cancelled
2733,2733,2025-05-16,2025-05-20,Delivered
2734,2734,2025-12-12,2025-12-16,Delivered
2735,2735,2025-04-07,2025-04-09,Delivered
2736,2736,2024-03-15,2024-03-19,Delivered
2737,2737,2025-05-16,2025-05-20,Delivered
2738,2738,2024-06-23,2024-06-25,Delivered
2739,2739,2025-12-14,2025-12-17,Delivered
2740,2740,2024-10-20,2024-10-25,Delivered
2741,2741,,,Cancelled
2742,2742,2024-07-27,2024-07-29,Delivered
2743,2743,2024-07-27,2024-08-01,Delivered
2744,2744,2025-04-26,2025-04-30,Delivered
2745,2745,2024-02-10,2024-02-15,Delivered
2746,2746,2025-12-12,2025-12-17,Delivered
2747,2747,2025-01-17,2025-01-20,Delivered
2748,2748,2025-09-05,2025-09-08,Delivered
2749,2749,2024-07-13,2024-07-16,Delivered
2750,2750,2025-08-06,2025-08-09,Returned
2751,2751,2024-09-16,2024-09-22,Delivered
2752,2752,2025-10-23,2025-10-26,Delivered
2753,2753,2024-10-28,2024-11-02,Delivered
2754,2754,2025-10-07,2025-10-09,Delivered
2755,2755,,,Cancelled
2756,2756,2024-09-11,2024-09-15,Delivered
2757,2757,2024-06-15,2024-06-17,Delivered
2758,2758,2024-03-01,2024-03-06,Delivered
2759,2759,2025-06-16,2025-06-21,Delivered
2760,2760,2024-06-23,2024-07-02,Returned
2761,2761,,,Cancelled
2762,2762,2024-08-29,2024-09-03,Delivered
2763,2763,2024-03-01,2024-03-05,Delivered
2764,2764,2024-08-19,2024-08-24,Delivered
2765,2765,2024-03-17,2024-03-22,Delivered
2766,2766,2025-05-03,2025-05-09,Delivered
2767,2767,2025-12-04,2025-12-13,Delivered
2768,2768,2024-09-01,2024-09-03,Delivered
2769,2769,2024-12-21,2024-12-27,Delivered
2770,2770,2024-06-08,2024-06-13,Delivered
2771,2771,2024-08-18,2024-08-22,Delivered
2772,2772,2024-06-28,2024-07-05,Returned
2773,2773,2024-06-16,2024-06-18,Delivered
2774,2774,2024-11-06,2024-11-09,Delivered
2775,2775,,,Cancelled
2776,2776,2024-05-09,2024-05-13,Delivered
2777,2777,,,Cancelled
2778,2778,2025-04-11,2025-04-18,Returned
2779,2779,2025-01-09,2025-01-12,Delivered
2780,2780,2024-05-19,2024-05-24,Delivered
2781,2781,2024-08-12,2024-08-16,Delivered
2782,2782,2025-11-07,2025-11-09,Delivered
2783,2783,2025-07-16,2025-07-20,Delivered
2784,2784,2024-08-07,2024-08-14,Delivered
2785,2785,2025-07-10,2025-07-14,Delivered
2786,2786,2025-10-02,2025-10-06,Delivered
2787,2787,,,Cancelled
2788,2788,2025-01-29,2025-02-05,Delivered
2789,2789,2025-03-30,2025-04-05,Delivered
2790,2790,2025-08-06,2025-08-10,Delivered
2791,2791,2025-11-30,2025-12-09,Delivered
2792,2792,2025-02-16,2025-02-22,Delivered
2793,2793,2024-06-05,2024-06-09,Delivered
2794,2794,2024-05-16,2024-05-20,Delivered
2795,2795,2025-09-22,2025-09-27,Delivered
2796,2796,2024-02-08,2024-02-17,Delivered
2797,2797,2024-03-31,2024-04-06,Delivered
2798,2798,,,Cancelled
2799,2799,2025-01-01,2025-01-08,Delivered
2800,2800,,,Cancelled
2801,2801,2025-10-03,2025-10-08,Delivered
2802,2802,2025-04-04,2025-04-13,Delivered
2803,2803,2024-10-26,2024-11-01,Delivered
2804,2804,2024-06-14,2024-06-19,Delivered
2805,2805,2025-07-02,2025-07-07,Delivered
2806,2806,2025-07-22,2025-07-26,Delivered
2807,2807,2025-12-08,2025-12-11,Returned
2808,2808,2024-06-02,2024-06-11,Delivered
2809,2809,2024-05-21,2024-05-26,Delivered
2810,2810,2024-06-25,2024-06-30,Delivered
2811,2811,2025-01-09,2025-01-13,Delivered
2812,2812,2025-04-04,2025-04-06,Returned
2813,2813,2025-11-21,2025-11-25,Delivered
2814,2814,2024-03-31,2024-04-06,Delivered
2815,2815,2025-10-03,2025-10-07,Delivered
2816,2816,2024-06-04,2024-06-11,Returned
2817,2817,2025-11-18,2025-11-22,Returned
2818,2818,2024-10-28,2024-10-30,Delivered
2819,2819,2024-03-29,2024-04-04,Delivered
2820,2820,2025-05-24,2025-05-28,Delivered
2821,2821,2025-03-06,2025-03-10,Delivered
2822,2822,2024-07-16,2024-07-20,Delivered
2823,2823,2024-01-27,2024-02-02,Delivered
2824,2824,2024-02-25,2024-03-02,Delivered
2825,2825,2024-09-29,2024-10-02,Returned
2826,2826,2024-02-12,2024-02-18,Delivered
2827,2827,2025-11-06,2025-11-10,Delivered
2828,2828,2025-07-19,2025-07-28,Delivered
2829,2829,2025-10-02,2025-10-07,Delivered
2830,2830,2024-11-07,2024-11-11,Delivered
2831,2831,2025-01-25,2025-01-29,Delivered
2832,2832,2024-10-04,2024-10-11,Delivered
2833,2833,2025-06-11,2025-06-15,Delivered
2834,2834,2024-05-17,2024-05-20,Delivered
2835,2835,2024-07-18,2024-07-25,Delivered
2836,2836,2025-04-08,2025-04-13,Delivered
2837,2837,,,Cancelled
2838,2838,2024-05-12,2024-05-16,Delivered
2839,2839,2025-01-19,2025-01-22,Delivered
2840,2840,,,Cancelled
2841,2841,2024-01-17,2024-01-20,Delivered
2842,2842,2025-09-25,2025-09-30,Delivered
2843,2843,,,Cancelled
2844,2844,2025-11-13,2025-11-17,Delivered
2845,2845,2025-12-23,2025-12-27,Delivered
2846,2846,2024-03-26,2024-04-02,Delivered
2847,2847,2024-04-05,2024-04-07,Delivered
2848,2848,2024-08-29,2024-09-02,Delivered
2849,2849,2025-02-02,2025-02-07,Delivered
2850,2850,2025-05-03,2025-05-09,Delivered
2851,2851,2025-09-12,2025-09-16,Delivered
2852,2852,,,Cancelled
2853,2853,2025-03-31,2025-04-05,Delivered
2854,2854,2024-07-02,2024-07-05,Delivered
2855,2855,2025-07-12,2025-07-15,Returned
2856,2856,2024-05-07,2024-05-10,Delivered
2857,2857,2024-07-11,2024-07-14,Delivered
2858,2858,2024-06-16,2024-06-21,Delivered
2859,2859,2024-11-01,2024-11-07,Delivered
2860,2860,2024-10-22,2024-10-26,Delivered
2861,2861,2024-12-22,2024-12-27,Delivered
2862,2862,2025-11-04,2025-11-10,Delivered
2863,2863,2024-06-17,2024-06-20,Delivered
2864,2864,2024-12-19,2024-12-26,Delivered
2865,2865,2025-03-18,2025-03-22,Delivered
2866,2866,2025-04-03,2025-04-06,Returned
2867,2867,2024-04-02,2024-04-07,Delivered
2868,2868,2025-01-08,2025-01-14,Delivered
2869,2869,2024-03-09,2024-03-14,Delivered
2870,2870,2024-11-23,2024-11-26,Delivered
2871,2871,2025-05-09,2025-05-16,Delivered
2872,2872,2025-05-16,2025-05-18,Delivered
2873,2873,2024-07-14,2024-07-21,Delivered
2874,2874,2025-12-11,2025-12-15,Delivered
2875,2875,2025-04-19,2025-04-25,Returned
2876,2876,,,Cancelled
2877,2877,2025-04-10,2025-04-15,Delivered
2878,2878,2025-02-01,2025-02-06,Returned
2879,2879,2024-05-24,2024-05-30,Delivered
2880,2880,2025-10-11,2025-10-16,Delivered
2881,2881,,,Cancelled
2882,2882,2025-09-02,2025-09-07,Delivered
2883,2883,2025-02-05,2025-02-09,Delivered
2884,2884,2024-07-22,2024-07-31,Delivered
2885,2885,2024-11-09,2024-11-13,Delivered
2886,2886,2025-05-15,2025-05-19,Delivered
2887,2887,2025-03-22,2025-03-28,Delivered
2888,2888,2024-03-05,2024-03-11,Returned
2889,2889,2024-11-28,2024-12-02,Delivered
2890,2890,2024-05-25,2024-05-28,Delivered
2891,2891,2024-08-12,2024-08-15,Delivered
2892,2892,2024-11-12,2024-11-16,Delivered
2893,2893,2024-11-16,2024-11-20,Delivered
2894,2894,2024-05-07,2024-05-16,Delivered
2895,2895,2024-12-16,2024-12-25,Delivered
2896,2896,2024-05-12,2024-05-21,Delivered
2897,2897,2024-03-07,2024-03-13,Delivered
2898,2898,2024-09-12,2024-09-16,Returned
2899,2899,2024-08-28,2024-09-01,Delivered
2900,2900,2025-05-04,2025-05-07,Delivered
2901,2901,2024-12-06,2024-12-09,Delivered
2902,2902,2024-11-26,2024-11-29,Delivered
2903,2903,2024-08-25,2024-08-27,Delivered
2904,2904,2024-09-14,2024-09-21,Delivered
2905,2905,2024-01-21,2024-01-24,Delivered
2906,2906,2025-01-30,2025-02-05,Delivered
2907,2907,2025-06-27,2025-07-01,Delivered
2908,2908,2024-09-30,2024-10-04,Delivered
2909,2909,2024-07-18,2024-07-27,Delivered
2910,2910,2024-03-03,2024-03-06,Delivered
2911,2911,2024-01-05,2024-01-09,Delivered
2912,2912,2025-05-11,2025-05-13,Delivered
2913,2913,2024-11-26,2024-12-02,Returned
2914,2914,,,Cancelled
2915,2915,2024-07-12,2024-07-14,Delivered
2916,2916,,,Cancelled
2917,2917,2025-06-01,2025-06-10,Delivered
2918,2918,2025-03-10,2025-03-13,Delivered
2919,2919,2024-11-03,2024-11-09,Delivered
2920,2920,2024-01-27,2024-01-30,Delivered
2921,2921,2025-03-09,2025-03-13,Delivered
2922,2922,2024-06-01,2024-06-07,Delivered
2923,2923,2024-06-11,2024-06-13,Delivered
2924,2924,2024-04-21,2024-04-27,Delivered
2925,2925,2025-12-27,2025-12-30,Delivered
2926,2926,2025-08-25,2025-08-28,Delivered
2927,2927,,,Cancelled
2928,2928,2025-05-04,2025-05-08,Delivered
2929,2929,2025-01-22,2025-01-27,Delivered
2930,2930,2025-10-25,2025-10-30,Delivered
2931,2931,2025-09-22,2025-09-27,Delivered
2932,2932,2025-08-05,2025-08-08,Delivered
2933,2933,2024-02-28,2024-03-04,Delivered
2934,2934,2025-05-25,2025-05-30,Returned
2935,2935,2024-06-05,2024-06-14,Delivered
2936,2936,2026-01-01,2026-01-05,Delivered
2937,2937,2025-01-02,2025-01-04,Delivered
2938,2938,2024-03-15,2024-03-18,Delivered
2939,2939,2025-06-24,2025-07-01,Delivered
2940,2940,2025-12-14,2025-12-17,Delivered
2941,2941,2024-08-02,2024-08-06,Delivered
2942,2942,2024-09-26,2024-10-01,Delivered
2943,2943,2025-12-01,2025-12-03,Delivered
2944,2944,2025-12-16,2025-12-21,Delivered
2945,2945,2024-08-15,2024-08-21,Returned
2946,2946,2024-05-21,2024-05-24,Delivered
2947,2947,2025-10-14,2025-10-19,Delivered
2948,2948,2024-10-26,2024-10-30,Delivered
2949,2949,2025-12-16,2025-12-19,Delivered
2950,2950,2024-07-25,2024-07-30,Delivered
2951,2951,2025-08-20,2025-08-27,Delivered
2952,2952,,,Cancelled
2953,2953,2024-06-18,2024-06-24,Delivered
2954,2954,2024-01-10,2024-01-14,Delivered
2955,2955,2024-10-02,2024-10-07,Delivered
2956,2956,2024-06-13,2024-06-17,Delivered
2957,2957,2024-12-11,2024-12-17,Delivered
2958,2958,2025-02-08,2025-02-12,Delivered
2959,2959,2024-02-02,2024-02-07,Delivered
2960,2960,2025-11-19,2025-11-22,Delivered
2961,2961,2024-07-09,2024-07-15,Delivered
2962,2962,2024-04-20,2024-04-22,Returned
2963,2963,2024-07-24,2024-07-29,Delivered
2964,2964,2025-12-08,2025-12-12,Delivered
2965,2965,2024-11-09,2024-11-13,Delivered
2966,2966,2025-10-06,2025-10-10,Delivered
2967,2967,2024-09-16,2024-09-22,Delivered
2968,2968,,,Cancelled
2969,2969,2024-12-10,2024-12-14,Delivered
2970,2970,2025-02-03,2025-02-10,Delivered
2971,2971,2025-09-09,2025-09-12,Returned
2972,2972,2025-07-29,2025-08-04,Delivered
2973,2973,2024-09-12,2024-09-14,Delivered
2974,2974,2024-01-03,2024-01-07,Delivered
2975,2975,2024-01-15,2024-01-19,Returned
2976,2976,2025-04-01,2025-04-03,Delivered
2977,2977,2024-06-13,2024-06-17,Delivered
2978,2978,2025-10-26,2025-10-30,Returned
2979,2979,2025-01-18,2025-01-21,Delivered
2980,2980,2024-01-26,2024-02-02,Delivered
2981,2981,2024-05-05,2024-05-09,Delivered
2982,2982,,,Cancelled
2983,2983,,,Cancelled
2984,2984,2025-05-05,2025-05-09,Delivered
2985,2985,,,Cancelled
2986,2986,2025-12-13,2025-12-16,Delivered
2987,2987,2025-12-23,2025-12-25,Delivered
2988,2988,2025-12-12,2025-12-17,Delivered
2989,2989,2025-11-27,2025-11-30,Delivered
2990,2990,2025-03-19,2025-03-23,Delivered
2991,2991,,,Cancelled
2992,2992,2024-03-06,2024-03-10,Delivered
2993,2993,2025-05-07,2025-05-11,Delivered
2994,2994,2025-11-21,2025-11-26,Returned
2995,2995,2024-08-31,2024-09-03,Delivered
2996,2996,,,Cancelled
2997,2997,2025-03-24,2025-03-28,Returned
2998,2998,,,Cancelled
2999,2999,2024-10-23,2024-10-29,Delivered
3000,3000,2025-04-14,2025-04-23,Delivered
3001,3001,2025-11-07,2025-11-10,Delivered
3002,3002,2024-06-01,2024-06-06,Delivered
3003,3003,2025-02-21,2025-02-26,Delivered
3004,3004,2025-04-25,2025-05-01,Delivered
3005,3005,2025-11-22,2025-11-25,Delivered
3006,3006,2025-01-06,2025-01-11,Delivered
3007,3007,2024-05-23,2024-05-28,Returned
3008,3008,2025-04-25,2025-05-02,Delivered
3009,3009,,,Cancelled
3010,3010,2025-06-03,2025-06-07,Delivered
3011,3011,,,Cancelled
3012,3012,2025-08-12,2025-08-17,Returned
3013,3013,2024-07-30,2024-08-03,Delivered
3014,3014,2025-03-07,2025-03-09,Returned
3015,3015,2024-02-14,2024-02-18,Delivered
3016,3016,2024-09-20,2024-09-22,Delivered
3017,3017,2024-08-22,2024-08-26,Delivered
3018,3018,2025-05-17,2025-05-24,Delivered
3019,3019,2025-01-18,2025-01-22,Returned
3020,3020,2025-11-04,2025-11-08,Delivered
3021,3021,2025-02-23,2025-03-01,Delivered
3022,3022,2024-08-21,2024-08-24,Delivered
3023,3023,2025-12-12,2025-12-15,Delivered
3024,3024,2025-06-02,2025-06-08,Delivered
3025,3025,2024-03-15,2024-03-21,Returned
3026,3026,,,Cancelled
3027,3027,2025-10-17,2025-10-19,Returned
3028,3028,2024-01-26,2024-01-30,Delivered
3029,3029,,,Cancelled
3030,3030,2024-03-15,2024-03-19,Delivered
3031,3031,2024-05-04,2024-05-09,Returned
3032,3032,2025-02-17,2025-02-24,Delivered
3033,3033,2024-12-18,2024-12-24,Delivered
3034,3034,2025-03-15,2025-03-18,Delivered
3035,3035,2025-10-14,2025-10-17,Delivered
3036,3036,2025-05-20,2025-05-24,Delivered
3037,3037,2024-02-02,2024-02-05,Delivered
3038,3038,2025-01-28,2025-02-03,Delivered
3039,3039,2025-12-08,2025-12-13,Delivered
3040,3040,2025-12-03,2025-12-07,Returned
3041,3041,2024-02-12,2024-02-15,Delivered
3042,3042,2025-05-02,2025-05-07,Delivered
3043,3043,,,Cancelled
3044,3044,2024-04-07,2024-04-13,Delivered
3045,3045,2024-09-05,2024-09-10,Returned
3046,3046,2024-11-27,2024-11-30,Delivered
3047,3047,2025-04-09,2025-04-12,Delivered
3048,3048,2024-01-12,2024-01-16,Delivered
3049,3049,2025-11-23,2025-11-28,Returned
3050,3050,2024-03-12,2024-03-18,Delivered
3051,3051,2025-12-17,2025-12-24,Delivered
3052,3052,2025-07-03,2025-07-09,Delivered
3053,3053,2025-08-23,2025-08-28,Delivered
3054,3054,2024-06-29,2024-07-04,Delivered
3055,3055,2024-02-11,2024-02-16,Delivered
3056,3056,2024-04-24,2024-05-01,Delivered
3057,3057,2024-03-21,2024-03-25,Delivered
3058,3058,2024-01-09,2024-01-13,Delivered
3059,3059,2025-11-02,2025-11-06,Delivered
3060,3060,2024-11-08,2024-11-12,Delivered
3061,3061,,,Cancelled
3062,3062,2026-01-01,2026-01-05,Delivered
3063,3063,2024-04-30,2024-05-04,Delivered
3064,3064,2025-09-14,2025-09-18,Delivered
3065,3065,2025-01-12,2025-01-16,Delivered
3066,3066,2025-06-23,2025-06-29,Delivered
3067,3067,2024-04-20,2024-04-24,Delivered
3068,3068,2025-03-23,2025-03-28,Delivered
3069,3069,2024-03-09,2024-03-13,Delivered
3070,3070,2025-11-12,2025-11-14,Delivered
3071,3071,2024-09-07,2024-09-10,Delivered
3072,3072,2024-03-31,2024-04-03,Delivered
3073,3073,2025-04-03,2025-04-09,Returned
3074,3074,2025-07-26,2025-07-31,Delivered
3075,3075,2025-11-04,2025-11-10,Delivered
3076,3076,2025-07-28,2025-07-30,Delivered
3077,3077,2024-11-05,2024-11-07,Delivered
3078,3078,2024-01-14,2024-01-17,Delivered
3079,3079,2024-01-16,2024-01-22,Delivered
3080,3080,2025-08-24,2025-08-29,Delivered
3081,3081,2024-05-22,2024-05-24,Returned
3082,3082,2025-05-08,2025-05-11,Delivered
3083,3083,2025-05-05,2025-05-10,Delivered
3084,3084,2025-02-04,2025-02-07,Delivered
3085,3085,2024-03-15,2024-03-19,Delivered
3086,3086,,,Cancelled
3087,3087,2025-05-06,2025-05-10,Returned
3088,3088,2025-08-03,2025-08-06,Delivered
3089,3089,2025-03-01,2025-03-03,Delivered
3090,3090,2024-09-28,2024-10-01,Delivered
3091,3091,2024-02-15,2024-02-20,Delivered
3092,3092,2024-07-17,2024-07-21,Delivered
3093,3093,2025-02-05,2025-02-14,Delivered
3094,3094,,,Cancelled
3095,3095,,,Cancelled
3096,3096,2025-10-14,2025-10-18,Delivered
3097,3097,2024-10-23,2024-10-26,Delivered
3098,3098,2025-09-09,2025-09-13,Delivered
3099,3099,,,Cancelled
3100,3100,2025-10-21,2025-10-24,Delivered
3101,3101,2024-10-16,2024-10-25,Delivered
3102,3102,,,Cancelled
3103,3103,,,Cancelled
3104,3104,2025-06-10,2025-06-14,Delivered
3105,3105,2025-12-06,2025-12-13,Delivered
3106,3106,2025-12-02,2025-12-11,Delivered
3107,3107,2025-08-12,2025-08-21,Delivered
3108,3108,2025-12-11,2025-12-15,Returned
3109,3109,2025-06-15,2025-06-22,Delivered
3110,3110,2025-10-08,2025-10-17,Returned
3111,3111,2024-10-24,2024-10-31,Delivered
3112,3112,2024-11-30,2024-12-06,Delivered
3113,3113,,,Cancelled
3114,3114,2025-11-26,2025-12-01,Delivered
3115,3115,2025-03-11,2025-03-15,Delivered
3116,3116,2025-09-22,2025-09-29,Delivered
3117,3117,2024-11-01,2024-11-05,Delivered
3118,3118,2026-01-02,2026-01-04,Delivered
3119,3119,2025-04-19,2025-04-24,Delivered
3120,3120,2024-10-28,2024-11-04,Delivered
3121,3121,2025-10-13,2025-10-20,Delivered
3122,3122,2025-05-25,2025-05-30,Delivered
3123,3123,2024-10-07,2024-10-12,Delivered
3124,3124,2024-06-01,2024-06-05,Delivered
3125,3125,2024-05-08,2024-05-15,Delivered
3126,3126,2024-01-07,2024-01-13,Delivered
3127,3127,2024-09-18,2024-09-22,Delivered
3128,3128,2025-08-22,2025-08-26,Delivered
3129,3129,2024-07-25,2024-07-27,Delivered
3130,3130,2025-10-07,2025-10-09,Delivered
3131,3131,2025-03-25,2025-03-27,Delivered
3132,3132,2024-07-07,2024-07-11,Delivered
3133,3133,,,Cancelled
3134,3134,2024-04-22,2024-04-26,Delivered
3135,3135,2024-04-09,2024-04-11,Delivered
3136,3136,2024-02-12,2024-02-18,Delivered
3137,3137,2024-04-27,2024-05-01,Returned
3138,3138,2024-10-13,2024-10-17,Delivered
3139,3139,2024-08-16,2024-08-23,Delivered
3140,3140,2024-10-01,2024-10-03,Delivered
3141,3141,2024-06-07,2024-06-11,Delivered
3142,3142,2024-08-14,2024-08-16,Delivered
3143,3143,2025-01-28,2025-02-02,Delivered
3144,3144,2024-06-15,2024-06-21,Delivered
3145,3145,2024-10-06,2024-10-10,Delivered
3146,3146,2025-02-21,2025-02-27,Delivered
3147,3147,,,Cancelled
3148,3148,2024-04-22,2024-04-25,Delivered
3149,3149,,,Cancelled
3150,3150,2025-02-01,2025-02-05,Delivered
3151,3151,2024-03-27,2024-03-30,Delivered
3152,3152,,,Cancelled
3153,3153,2025-09-23,2025-09-26,Delivered
3154,3154,,,Cancelled
3155,3155,2025-03-25,2025-03-28,Delivered
3156,3156,2025-05-28,2025-05-30,Delivered
3157,3157,2025-03-31,2025-04-07,Delivered
3158,3158,2025-12-22,2025-12-28,Delivered
3159,3159,2025-12-02,2025-12-07,Delivered
3160,3160,2024-08-02,2024-08-06,Delivered
3161,3161,2024-10-08,2024-10-12,Delivered
3162,3162,2024-08-25,2024-08-29,Delivered
3163,3163,2024-01-26,2024-02-01,Returned
3164,3164,2025-10-25,2025-10-31,Delivered
3165,3165,2024-01-26,2024-02-02,Delivered
3166,3166,2025-01-26,2025-01-31,Delivered
3167,3167,2025-04-03,2025-04-08,Delivered
3168,3168,2024-12-23,2024-12-28,Delivered
3169,3169,2024-09-24,2024-09-29,Delivered
3170,3170,2025-08-25,2025-08-28,Delivered
3171,3171,2024-07-21,2024-07-26,Returned
3172,3172,2024-02-20,2024-02-27,Delivered
3173,3173,2024-06-14,2024-06-18,Delivered
3174,3174,2024-02-22,2024-02-25,Delivered
3175,3175,2024-09-20,2024-09-24,Delivered
3176,3176,,,Cancelled
3177,3177,2024-08-23,2024-08-26,Delivered
3178,3178,,,Cancelled
3179,3179,2024-02-24,2024-02-27,Delivered
3180,3180,2024-06-30,2024-07-06,Delivered
3181,3181,2025-03-10,2025-03-16,Delivered
3182,3182,2024-07-22,2024-07-27,Delivered
3183,3183,2024-04-16,2024-04-18,Delivered
3184,3184,2025-07-02,2025-07-07,Delivered
3185,3185,2025-01-13,2025-01-22,Delivered
3186,3186,2024-07-11,2024-07-15,Delivered
3187,3187,2024-06-25,2024-06-30,Delivered
3188,3188,,,Cancelled
3189,3189,2024-05-21,2024-05-26,Delivered
3190,3190,,,Cancelled
3191,3191,2025-01-13,2025-01-16,Delivered
3192,3192,2024-09-09,2024-09-15,Delivered
3193,3193,2026-01-03,2026-01-08,Delivered
3194,3194,2024-02-16,2024-02-20,Returned
3195,3195,2024-01-02,2024-01-07,Delivered
3196,3196,2025-05-19,2025-05-23,Delivered
3197,3197,2025-07-11,2025-07-18,Delivered
3198,3198,2025-04-23,2025-04-27,Returned
3199,3199,2025-09-15,2025-09-19,Delivered
3200,3200,2025-02-20,2025-02-24,Delivered
3201,3201,,,Cancelled
3202,3202,2024-02-08,2024-02-11,Delivered
3203,3203,2024-11-02,2024-11-05,Delivered
3204,3204,2025-01-27,2025-01-30,Delivered
3205,3205,2024-11-20,2024-11-27,Delivered
3206,3206,2024-08-09,2024-08-18,Delivered
3207,3207,,,Cancelled
3208,3208,2024-05-26,2024-05-31,Delivered
3209,3209,2024-09-08,2024-09-11,Delivered
3210,3210,2025-03-26,2025-03-29,Delivered
3211,3211,2026-01-02,2026-01-08,Delivered
3212,3212,2025-04-20,2025-04-27,Delivered
3213,3213,,,Cancelled
3214,3214,2024-04-15,2024-04-20,Delivered
3215,3215,,,Cancelled
3216,3216,2025-03-21,2025-03-28,Delivered
3217,3217,2025-06-10,2025-06-13,Delivered
3218,3218,2025-05-07,2025-05-10,Delivered
3219,3219,2024-11-16,2024-11-22,Delivered
3220,3220,2024-05-31,2024-06-05,Delivered
3221,3221,2024-03-05,2024-03-10,Delivered
3222,3222,2025-06-18,2025-06-22,Delivered
3223,3223,2024-12-11,2024-12-14,Delivered
3224,3224,2024-12-01,2024-12-04,Delivered
3225,3225,2025-06-15,2025-06-22,Delivered
3226,3226,2025-05-15,2025-05-21,Delivered
3227,3227,2025-11-15,2025-11-20,Delivered
3228,3228,2025-06-03,2025-06-09,Returned
3229,3229,2025-01-22,2025-01-28,Delivered
3230,3230,2025-10-14,2025-10-20,Delivered
3231,3231,2024-07-22,2024-07-27,Delivered
3232,3232,2025-02-09,2025-02-14,Delivered
3233,3233,2024-01-16,2024-01-19,Delivered
3234,3234,2024-07-20,2024-07-24,Delivered
3235,3235,2024-06-05,2024-06-08,Delivered
3236,3236,2024-08-05,2024-08-10,Returned
3237,3237,2024-02-10,2024-02-15,Delivered
3238,3238,2024-03-09,2024-03-11,Delivered
3239,3239,2025-11-20,2025-11-24,Delivered
3240,3240,2025-04-17,2025-04-24,Delivered
3241,3241,2025-04-26,2025-04-30,Delivered
3242,3242,2024-12-06,2024-12-11,Delivered
3243,3243,2024-06-11,2024-06-16,Delivered
3244,3244,2025-08-28,2025-08-31,Delivered
3245,3245,2025-09-02,2025-09-06,Delivered
3246,3246,2025-03-21,2025-03-26,Delivered
3247,3247,2025-06-08,2025-06-10,Delivered
3248,3248,2025-02-20,2025-02-24,Returned
3249,3249,,,Cancelled
3250,3250,,,Cancelled
3251,3251,2025-04-23,2025-04-26,Returned
3252,3252,2025-07-12,2025-07-18,Delivered
3253,3253,2025-02-16,2025-02-19,Delivered
3254,3254,2024-03-26,2024-03-29,Delivered
3255,3255,2025-11-11,2025-11-14,Delivered
3256,3256,2024-03-02,2024-03-06,Delivered
3257,3257,2024-06-07,2024-06-12,Delivered
3258,3258,2024-12-10,2024-12-13,Delivered
3259,3259,2025-05-15,2025-05-19,Returned
3260,3260,2025-08-28,2025-09-06,Delivered
3261,3261,2024-08-30,2024-09-02,Delivered
3262,3262,2024-06-18,2024-06-22,Delivered
3263,3263,,,Cancelled
3264,3264,2024-03-26,2024-03-30,Delivered
3265,3265,2024-06-05,2024-06-08,Delivered
3266,3266,2024-04-06,2024-04-09,Delivered
3267,3267,2024-01-05,2024-01-14,Delivered
3268,3268,2024-10-27,2024-10-31,Delivered
3269,3269,2025-12-20,2025-12-26,Delivered
3270,3270,,,Cancelled
3271,3271,2024-04-15,2024-04-20,Returned
3272,3272,2024-02-11,2024-02-14,Delivered
3273,3273,,,Cancelled
3274,3274,2025-05-19,2025-05-25,Delivered
3275,3275,2025-09-23,2025-09-27,Delivered
3276,3276,2024-10-19,2024-10-28,Delivered
3277,3277,2024-09-24,2024-09-28,Delivered
3278,3278,2025-06-13,2025-06-16,Delivered
3279,3279,2025-12-08,2025-12-13,Delivered
3280,3280,2024-12-13,2024-12-16,Delivered
3281,3281,2025-04-11,2025-04-14,Returned
3282,3282,2024-10-28,2024-10-31,Delivered
3283,3283,2025-03-06,2025-03-13,Delivered
3284,3284,2024-11-14,2024-11-18,Delivered
3285,3285,2025-04-19,2025-04-26,Delivered
3286,3286,2024-03-25,2024-03-29,Delivered
3287,3287,2024-06-02,2024-06-05,Returned
3288,3288,2024-06-02,2024-06-08,Delivered
3289,3289,2024-12-09,2024-12-16,Delivered
3290,3290,2025-05-11,2025-05-14,Delivered
3291,3291,2025-10-24,2025-10-31,Returned
3292,3292,2025-08-25,2025-08-30,Returned
3293,3293,2025-04-30,2025-05-05,Delivered
3294,3294,2025-02-05,2025-02-10,Delivered
3295,3295,2024-02-04,2024-02-07,Delivered
3296,3296,2025-05-25,2025-05-28,Delivered
3297,3297,2025-12-30,2026-01-05,Delivered
3298,3298,2024-12-02,2024-12-07,Returned
3299,3299,2025-11-08,2025-11-12,Returned
3300,3300,2025-08-04,2025-08-08,Delivered
3301,3301,2024-06-18,2024-06-24,Delivered
3302,3302,2024-12-09,2024-12-11,Delivered
3303,3303,2024-09-05,2024-09-10,Delivered
3304,3304,2024-10-12,2024-10-16,Delivered
3305,3305,2024-02-11,2024-02-15,Delivered
3306,3306,2024-12-20,2024-12-23,Delivered
3307,3307,2024-04-18,2024-04-22,Delivered
3308,3308,2025-05-30,2025-06-03,Delivered
3309,3309,,,Cancelled
3310,3310,2025-06-04,2025-06-09,Delivered
3311,3311,2025-06-27,2025-07-02,Delivered
3312,3312,2024-07-23,2024-07-28,Delivered
3313,3313,2024-02-13,2024-02-18,Returned
3314,3314,2025-07-16,2025-07-22,Delivered
3315,3315,2025-04-13,2025-04-19,Delivered
3316,3316,2025-02-24,2025-03-01,Delivered
3317,3317,,,Cancelled
3318,3318,2025-04-21,2025-04-24,Delivered
3319,3319,2024-11-20,2024-11-25,Delivered
3320,3320,,,Cancelled
3321,3321,,,Cancelled
3322,3322,2025-02-09,2025-02-14,Delivered
3323,3323,2024-02-14,2024-02-18,Returned
3324,3324,2024-09-03,2024-09-06,Delivered
3325,3325,2024-03-20,2024-03-25,Delivered
3326,3326,2025-07-14,2025-07-18,Delivered
3327,3327,2025-10-18,2025-10-22,Delivered
3328,3328,2024-02-25,2024-02-29,Returned
3329,3329,2025-07-02,2025-07-05,Delivered
3330,3330,2024-04-30,2024-05-04,Returned
3331,3331,2025-07-29,2025-08-04,Delivered
3332,3332,2025-11-03,2025-11-09,Delivered
3333,3333,2024-03-23,2024-03-28,Delivered
3334,3334,2025-05-07,2025-05-11,Delivered
3335,3335,2024-09-24,2024-09-27,Delivered
3336,3336,2024-09-23,2024-09-26,Delivered
3337,3337,2024-07-30,2024-08-05,Delivered
3338,3338,2024-10-24,2024-10-26,Returned
3339,3339,2025-07-17,2025-07-22,Delivered
3340,3340,2024-05-06,2024-05-11,Returned
3341,3341,2024-10-04,2024-10-06,Delivered
3342,3342,2024-12-14,2024-12-21,Delivered
3343,3343,2025-07-03,2025-07-10,Delivered
3344,3344,2025-11-17,2025-11-21,Delivered
3345,3345,2025-01-01,2025-01-10,Delivered
3346,3346,2024-07-14,2024-07-18,Returned
3347,3347,2024-01-20,2024-01-27,Delivered
3348,3348,2024-03-31,2024-04-04,Delivered
3349,3349,2024-06-16,2024-06-22,Delivered
3350,3350,2024-07-20,2024-07-23,Returned
3351,3351,2025-10-11,2025-10-18,Delivered
3352,3352,2025-02-04,2025-02-08,Delivered
3353,3353,2025-02-17,2025-02-21,Delivered
3354,3354,2025-10-15,2025-10-19,Delivered
3355,3355,2025-12-17,2025-12-24,Returned
3356,3356,2024-08-22,2024-08-25,Returned
3357,3357,2025-05-24,2025-05-27,Delivered
3358,3358,2024-11-27,2024-12-02,Delivered
3359,3359,2024-02-14,2024-02-18,Delivered
3360,3360,2025-08-09,2025-08-12,Delivered
3361,3361,2025-01-19,2025-01-23,Delivered
3362,3362,,,Cancelled
3363,3363,2024-05-18,2024-05-23,Delivered
3364,3364,2024-04-30,2024-05-06,Delivered
3365,3365,2025-07-23,2025-07-29,Delivered
3366,3366,2024-05-04,2024-05-08,Delivered
3367,3367,2025-10-16,2025-10-20,Delivered
3368,3368,2025-03-13,2025-03-17,Delivered
3369,3369,2024-02-29,2024-03-06,Delivered
3370,3370,2025-12-16,2025-12-22,Delivered
3371,3371,,,Cancelled
3372,3372,2025-06-28,2025-07-01,Delivered
3373,3373,2024-11-06,2024-11-13,Delivered
3374,3374,2024-12-04,2024-12-07,Delivered
3375,3375,2024-05-22,2024-05-25,Delivered
3376,3376,2024-04-14,2024-04-18,Delivered
3377,3377,2024-09-30,2024-10-06,Delivered
3378,3378,2024-07-09,2024-07-14,Delivered
3379,3379,2024-03-22,2024-03-26,Delivered
3380,3380,,,Cancelled
3381,3381,2025-12-31,2026-01-04,Returned
3382,3382,2025-12-09,2025-12-15,Delivered
3383,3383,2025-11-05,2025-11-11,Delivered
3384,3384,,,Cancelled
3385,3385,2024-04-08,2024-04-13,Delivered
3386,3386,2024-02-25,2024-03-05,Delivered
3387,3387,2025-08-27,2025-09-01,Delivered
3388,3388,2024-02-16,2024-02-19,Delivered
3389,3389,2025-07-09,2025-07-13,Delivered
3390,3390,2025-07-29,2025-07-31,Delivered
3391,3391,,,Cancelled
3392,3392,2024-04-19,2024-04-21,Delivered
3393,3393,2024-08-13,2024-08-18,Delivered
3394,3394,2025-12-02,2025-12-06,Delivered
3395,3395,2024-01-09,2024-01-12,Delivered
3396,3396,2025-08-15,2025-08-21,Delivered
3397,3397,2025-05-21,2025-05-25,Delivered
3398,3398,2024-08-06,2024-08-12,Delivered
3399,3399,2025-06-26,2025-06-29,Delivered
3400,3400,,,Cancelled
3401,3401,2024-10-03,2024-10-07,Delivered
3402,3402,2024-05-10,2024-05-12,Delivered
3403,3403,2025-09-12,2025-09-16,Delivered
3404,3404,2025-02-21,2025-02-24,Delivered
3405,3405,2025-12-09,2025-12-14,Delivered
3406,3406,2025-10-19,2025-10-23,Delivered
3407,3407,2024-09-14,2024-09-18,Delivered
3408,3408,2024-09-15,2024-09-17,Delivered
3409,3409,2025-12-04,2025-12-10,Delivered
3410,3410,2024-10-13,2024-10-15,Delivered
3411,3411,2024-08-04,2024-08-08,Delivered
3412,3412,2024-01-18,2024-01-23,Delivered
3413,3413,2025-04-05,2025-04-09,Delivered
3414,3414,2024-05-07,2024-05-11,Delivered
3415,3415,2025-01-24,2025-01-26,Delivered
3416,3416,2025-03-31,2025-04-05,Delivered
3417,3417,2024-06-01,2024-06-06,Delivered
3418,3418,2025-11-15,2025-11-22,Delivered
3419,3419,2024-10-10,2024-10-14,Delivered
3420,3420,2025-03-21,2025-03-26,Delivered
3421,3421,2024-03-03,2024-03-09,Delivered
3422,3422,2024-07-29,2024-08-01,Delivered
3423,3423,2024-05-26,2024-05-28,Delivered
3424,3424,2024-01-16,2024-01-19,Delivered
3425,3425,2024-03-09,2024-03-13,Delivered
3426,3426,2025-10-23,2025-10-27,Delivered
3427,3427,2024-10-10,2024-10-16,Returned
3428,3428,2024-06-16,2024-06-21,Delivered
3429,3429,2024-05-19,2024-05-24,Delivered
3430,3430,2025-05-13,2025-05-18,Delivered
3431,3431,2025-07-19,2025-07-24,Delivered
3432,3432,2024-04-23,2024-04-28,Delivered
3433,3433,2024-09-19,2024-09-23,Delivered
3434,3434,2025-11-07,2025-11-10,Delivered
3435,3435,2025-02-18,2025-02-23,Delivered
3436,3436,,,Cancelled
3437,3437,2024-09-08,2024-09-10,Returned
3438,3438,2025-09-22,2025-09-27,Delivered
3439,3439,2024-07-09,2024-07-16,Delivered
3440,3440,2024-01-06,2024-01-10,Returned
3441,3441,2025-12-08,2025-12-15,Delivered
3442,3442,2024-01-03,2024-01-07,Delivered
3443,3443,2024-11-11,2024-11-14,Delivered
3444,3444,2025-12-16,2025-12-21,Delivered
3445,3445,,,Cancelled
3446,3446,2025-08-04,2025-08-10,Delivered
3447,3447,2025-05-01,2025-05-05,Delivered
3448,3448,,,Cancelled
3449,3449,2025-04-28,2025-05-02,Delivered
3450,3450,2024-08-22,2024-08-25,Returned
3451,3451,2025-12-09,2025-12-11,Delivered
3452,3452,2024-05-21,2024-05-23,Delivered
3453,3453,2024-07-30,2024-08-03,Delivered
3454,3454,2024-03-16,2024-03-19,Delivered
3455,3455,2025-07-18,2025-07-24,Delivered
3456,3456,2024-08-10,2024-08-15,Delivered
3457,3457,,,Cancelled
3458,3458,2024-05-06,2024-05-10,Delivered
3459,3459,2025-04-06,2025-04-15,Delivered
3460,3460,2024-09-01,2024-09-04,Delivered
3461,3461,2024-09-14,2024-09-20,Delivered
3462,3462,2024-09-05,2024-09-08,Delivered
3463,3463,2025-07-11,2025-07-16,Delivered
3464,3464,2024-01-08,2024-01-11,Delivered
3465,3465,2025-02-27,2025-03-04,Delivered
3466,3466,2025-08-22,2025-08-25,Returned
3467,3467,2024-01-04,2024-01-08,Delivered
3468,3468,2025-01-02,2025-01-06,Delivered
3469,3469,2024-01-31,2024-02-05,Delivered
3470,3470,2025-08-11,2025-08-16,Delivered
3471,3471,2024-06-27,2024-06-30,Delivered
3472,3472,,,Cancelled
3473,3473,2024-05-18,2024-05-23,Delivered
3474,3474,2025-04-07,2025-04-09,Delivered
3475,3475,,,Cancelled
3476,3476,2025-01-11,2025-01-13,Delivered
3477,3477,2024-11-03,2024-11-06,Delivered
3478,3478,2024-03-07,2024-03-09,Delivered
3479,3479,2024-06-27,2024-07-04,Delivered
3480,3480,2025-12-02,2025-12-08,Delivered
3481,3481,2024-06-11,2024-06-16,Delivered
3482,3482,2024-04-22,2024-04-26,Delivered
3483,3483,2024-06-20,2024-06-24,Delivered
3484,3484,2025-07-24,2025-07-27,Delivered
3485,3485,2025-08-29,2025-09-02,Returned
3486,3486,,,Cancelled
3487,3487,2025-06-30,2025-07-03,Delivered
3488,3488,2025-04-07,2025-04-13,Delivered
3489,3489,2025-04-03,2025-04-07,Delivered
3490,3490,2024-08-10,2024-08-14,Delivered
3491,3491,2024-01-22,2024-01-29,Delivered
3492,3492,2025-07-04,2025-07-07,Returned
3493,3493,2025-08-21,2025-08-25,Delivered
3494,3494,2024-02-27,2024-03-03,Delivered
3495,3495,2024-04-27,2024-05-01,Delivered
3496,3496,2025-10-28,2025-11-02,Delivered
3497,3497,2024-05-19,2024-05-24,Delivered
3498,3498,2024-08-27,2024-08-31,Delivered
3499,3499,2025-06-06,2025-06-10,Delivered
3500,3500,2024-09-07,2024-09-10,Delivered
3501,3501,2025-06-22,2025-07-01,Delivered
3502,3502,2024-12-09,2024-12-16,Delivered
3503,3503,2024-02-18,2024-02-22,Delivered
3504,3504,2024-08-01,2024-08-03,Delivered
3505,3505,2025-12-18,2025-12-24,Delivered
3506,3506,2025-10-04,2025-10-08,Delivered
3507,3507,2025-10-13,2025-10-17,Delivered
3508,3508,2024-11-27,2024-12-01,Delivered
3509,3509,2024-12-13,2024-12-16,Delivered
3510,3510,2024-01-29,2024-02-02,Delivered
3511,3511,2024-02-03,2024-02-09,Delivered
3512,3512,2025-10-15,2025-10-20,Delivered
3513,3513,2024-07-14,2024-07-17,Returned
3514,3514,2025-03-27,2025-04-03,Delivered
3515,3515,2025-10-10,2025-10-15,Returned
3516,3516,2024-06-03,2024-06-06,Delivered
3517,3517,2024-04-30,2024-05-02,Delivered
3518,3518,2024-10-29,2024-11-05,Delivered
3519,3519,2024-06-03,2024-06-08,Delivered
3520,3520,2025-05-04,2025-05-09,Delivered
3521,3521,2024-03-22,2024-03-26,Delivered
3522,3522,2024-10-25,2024-10-31,Delivered
3523,3523,2024-11-19,2024-11-28,Delivered
3524,3524,2025-03-24,2025-03-27,Delivered
3525,3525,2024-02-22,2024-02-26,Delivered
3526,3526,2024-09-10,2024-09-15,Delivered
3527,3527,2024-04-01,2024-04-06,Delivered
3528,3528,2025-06-28,2025-06-30,Delivered
3529,3529,2024-05-06,2024-05-10,Delivered
3530,3530,2024-10-04,2024-10-08,Delivered
3531,3531,2025-01-16,2025-01-18,Delivered
3532,3532,2024-06-25,2024-07-04,Delivered
3533,3533,2025-07-20,2025-07-25,Delivered
3534,3534,2024-02-25,2024-02-28,Delivered
3535,3535,2025-09-10,2025-09-14,Delivered
3536,3536,2024-12-31,2025-01-04,Delivered
3537,3537,2025-10-15,2025-10-19,Delivered
3538,3538,2024-03-06,2024-03-10,Delivered
3539,3539,2024-05-06,2024-05-10,Delivered
3540,3540,,,Cancelled
3541,3541,2024-01-09,2024-01-14,Delivered
3542,3542,2025-10-22,2025-10-25,Delivered
3543,3543,2025-05-28,2025-05-31,Delivered
3544,3544,2024-07-14,2024-07-20,Delivered
3545,3545,2024-10-02,2024-10-05,Delivered
3546,3546,2024-05-25,2024-06-01,Delivered
3547,3547,2024-10-30,2024-11-01,Delivered
3548,3548,2025-10-23,2025-10-27,Delivered
3549,3549,2025-02-24,2025-03-05,Delivered
3550,3550,2025-03-08,2025-03-12,Delivered
3551,3551,2025-06-26,2025-07-03,Delivered
3552,3552,2024-09-16,2024-09-21,Delivered
3553,3553,2025-02-05,2025-02-10,Returned
3554,3554,2025-02-06,2025-02-11,Delivered
3555,3555,,,Cancelled
3556,3556,2024-07-12,2024-07-17,Delivered
3557,3557,2025-11-23,2025-11-26,Delivered
3558,3558,2024-07-11,2024-07-15,Delivered
3559,3559,2024-01-26,2024-02-01,Delivered
3560,3560,2024-11-14,2024-11-20,Delivered
3561,3561,2024-10-27,2024-10-30,Delivered
3562,3562,,,Cancelled
3563,3563,2024-08-21,2024-08-26,Delivered
3564,3564,2025-07-26,2025-07-31,Delivered
3565,3565,2024-10-12,2024-10-14,Delivered
3566,3566,,,Cancelled
3567,3567,2025-11-21,2025-11-26,Delivered
3568,3568,2025-12-07,2025-12-13,Delivered
3569,3569,2024-10-28,2024-10-31,Delivered
3570,3570,2024-08-02,2024-08-09,Delivered
3571,3571,2024-09-21,2024-09-24,Delivered
3572,3572,2024-05-07,2024-05-09,Delivered
3573,3573,2024-05-26,2024-05-30,Delivered
3574,3574,2025-09-08,2025-09-15,Delivered
3575,3575,2024-05-09,2024-05-11,Delivered
3576,3576,2024-07-25,2024-08-01,Delivered
3577,3577,2025-11-27,2025-12-04,Delivered
3578,3578,2025-02-20,2025-02-25,Delivered
3579,3579,,,Cancelled
3580,3580,,,Cancelled
3581,3581,2025-06-04,2025-06-09,Delivered
3582,3582,2025-02-03,2025-02-12,Delivered
3583,3583,2025-02-23,2025-02-26,Delivered
3584,3584,,,Cancelled
3585,3585,2024-01-29,2024-02-01,Delivered
3586,3586,2025-03-02,2025-03-07,Delivered
3587,3587,2025-09-06,2025-09-10,Returned
3588,3588,2025-12-06,2025-12-10,Delivered
3589,3589,2025-12-21,2025-12-27,Delivered
3590,3590,2025-09-05,2025-09-08,Returned
3591,3591,,,Cancelled
3592,3592,2024-08-07,2024-08-11,Delivered
3593,3593,,,Cancelled
3594,3594,2024-11-17,2024-11-19,Delivered
3595,3595,2025-06-25,2025-06-28,Delivered
3596,3596,2024-04-22,2024-04-27,Delivered
3597,3597,2025-02-11,2025-02-18,Delivered
3598,3598,2024-01-31,2024-02-04,Delivered
3599,3599,2024-07-19,2024-07-26,Delivered
3600,3600,2024-08-10,2024-08-12,Delivered
3601,3601,2024-03-19,2024-03-26,Delivered
3602,3602,2024-12-13,2024-12-17,Delivered
3603,3603,2024-02-09,2024-02-11,Delivered
3604,3604,2024-10-30,2024-11-06,Delivered
3605,3605,2024-02-15,2024-02-17,Delivered
3606,3606,2024-12-14,2024-12-19,Delivered
3607,3607,2025-03-17,2025-03-20,Returned
3608,3608,2024-02-18,2024-02-23,Delivered
3609,3609,2024-05-12,2024-05-16,Delivered
3610,3610,,,Cancelled
3611,3611,2025-06-19,2025-06-24,Delivered
3612,3612,2025-09-17,2025-09-24,Delivered
3613,3613,2024-01-31,2024-02-03,Delivered
3614,3614,2024-03-16,2024-03-18,Returned
3615,3615,2024-04-15,2024-04-19,Delivered
3616,3616,2024-12-17,2024-12-22,Delivered
3617,3617,2025-06-07,2025-06-12,Delivered
3618,3618,2024-04-24,2024-05-03,Delivered
3619,3619,2025-03-11,2025-03-16,Delivered
3620,3620,2025-09-29,2025-10-01,Returned
3621,3621,2024-09-28,2024-10-07,Delivered
3622,3622,2024-05-01,2024-05-06,Delivered
3623,3623,2024-01-09,2024-01-14,Returned
3624,3624,2024-07-18,2024-07-22,Delivered
3625,3625,2025-11-15,2025-11-18,Delivered
3626,3626,2024-05-20,2024-05-25,Delivered
3627,3627,2025-10-25,2025-11-01,Delivered
3628,3628,2024-02-26,2024-02-29,Delivered
3629,3629,2025-12-11,2025-12-15,Delivered
3630,3630,2024-02-19,2024-02-25,Delivered
3631,3631,2025-08-18,2025-08-23,Delivered
3632,3632,2024-10-21,2024-10-24,Delivered
3633,3633,2025-04-09,2025-04-13,Delivered
3634,3634,2025-02-19,2025-02-22,Delivered
3635,3635,2025-10-04,2025-10-07,Delivered
3636,3636,2025-01-21,2025-01-24,Delivered
3637,3637,2025-10-21,2025-10-24,Delivered
3638,3638,2025-11-26,2025-12-02,Delivered
3639,3639,,,Cancelled
3640,3640,2024-05-29,2024-06-04,Delivered
3641,3641,2025-01-31,2025-02-04,Returned
3642,3642,2024-06-01,2024-06-05,Delivered
3643,3643,,,Cancelled
3644,3644,2025-09-27,2025-09-29,Returned
3645,3645,2024-07-14,2024-07-19,Delivered
3646,3646,2024-08-19,2024-08-24,Delivered
3647,3647,2025-03-17,2025-03-19,Delivered
3648,3648,2024-02-29,2024-03-02,Delivered
3649,3649,2025-07-27,2025-08-03,Delivered
3650,3650,2024-05-03,2024-05-09,Delivered
3651,3651,2024-02-02,2024-02-05,Delivered
3652,3652,2024-08-10,2024-08-15,Delivered
3653,3653,2024-08-23,2024-08-29,Delivered
3654,3654,2025-11-20,2025-11-26,Delivered
3655,3655,,,Cancelled
3656,3656,,,Cancelled
3657,3657,,,Cancelled
3658,3658,,,Cancelled
3659,3659,2024-05-26,2024-06-04,Delivered
3660,3660,2024-12-16,2024-12-18,Delivered
3661,3661,2024-06-02,2024-06-08,Delivered
3662,3662,2025-07-13,2025-07-16,Delivered
3663,3663,2024-09-30,2024-10-04,Delivered
3664,3664,2025-08-12,2025-08-16,Delivered
3665,3665,2024-03-16,2024-03-18,Delivered
3666,3666,2025-03-14,2025-03-20,Delivered
3667,3667,2024-05-31,2024-06-06,Delivered
3668,3668,2025-08-10,2025-08-13,Returned
3669,3669,,,Cancelled
3670,3670,2024-10-01,2024-10-08,Delivered
3671,3671,,,Cancelled
3672,3672,,,Cancelled
3673,3673,2024-06-19,2024-06-25,Delivered
3674,3674,,,Cancelled
3675,3675,,,Cancelled
3676,3676,2024-03-07,2024-03-13,Delivered
3677,3677,2025-02-03,2025-02-10,Delivered
3678,3678,2025-11-18,2025-11-22,Delivered
3679,3679,2024-01-30,2024-02-03,Returned
3680,3680,2025-06-26,2025-07-01,Delivered
3681,3681,2024-03-25,2024-03-30,Delivered
3682,3682,2024-11-28,2024-12-07,Delivered
3683,3683,2024-07-01,2024-07-06,Delivered
3684,3684,2025-08-20,2025-08-24,Delivered
3685,3685,2024-05-30,2024-06-03,Delivered
3686,3686,2025-10-17,2025-10-21,Delivered
3687,3687,2025-05-23,2025-05-25,Delivered
3688,3688,2025-02-05,2025-02-10,Delivered
3689,3689,2025-04-06,2025-04-08,Delivered
3690,3690,2025-02-28,2025-03-02,Delivered
3691,3691,2024-12-21,2024-12-28,Delivered
3692,3692,2025-05-20,2025-05-27,Delivered
3693,3693,2025-01-31,2025-02-03,Returned
3694,3694,2025-12-18,2025-12-22,Delivered
3695,3695,2024-09-27,2024-09-30,Delivered
3696,3696,2025-11-23,2025-11-28,Delivered
3697,3697,2024-07-20,2024-07-27,Delivered
3698,3698,2024-04-03,2024-04-10,Returned
3699,3699,2025-01-04,2025-01-08,Returned
3700,3700,2024-12-20,2024-12-24,Delivered
3701,3701,2024-03-24,2024-03-31,Delivered
3702,3702,2024-06-19,2024-06-22,Delivered
3703,3703,2024-06-19,2024-06-21,Delivered
3704,3704,,,Cancelled
3705,3705,2024-11-22,2024-11-26,Delivered
3706,3706,2025-08-13,2025-08-18,Delivered
3707,3707,2024-08-14,2024-08-18,Delivered
3708,3708,2025-07-13,2025-07-17,Delivered
3709,3709,2024-02-21,2024-02-28,Returned
3710,3710,2025-08-16,2025-08-22,Delivered
3711,3711,2025-02-11,2025-02-15,Delivered
3712,3712,2024-04-07,2024-04-14,Delivered
3713,3713,2024-09-01,2024-09-06,Delivered
3714,3714,2024-04-16,2024-04-20,Delivered
3715,3715,2024-05-26,2024-05-30,Delivered
3716,3716,2025-11-15,2025-11-18,Delivered
3717,3717,,,Cancelled
3718,3718,,,Cancelled
3719,3719,2025-07-06,2025-07-10,Delivered
3720,3720,2024-09-26,2024-09-29,Returned
3721,3721,2024-06-25,2024-06-28,Delivered
3722,3722,2025-05-19,2025-05-23,Delivered
3723,3723,,,Cancelled
3724,3724,,,Cancelled
3725,3725,2025-06-14,2025-06-16,Delivered
3726,3726,2025-02-23,2025-02-28,Delivered
3727,3727,2025-04-06,2025-04-08,Delivered
3728,3728,2025-12-22,2025-12-27,Delivered
3729,3729,2025-03-15,2025-03-17,Delivered
3730,3730,2025-04-10,2025-04-16,Delivered
3731,3731,,,Cancelled
3732,3732,2024-06-01,2024-06-05,Delivered
3733,3733,2025-01-21,2025-01-25,Delivered
3734,3734,2024-06-25,2024-06-29,Delivered
3735,3735,2024-12-03,2024-12-07,Delivered
3736,3736,2025-11-27,2025-12-02,Delivered
3737,3737,2024-12-11,2024-12-15,Returned
3738,3738,2024-04-18,2024-04-25,Delivered
3739,3739,2024-06-05,2024-06-08,Delivered
3740,3740,2024-06-30,2024-07-09,Returned
3741,3741,2024-12-02,2024-12-05,Delivered
3742,3742,2025-09-02,2025-09-04,Delivered
3743,3743,2025-11-30,2025-12-04,Delivered
3744,3744,2025-09-17,2025-09-20,Delivered
3745,3745,2024-01-20,2024-01-24,Delivered
3746,3746,2024-02-09,2024-02-14,Delivered
3747,3747,2025-09-14,2025-09-19,Delivered
3748,3748,2025-07-12,2025-07-15,Returned
3749,3749,2025-12-11,2025-12-17,Delivered
3750,3750,2025-10-28,2025-11-01,Delivered
3751,3751,2024-12-14,2024-12-17,Delivered
3752,3752,2025-10-08,2025-10-13,Delivered
3753,3753,2024-12-24,2024-12-27,Delivered
3754,3754,2025-04-14,2025-04-16,Delivered
3755,3755,2024-04-04,2024-04-07,Returned
3756,3756,2025-07-12,2025-07-17,Delivered
3757,3757,2024-07-22,2024-07-26,Delivered
3758,3758,2024-07-11,2024-07-15,Returned
3759,3759,2024-10-10,2024-10-15,Delivered
3760,3760,2025-09-22,2025-09-25,Delivered
3761,3761,2025-04-18,2025-04-24,Delivered
3762,3762,2025-01-30,2025-02-02,Delivered
3763,3763,2025-08-12,2025-08-16,Delivered
3764,3764,2024-06-09,2024-06-14,Delivered
3765,3765,2024-07-22,2024-07-27,Returned
3766,3766,2025-10-23,2025-10-26,Delivered
3767,3767,2024-01-02,2024-01-11,Delivered
3768,3768,2025-10-05,2025-10-11,Delivered
3769,3769,2024-10-04,2024-10-10,Delivered
3770,3770,2025-01-06,2025-01-13,Delivered
3771,3771,2024-12-06,2024-12-09,Delivered
3772,3772,2024-02-02,2024-02-08,Delivered
3773,3773,2025-07-11,2025-07-18,Delivered
3774,3774,2025-01-21,2025-01-25,Delivered
3775,3775,2025-06-23,2025-06-29,Delivered
3776,3776,2024-07-21,2024-07-25,Delivered
3777,3777,2025-09-21,2025-09-25,Delivered
3778,3778,2025-10-14,2025-10-16,Delivered
3779,3779,2025-08-13,2025-08-20,Delivered
3780,3780,2024-08-16,2024-08-21,Delivered
3781,3781,2025-08-10,2025-08-14,Delivered
3782,3782,2024-09-26,2024-10-01,Delivered
3783,3783,2024-12-03,2024-12-12,Delivered
3784,3784,,,Cancelled
3785,3785,2025-02-05,2025-02-10,Returned
3786,3786,2025-02-20,2025-02-23,Delivered
3787,3787,2024-08-18,2024-08-22,Delivered
3788,3788,2025-12-04,2025-12-10,Delivered
3789,3789,2025-06-03,2025-06-06,Delivered
3790,3790,2025-01-15,2025-01-17,Delivered
3791,3791,2025-05-17,2025-05-22,Delivered
3792,3792,2025-07-29,2025-07-31,Delivered
3793,3793,2025-05-16,2025-05-19,Delivered
3794,3794,2024-08-18,2024-08-20,Delivered
3795,3795,,,Cancelled
3796,3796,2025-06-11,2025-06-14,Delivered
3797,3797,2024-04-28,2024-05-02,Delivered
3798,3798,2024-02-21,2024-02-28,Delivered
3799,3799,2024-12-09,2024-12-11,Delivered
3800,3800,,,Cancelled
3801,3801,2025-02-09,2025-02-15,Delivered
3802,3802,2025-04-10,2025-04-16,Delivered
3803,3803,2024-07-29,2024-08-02,Delivered
3804,3804,,,Cancelled
3805,3805,2025-03-06,2025-03-08,Delivered
3806,3806,2025-06-22,2025-06-27,Delivered
3807,3807,2025-04-06,2025-04-09,Delivered
3808,3808,2025-09-28,2025-10-04,Returned
3809,3809,2025-12-16,2025-12-22,Delivered
3810,3810,2024-04-01,2024-04-07,Delivered
3811,3811,2025-04-15,2025-04-20,Delivered
3812,3812,2024-05-05,2024-05-08,Delivered
3813,3813,2025-07-30,2025-08-03,Delivered
3814,3814,2024-05-17,2024-05-23,Delivered
3815,3815,,,Cancelled
3816,3816,2025-07-28,2025-08-03,Delivered
3817,3817,2024-05-22,2024-05-25,Delivered
3818,3818,2025-03-16,2025-03-25,Delivered
3819,3819,2025-08-21,2025-08-27,Delivered
3820,3820,2025-04-08,2025-04-12,Delivered
3821,3821,2024-06-21,2024-06-28,Delivered
3822,3822,2025-06-07,2025-06-10,Returned
3823,3823,2025-11-17,2025-11-24,Delivered
3824,3824,2025-08-28,2025-09-02,Returned
3825,3825,,,Cancelled
3826,3826,2024-07-02,2024-07-05,Delivered
3827,3827,2025-09-24,2025-09-27,Returned
3828,3828,2025-12-13,2025-12-17,Returned
3829,3829,,,Cancelled
3830,3830,2024-06-11,2024-06-13,Delivered
3831,3831,,,Cancelled
3832,3832,2024-08-31,2024-09-04,Delivered
3833,3833,,,Cancelled
3834,3834,2024-08-04,2024-08-06,Delivered
3835,3835,2024-02-05,2024-02-10,Delivered
3836,3836,2025-03-14,2025-03-17,Delivered
3837,3837,2024-04-15,2024-04-19,Delivered
3838,3838,2025-06-18,2025-06-22,Delivered
3839,3839,2025-08-26,2025-08-30,Returned
3840,3840,2024-05-30,2024-06-03,Returned
3841,3841,2024-08-17,2024-08-23,Delivered
3842,3842,2025-03-28,2025-04-01,Returned
3843,3843,2025-03-02,2025-03-07,Delivered
3844,3844,2025-01-13,2025-01-15,Returned
3845,3845,2024-06-21,2024-06-27,Delivered
3846,3846,2024-03-14,2024-03-17,Delivered
3847,3847,2024-06-29,2024-07-03,Delivered
3848,3848,2024-04-19,2024-04-26,Delivered
3849,3849,2024-03-08,2024-03-12,Delivered
3850,3850,2025-10-23,2025-10-27,Delivered
3851,3851,2024-04-05,2024-04-12,Delivered
3852,3852,2024-04-05,2024-04-08,Delivered
3853,3853,2025-05-18,2025-05-22,Delivered
3854,3854,2025-04-22,2025-04-27,Delivered
3855,3855,2025-04-28,2025-05-02,Delivered
3856,3856,2025-11-15,2025-11-19,Delivered
3857,3857,2024-12-27,2025-01-02,Delivered
3858,3858,2025-01-09,2025-01-14,Delivered
3859,3859,2024-05-19,2024-05-21,Delivered
3860,3860,2024-02-05,2024-02-11,Delivered
3861,3861,2025-06-09,2025-06-14,Delivered
3862,3862,2025-11-06,2025-11-08,Delivered
3863,3863,2025-02-07,2025-02-13,Delivered
3864,3864,2025-03-29,2025-04-01,Delivered
3865,3865,2024-03-08,2024-03-11,Delivered
3866,3866,2025-03-31,2025-04-03,Delivered
3867,3867,2025-08-04,2025-08-07,Delivered
3868,3868,2024-01-31,2024-02-04,Delivered
3869,3869,,,Cancelled
3870,3870,2025-02-28,2025-03-05,Returned
3871,3871,2025-03-16,2025-03-22,Delivered
3872,3872,2024-03-21,2024-03-25,Delivered
3873,3873,2025-07-19,2025-07-22,Delivered
3874,3874,2024-11-29,2024-12-02,Delivered
3875,3875,,,Cancelled
3876,3876,2024-07-29,2024-08-05,Delivered
3877,3877,2024-10-01,2024-10-04,Delivered
3878,3878,2025-10-24,2025-10-29,Delivered
3879,3879,2025-05-20,2025-05-23,Delivered
3880,3880,2024-10-24,2024-10-27,Returned
3881,3881,,,Cancelled
3882,3882,2025-05-26,2025-05-28,Delivered
3883,3883,2024-07-04,2024-07-10,Delivered
3884,3884,2025-08-20,2025-08-23,Delivered
3885,3885,2024-06-28,2024-06-30,Delivered
3886,3886,2024-12-08,2024-12-11,Delivered
3887,3887,,,Cancelled
3888,3888,2024-04-27,2024-05-01,Delivered
3889,3889,2024-12-03,2024-12-07,Delivered
3890,3890,2025-06-17,2025-06-20,Delivered
3891,3891,2025-11-24,2025-12-01,Delivered
3892,3892,2025-02-12,2025-02-16,Delivered
3893,3893,2024-02-28,2024-03-04,Delivered
3894,3894,2024-02-17,2024-02-20,Delivered
3895,3895,,,Cancelled
3896,3896,,,Cancelled
3897,3897,2024-12-24,2024-12-28,Delivered
3898,3898,2025-12-24,2025-12-31,Delivered
3899,3899,2024-07-11,2024-07-18,Delivered
3900,3900,2024-03-05,2024-03-12,Delivered
3901,3901,2024-11-06,2024-11-12,Returned
3902,3902,,,Cancelled
3903,3903,2024-11-25,2024-12-02,Delivered
3904,3904,,,Cancelled
3905,3905,2024-04-08,2024-04-11,Delivered
3906,3906,2025-08-17,2025-08-21,Delivered
3907,3907,2025-08-24,2025-08-31,Delivered
3908,3908,2024-04-05,2024-04-08,Delivered
3909,3909,2025-11-02,2025-11-07,Delivered
3910,3910,,,Cancelled
3911,3911,2025-03-04,2025-03-11,Delivered
3912,3912,2025-09-02,2025-09-06,Delivered
3913,3913,2024-04-28,2024-05-02,Delivered
3914,3914,2024-06-04,2024-06-11,Delivered
3915,3915,,,Cancelled
3916,3916,2025-12-19,2025-12-23,Delivered
3917,3917,2025-11-08,2025-11-12,Delivered
3918,3918,2025-11-22,2025-11-25,Delivered
3919,3919,2025-02-18,2025-02-22,Delivered
3920,3920,2024-02-15,2024-02-21,Delivered
3921,3921,2025-04-03,2025-04-09,Delivered
3922,3922,2025-06-28,2025-07-03,Returned
3923,3923,2025-10-02,2025-10-06,Delivered
3924,3924,2024-10-28,2024-10-31,Delivered
3925,3925,2024-12-12,2024-12-15,Delivered
3926,3926,2024-07-03,2024-07-09,Delivered
3927,3927,2024-11-05,2024-11-09,Delivered
3928,3928,2024-10-17,2024-10-22,Delivered
3929,3929,2024-01-25,2024-02-01,Delivered
3930,3930,2025-06-22,2025-06-26,Returned
3931,3931,2024-01-12,2024-01-15,Delivered
3932,3932,2024-06-03,2024-06-07,Delivered
3933,3933,2024-01-20,2024-01-24,Delivered
3934,3934,2025-01-13,2025-01-16,Delivered
3935,3935,2024-03-10,2024-03-15,Delivered
3936,3936,2024-08-08,2024-08-11,Delivered
3937,3937,2024-12-22,2024-12-27,Delivered
3938,3938,2025-05-24,2025-05-26,Delivered
3939,3939,2025-04-10,2025-04-14,Delivered
3940,3940,2025-03-13,2025-03-16,Delivered
3941,3941,2025-01-13,2025-01-18,Delivered
3942,3942,,,Cancelled
3943,3943,2024-03-19,2024-03-24,Delivered
3944,3944,2024-05-25,2024-05-28,Returned
3945,3945,2024-05-09,2024-05-13,Delivered
3946,3946,2024-08-27,2024-08-30,Delivered
3947,3947,2024-06-20,2024-06-24,Delivered
3948,3948,2024-03-30,2024-04-06,Delivered
3949,3949,2024-01-24,2024-01-29,Delivered
3950,3950,2024-10-17,2024-10-22,Delivered
3951,3951,2024-04-21,2024-04-30,Delivered
3952,3952,2024-06-14,2024-06-20,Delivered
3953,3953,2024-08-18,2024-08-24,Delivered
3954,3954,2024-02-04,2024-02-09,Delivered
3955,3955,,,Cancelled
3956,3956,,,Cancelled
3957,3957,2025-04-08,2025-04-11,Delivered
3958,3958,2024-11-12,2024-11-16,Delivered
3959,3959,2025-08-28,2025-09-02,Delivered
3960,3960,2025-01-17,2025-01-19,Delivered
3961,3961,2024-09-10,2024-09-14,Delivered
3962,3962,2024-05-22,2024-05-25,Delivered
3963,3963,2024-04-26,2024-04-29,Delivered
3964,3964,2024-05-02,2024-05-05,Delivered
3965,3965,2024-01-30,2024-02-03,Delivered
3966,3966,2024-08-26,2024-08-30,Delivered
3967,3967,2024-04-04,2024-04-09,Delivered
3968,3968,2024-02-14,2024-02-21,Delivered
3969,3969,2025-11-18,2025-11-24,Delivered
3970,3970,,,Cancelled
3971,3971,2024-12-19,2024-12-23,Delivered
3972,3972,2024-07-21,2024-07-26,Delivered
3973,3973,2024-04-17,2024-04-19,Delivered
3974,3974,2024-08-24,2024-08-31,Delivered
3975,3975,2024-10-24,2024-10-27,Returned
3976,3976,2024-10-12,2024-10-17,Delivered
3977,3977,2025-02-15,2025-02-20,Delivered
3978,3978,2024-01-28,2024-02-01,Delivered
3979,3979,,,Cancelled
3980,3980,2024-12-30,2025-01-03,Delivered
3981,3981,2025-09-04,2025-09-09,Delivered
3982,3982,2024-05-06,2024-05-09,Delivered
3983,3983,2025-11-21,2025-11-23,Delivered
3984,3984,,,Cancelled
3985,3985,,,Cancelled
3986,3986,2024-12-28,2025-01-03,Delivered
3987,3987,,,Cancelled
3988,3988,2024-02-04,2024-02-07,Returned
3989,3989,2025-03-03,2025-03-07,Delivered
3990,3990,2024-12-06,2024-12-10,Delivered
3991,3991,2024-03-13,2024-03-18,Delivered
3992,3992,2025-05-15,2025-05-18,Delivered
3993,3993,2024-09-17,2024-09-19,Delivered
3994,3994,2024-09-27,2024-10-04,Delivered
3995,3995,,,Cancelled
3996,3996,2025-12-18,2025-12-22,Delivered
3997,3997,2025-08-13,2025-08-19,Delivered
3998,3998,2025-12-27,2025-12-30,Delivered
3999,3999,2024-02-14,2024-02-18,Delivered
4000,4000,2024-02-09,2024-02-13,Delivered
4001,4001,2025-09-05,2025-09-07,Returned
4002,4002,2025-09-14,2025-09-17,Returned
4003,4003,2024-08-19,2024-08-21,Delivered
4004,4004,2025-08-28,2025-09-02,Delivered
4005,4005,2025-03-02,2025-03-06,Delivered
4006,4006,2024-10-27,2024-10-30,Delivered
4007,4007,2024-04-14,2024-04-21,Delivered
4008,4008,2024-02-22,2024-02-25,Delivered
4009,4009,,,Cancelled
4010,4010,2024-11-27,2024-11-29,Delivered
4011,4011,2025-12-07,2025-12-11,Delivered
4012,4012,2024-10-26,2024-10-30,Delivered
4013,4013,2025-09-19,2025-09-22,Delivered
4014,4014,2025-12-31,2026-01-05,Delivered
4015,4015,2025-11-10,2025-11-13,Delivered
4016,4016,2024-02-24,2024-02-28,Delivered
4017,4017,2025-07-09,2025-07-16,Delivered
4018,4018,2024-02-27,2024-03-02,Delivered
4019,4019,2024-02-01,2024-02-04,Delivered
4020,4020,,,Cancelled
4021,4021,2025-07-13,2025-07-16,Delivered
4022,4022,2025-12-22,2025-12-27,Delivered
4023,4023,2025-06-02,2025-06-08,Delivered
4024,4024,2024-04-27,2024-04-30,Returned
4025,4025,,,Cancelled
4026,4026,2025-10-05,2025-10-10,Returned
4027,4027,2025-11-10,2025-11-17,Delivered
4028,4028,2024-03-16,2024-03-21,Returned
4029,4029,2024-09-26,2024-09-30,Delivered
4030,4030,2024-05-05,2024-05-11,Returned
4031,4031,2025-01-02,2025-01-09,Delivered
4032,4032,2024-08-28,2024-08-31,Returned
4033,4033,2025-06-06,2025-06-12,Delivered
4034,4034,2025-07-08,2025-07-14,Delivered
4035,4035,2024-09-23,2024-09-29,Delivered
4036,4036,2024-11-26,2024-11-30,Delivered
4037,4037,2024-07-04,2024-07-09,Delivered
4038,4038,2024-11-04,2024-11-07,Delivered
4039,4039,2025-10-27,2025-10-31,Delivered
4040,4040,2025-06-08,2025-06-17,Delivered
4041,4041,2024-10-06,2024-10-11,Delivered
4042,4042,2025-07-30,2025-08-06,Delivered
4043,4043,2025-02-07,2025-02-12,Returned
4044,4044,2025-05-04,2025-05-06,Delivered
4045,4045,2024-02-16,2024-02-18,Delivered
4046,4046,,,Cancelled
4047,4047,2025-08-18,2025-08-22,Delivered
4048,4048,,,Cancelled
4049,4049,2024-09-13,2024-09-16,Delivered
4050,4050,2025-12-09,2025-12-12,Delivered
4051,4051,2025-01-24,2025-01-29,Delivered
4052,4052,2025-04-19,2025-04-25,Delivered
4053,4053,2025-11-07,2025-11-16,Delivered
4054,4054,2024-10-29,2024-11-01,Delivered
4055,4055,2025-03-08,2025-03-11,Delivered
4056,4056,2025-09-18,2025-09-22,Delivered
4057,4057,2024-09-29,2024-10-01,Delivered
4058,4058,2025-04-10,2025-04-14,Delivered
4059,4059,2025-03-31,2025-04-09,Delivered
4060,4060,2024-04-16,2024-04-21,Delivered
4061,4061,2025-01-01,2025-01-06,Delivered
4062,4062,2025-10-09,2025-10-14,Delivered
4063,4063,2024-05-11,2024-05-15,Delivered
4064,4064,2024-08-17,2024-08-21,Delivered
4065,4065,2025-12-16,2025-12-19,Delivered
4066,4066,2025-03-24,2025-03-29,Returned
4067,4067,2025-05-07,2025-05-13,Returned
4068,4068,2025-06-24,2025-06-26,Delivered
4069,4069,2025-03-13,2025-03-18,Delivered
4070,4070,2024-04-02,2024-04-05,Delivered
4071,4071,,,Cancelled
4072,4072,2024-09-12,2024-09-17,Delivered
4073,4073,2025-10-20,2025-10-25,Returned
4074,4074,2024-07-29,2024-08-02,Delivered
4075,4075,2024-08-08,2024-08-14,Delivered
4076,4076,2024-01-04,2024-01-09,Delivered
4077,4077,2024-02-16,2024-02-19,Delivered
4078,4078,2024-04-07,2024-04-09,Delivered
4079,4079,,,Cancelled
4080,4080,2024-10-15,2024-10-22,Delivered
4081,4081,2024-05-10,2024-05-17,Delivered
4082,4082,,,Cancelled
4083,4083,2024-10-24,2024-10-29,Delivered
4084,4084,,,Cancelled
4085,4085,2025-05-11,2025-05-15,Delivered
4086,4086,2024-05-12,2024-05-16,Delivered
4087,4087,2025-08-11,2025-08-14,Delivered
4088,4088,2025-07-11,2025-07-16,Delivered
4089,4089,2025-04-18,2025-04-22,Delivered
4090,4090,2024-03-25,2024-03-31,Delivered
4091,4091,,,Cancelled
4092,4092,2024-07-11,2024-07-16,Delivered
4093,4093,2024-09-29,2024-10-02,Delivered
4094,4094,2025-07-07,2025-07-11,Delivered
4095,4095,2025-12-17,2025-12-19,Delivered
4096,4096,2025-07-18,2025-07-22,Delivered
4097,4097,2025-01-28,2025-01-31,Delivered
4098,4098,2024-04-05,2024-04-11,Delivered
4099,4099,2024-11-20,2024-11-23,Delivered
4100,4100,2025-09-21,2025-09-27,Delivered
4101,4101,,,Cancelled
4102,4102,2025-05-06,2025-05-12,Delivered
4103,4103,2025-01-28,2025-01-30,Delivered
4104,4104,2024-03-15,2024-03-21,Delivered
4105,4105,,,Cancelled
4106,4106,2025-07-25,2025-07-30,Delivered
4107,4107,2024-09-14,2024-09-21,Returned
4108,4108,2024-05-11,2024-05-15,Delivered
4109,4109,2024-12-02,2024-12-07,Delivered
4110,4110,2025-05-15,2025-05-24,Delivered
4111,4111,2025-11-04,2025-11-07,Delivered
4112,4112,2024-05-21,2024-05-26,Delivered
4113,4113,2024-09-15,2024-09-19,Delivered
4114,4114,2025-01-22,2025-01-25,Delivered
4115,4115,2025-07-26,2025-07-30,Delivered
4116,4116,2025-02-26,2025-03-01,Delivered
4117,4117,2024-09-26,2024-09-30,Delivered
4118,4118,2024-11-15,2024-11-21,Delivered
4119,4119,2025-05-18,2025-05-22,Delivered
4120,4120,2024-01-31,2024-02-03,Delivered
4121,4121,2024-11-14,2024-11-19,Returned
4122,4122,2025-06-03,2025-06-08,Delivered
4123,4123,2024-09-08,2024-09-11,Delivered
4124,4124,,,Cancelled
4125,4125,2025-03-07,2025-03-12,Delivered
4126,4126,2024-04-22,2024-04-24,Delivered
4127,4127,2025-09-16,2025-09-23,Delivered
4128,4128,2024-01-13,2024-01-18,Returned
4129,4129,2024-06-14,2024-06-20,Delivered
4130,4130,2024-10-31,2024-11-04,Returned
4131,4131,2025-04-08,2025-04-17,Returned
4132,4132,2025-12-13,2025-12-19,Delivered
4133,4133,2024-05-20,2024-05-25,Delivered
4134,4134,2024-02-01,2024-02-06,Delivered
4135,4135,2025-12-30,2026-01-03,Delivered
4136,4136,2025-06-02,2025-06-05,Delivered
4137,4137,2025-10-18,2025-10-23,Returned
4138,4138,2025-07-05,2025-07-09,Delivered
4139,4139,2025-06-13,2025-06-20,Delivered
4140,4140,2025-07-29,2025-08-03,Delivered
4141,4141,2024-06-27,2024-07-04,Delivered
4142,4142,2025-01-04,2025-01-06,Returned
4143,4143,2024-01-15,2024-01-22,Delivered
4144,4144,,,Cancelled
4145,4145,2025-03-12,2025-03-17,Delivered
4146,4146,2024-06-19,2024-06-25,Delivered
4147,4147,2024-08-24,2024-08-26,Delivered
4148,4148,2024-12-19,2024-12-23,Delivered
4149,4149,2025-08-26,2025-08-30,Delivered
4150,4150,2025-07-01,2025-07-06,Delivered
4151,4151,2025-10-14,2025-10-18,Delivered
4152,4152,2025-06-11,2025-06-17,Delivered
4153,4153,2025-11-20,2025-11-29,Delivered
4154,4154,,,Cancelled
4155,4155,2024-10-02,2024-10-05,Delivered
4156,4156,2025-03-16,2025-03-20,Delivered
4157,4157,2024-10-22,2024-10-25,Delivered
4158,4158,,,Cancelled
4159,4159,2024-04-27,2024-04-30,Returned
4160,4160,2026-01-03,2026-01-08,Delivered
4161,4161,2025-09-23,2025-09-25,Delivered
4162,4162,2025-12-02,2025-12-07,Delivered
4163,4163,,,Cancelled
4164,4164,2024-07-31,2024-08-06,Delivered
4165,4165,2025-10-21,2025-10-23,Delivered
4166,4166,2024-06-24,2024-06-30,Delivered
4167,4167,2025-07-25,2025-07-30,Delivered
4168,4168,2024-03-17,2024-03-21,Delivered
4169,4169,2025-11-03,2025-11-06,Delivered
4170,4170,2024-03-10,2024-03-16,Delivered
4171,4171,2024-09-12,2024-09-17,Delivered
4172,4172,2025-10-14,2025-10-23,Delivered
4173,4173,2024-08-26,2024-08-31,Delivered
4174,4174,2024-05-30,2024-06-01,Delivered
4175,4175,,,Cancelled
4176,4176,2024-02-08,2024-02-11,Delivered
4177,4177,2024-04-17,2024-04-19,Delivered
4178,4178,2025-02-12,2025-02-15,Delivered
4179,4179,,,Cancelled
4180,4180,2024-06-27,2024-07-03,Delivered
4181,4181,2025-11-19,2025-11-24,Delivered
4182,4182,2024-02-25,2024-03-01,Delivered
4183,4183,2025-01-07,2025-01-11,Delivered
4184,4184,2025-09-29,2025-10-05,Delivered
4185,4185,2025-07-21,2025-07-24,Delivered
4186,4186,2025-10-31,2025-11-06,Delivered
4187,4187,2025-10-22,2025-10-27,Delivered
4188,4188,2025-04-14,2025-04-18,Delivered
4189,4189,2025-07-07,2025-07-10,Delivered
4190,4190,2025-08-07,2025-08-10,Delivered
4191,4191,2025-06-25,2025-06-27,Delivered
4192,4192,2025-12-09,2025-12-16,Delivered
4193,4193,2025-05-10,2025-05-14,Delivered
4194,4194,2025-05-07,2025-05-11,Delivered
4195,4195,2025-12-01,2025-12-03,Delivered
4196,4196,,,Cancelled
4197,4197,2025-07-08,2025-07-11,Returned
4198,4198,2024-09-16,2024-09-21,Delivered
4199,4199,2024-07-28,2024-08-02,Delivered
4200,4200,2025-04-07,2025-04-11,Delivered
4201,4201,2025-08-05,2025-08-08,Delivered
4202,4202,2025-10-24,2025-10-27,Delivered
4203,4203,2025-02-07,2025-02-11,Returned
4204,4204,2024-08-04,2024-08-06,Delivered
4205,4205,2024-02-22,2024-02-25,Delivered
4206,4206,2024-08-07,2024-08-16,Delivered
4207,4207,2024-05-02,2024-05-07,Delivered
4208,4208,2024-01-04,2024-01-09,Delivered
4209,4209,2025-01-31,2025-02-03,Delivered
4210,4210,2024-02-17,2024-02-20,Delivered
4211,4211,,,Cancelled
4212,4212,2025-11-25,2025-12-04,Delivered
4213,4213,2024-01-15,2024-01-21,Delivered
4214,4214,2024-07-15,2024-07-18,Delivered
4215,4215,,,Cancelled
4216,4216,2025-07-21,2025-07-28,Returned
4217,4217,2024-09-09,2024-09-15,Returned
4218,4218,2025-06-08,2025-06-11,Delivered
4219,4219,2025-03-08,2025-03-12,Delivered
4220,4220,2024-11-20,2024-11-22,Delivered
4221,4221,2024-11-21,2024-11-25,Delivered
4222,4222,2024-01-07,2024-01-12,Delivered
4223,4223,,,Cancelled
4224,4224,2025-01-14,2025-01-18,Returned
4225,4225,2025-08-28,2025-09-04,Delivered
4226,4226,,,Cancelled
4227,4227,2025-03-23,2025-03-29,Returned
4228,4228,2025-02-06,2025-02-13,Delivered
4229,4229,2024-01-16,2024-01-19,Delivered
4230,4230,2024-11-05,2024-11-11,Delivered
4231,4231,2024-08-20,2024-08-25,Delivered
4232,4232,2025-07-10,2025-07-13,Delivered
4233,4233,2025-08-31,2025-09-05,Delivered
4234,4234,2024-02-13,2024-02-18,Delivered
4235,4235,2025-07-30,2025-08-02,Delivered
4236,4236,2024-07-27,2024-08-02,Delivered
4237,4237,2025-07-03,2025-07-06,Delivered
4238,4238,2025-02-19,2025-02-25,Delivered
4239,4239,2024-01-19,2024-01-23,Delivered
4240,4240,2025-07-27,2025-08-03,Delivered
4241,4241,2025-08-05,2025-08-10,Delivered
4242,4242,2025-11-09,2025-11-11,Delivered
4243,4243,2024-03-18,2024-03-23,Delivered
4244,4244,2025-08-29,2025-09-02,Delivered
4245,4245,2024-03-23,2024-03-28,Delivered
4246,4246,2024-01-27,2024-01-30,Delivered
4247,4247,2024-01-26,2024-01-29,Delivered
4248,4248,2025-12-21,2025-12-23,Delivered
4249,4249,2025-10-10,2025-10-14,Delivered
4250,4250,2024-07-11,2024-07-15,Delivered
4251,4251,2025-07-23,2025-07-26,Delivered
4252,4252,2025-08-11,2025-08-15,Returned
4253,4253,2024-03-17,2024-03-21,Delivered
4254,4254,2024-11-20,2024-11-22,Delivered
4255,4255,2024-10-26,2024-10-31,Delivered
4256,4256,2024-05-24,2024-05-28,Delivered
4257,4257,2024-07-10,2024-07-14,Delivered
4258,4258,2025-10-23,2025-10-26,Delivered
4259,4259,2025-09-16,2025-09-19,Delivered
4260,4260,2024-05-23,2024-05-29,Delivered
4261,4261,2024-05-26,2024-05-31,Returned
4262,4262,2025-06-09,2025-06-13,Delivered
4263,4263,2025-12-28,2026-01-01,Delivered
4264,4264,2024-10-01,2024-10-05,Delivered
4265,4265,2024-12-23,2024-12-28,Delivered
4266,4266,2024-02-19,2024-02-25,Delivered
4267,4267,,,Cancelled
4268,4268,2024-05-11,2024-05-14,Delivered
4269,4269,2025-12-30,2026-01-08,Delivered
4270,4270,2024-02-23,2024-02-27,Delivered
4271,4271,2025-12-23,2025-12-26,Delivered
4272,4272,2024-02-27,2024-03-05,Delivered
4273,4273,,,Cancelled
4274,4274,2024-07-03,2024-07-09,Delivered
4275,4275,,,Cancelled
4276,4276,2024-10-15,2024-10-18,Delivered
4277,4277,2025-06-19,2025-06-21,Returned
4278,4278,2025-06-14,2025-06-17,Delivered
4279,4279,2025-04-09,2025-04-12,Delivered
4280,4280,2024-03-16,2024-03-19,Returned
4281,4281,2025-01-20,2025-01-24,Delivered
4282,4282,2024-12-28,2025-01-02,Delivered
4283,4283,2024-03-04,2024-03-11,Delivered
4284,4284,2024-01-05,2024-01-09,Delivered
4285,4285,2024-04-22,2024-04-28,Delivered
4286,4286,2025-03-14,2025-03-21,Delivered
4287,4287,2025-01-07,2025-01-14,Returned
4288,4288,,,Cancelled
4289,4289,2024-07-24,2024-07-31,Delivered
4290,4290,2025-03-19,2025-03-26,Delivered
4291,4291,2024-01-08,2024-01-17,Delivered
4292,4292,,,Cancelled
4293,4293,2024-11-17,2024-11-21,Delivered
4294,4294,2024-10-28,2024-11-02,Delivered
4295,4295,2025-08-07,2025-08-10,Delivered
4296,4296,2025-07-23,2025-07-26,Delivered
4297,4297,2025-02-28,2025-03-04,Delivered
4298,4298,2024-10-15,2024-10-18,Delivered
4299,4299,2024-04-01,2024-04-08,Delivered
4300,4300,2024-05-25,2024-06-01,Delivered
4301,4301,2025-07-07,2025-07-12,Delivered
4302,4302,2024-03-15,2024-03-19,Delivered
4303,4303,2024-06-08,2024-06-11,Delivered
4304,4304,2025-09-20,2025-09-24,Delivered
4305,4305,,,Cancelled
4306,4306,2025-01-06,2025-01-11,Delivered
4307,4307,,,Cancelled
4308,4308,2025-03-07,2025-03-11,Delivered
4309,4309,2024-10-08,2024-10-10,Delivered
4310,4310,2025-03-16,2025-03-22,Delivered
4311,4311,2024-08-13,2024-08-16,Returned
4312,4312,2024-11-03,2024-11-06,Delivered
4313,4313,2024-11-09,2024-11-13,Delivered
4314,4314,2025-01-27,2025-01-30,Returned
4315,4315,2025-02-21,2025-02-27,Delivered
4316,4316,2024-12-11,2024-12-15,Delivered
4317,4317,2024-10-11,2024-10-15,Delivered
4318,4318,2025-04-05,2025-04-08,Delivered
4319,4319,2025-01-10,2025-01-15,Delivered
4320,4320,,,Cancelled
4321,4321,2024-02-07,2024-02-09,Returned
4322,4322,2024-11-30,2024-12-07,Delivered
4323,4323,2025-12-20,2025-12-29,Delivered
4324,4324,,,Cancelled
4325,4325,2024-03-27,2024-04-02,Delivered
4326,4326,2025-02-02,2025-02-06,Delivered
4327,4327,2024-01-22,2024-01-24,Delivered
4328,4328,2025-12-25,2025-12-31,Delivered
4329,4329,2025-12-06,2025-12-12,Delivered
4330,4330,2024-01-27,2024-01-30,Delivered
4331,4331,2024-08-28,2024-09-01,Delivered
4332,4332,2024-10-04,2024-10-09,Returned
4333,4333,,,Cancelled
4334,4334,2024-05-21,2024-05-28,Delivered
4335,4335,,,Cancelled
4336,4336,,,Cancelled
4337,4337,2025-12-19,2025-12-26,Delivered
4338,4338,,,Cancelled
4339,4339,2024-07-09,2024-07-16,Returned
4340,4340,2025-12-06,2025-12-09,Delivered
4341,4341,2025-10-13,2025-10-17,Delivered
4342,4342,2024-10-17,2024-10-22,Returned
4343,4343,2024-04-13,2024-04-15,Delivered
4344,4344,2024-05-13,2024-05-16,Delivered
4345,4345,2024-12-30,2025-01-01,Delivered
4346,4346,2025-01-12,2025-01-16,Delivered
4347,4347,2025-11-16,2025-11-18,Delivered
4348,4348,2024-10-24,2024-11-02,Delivered
4349,4349,2024-11-09,2024-11-18,Delivered
4350,4350,2025-08-17,2025-08-20,Delivered
4351,4351,,,Cancelled
4352,4352,2024-02-18,2024-02-21,Delivered
4353,4353,2024-10-20,2024-10-23,Delivered
4354,4354,,,Cancelled
4355,4355,2024-08-16,2024-08-19,Delivered
4356,4356,2025-09-25,2025-09-29,Returned
4357,4357,,,Cancelled
4358,4358,2025-08-04,2025-08-09,Delivered
4359,4359,2025-02-02,2025-02-07,Delivered
4360,4360,2025-05-16,2025-05-21,Returned
4361,4361,2025-10-22,2025-10-26,Delivered
4362,4362,2025-07-16,2025-07-20,Delivered
4363,4363,2025-03-27,2025-03-31,Delivered
4364,4364,2025-12-16,2025-12-19,Returned
4365,4365,2024-10-02,2024-10-09,Delivered
4366,4366,2024-08-12,2024-08-17,Delivered
4367,4367,2024-10-23,2024-10-27,Delivered
4368,4368,2025-01-20,2025-01-23,Delivered
4369,4369,2025-05-20,2025-05-25,Delivered
4370,4370,2024-06-12,2024-06-19,Delivered
4371,4371,2024-06-15,2024-06-21,Delivered
4372,4372,2024-03-17,2024-03-22,Delivered
4373,4373,2024-11-19,2024-11-21,Delivered
4374,4374,2024-07-10,2024-07-16,Delivered
4375,4375,2024-09-19,2024-09-24,Delivered
4376,4376,2024-07-12,2024-07-19,Returned
4377,4377,2024-06-03,2024-06-10,Delivered
4378,4378,2024-12-05,2024-12-07,Delivered
4379,4379,2024-02-05,2024-02-11,Delivered
4380,4380,2025-03-08,2025-03-10,Delivered
4381,4381,2024-01-07,2024-01-11,Delivered
4382,4382,2025-07-25,2025-07-29,Delivered
4383,4383,,,Cancelled
4384,4384,2024-04-03,2024-04-08,Delivered
4385,4385,2024-05-22,2024-05-26,Returned
4386,4386,2025-11-26,2025-11-29,Returned
4387,4387,2025-04-13,2025-04-16,Delivered
4388,4388,2025-07-24,2025-07-29,Delivered
4389,4389,2025-08-05,2025-08-09,Delivered
4390,4390,2025-09-02,2025-09-04,Delivered
4391,4391,2024-02-19,2024-02-22,Returned
4392,4392,2025-03-06,2025-03-11,Delivered
4393,4393,2024-01-12,2024-01-16,Delivered
4394,4394,2024-12-29,2025-01-01,Delivered
4395,4395,,,Cancelled
4396,4396,2025-09-05,2025-09-09,Delivered
4397,4397,2024-04-30,2024-05-06,Delivered
4398,4398,2024-06-16,2024-06-25,Delivered
4399,4399,2024-01-08,2024-01-14,Delivered
4400,4400,2024-06-23,2024-06-27,Delivered
4401,4401,2025-11-10,2025-11-14,Delivered
4402,4402,2025-06-23,2025-06-28,Delivered
4403,4403,2025-05-18,2025-05-24,Delivered
4404,4404,2025-08-03,2025-08-07,Delivered
4405,4405,2024-04-25,2024-04-29,Delivered
4406,4406,2025-01-18,2025-01-24,Delivered
4407,4407,2025-08-27,2025-08-31,Delivered
4408,4408,2025-12-10,2025-12-19,Delivered
4409,4409,2024-04-09,2024-04-14,Delivered
4410,4410,2025-12-29,2026-01-03,Delivered
4411,4411,2024-12-16,2024-12-22,Delivered
4412,4412,,,Cancelled
4413,4413,2025-07-16,2025-07-22,Delivered
4414,4414,2025-06-05,2025-06-09,Delivered
4415,4415,2025-06-06,2025-06-12,Delivered
4416,4416,2024-11-17,2024-11-23,Delivered
4417,4417,2024-05-22,2024-05-27,Delivered
4418,4418,2024-06-17,2024-06-22,Delivered
4419,4419,2024-08-07,2024-08-11,Delivered
4420,4420,2025-10-05,2025-10-08,Delivered
4421,4421,2024-06-11,2024-06-15,Delivered
4422,4422,2024-10-15,2024-10-17,Returned
4423,4423,2024-08-05,2024-08-11,Delivered
4424,4424,2025-06-23,2025-06-27,Delivered
4425,4425,2025-01-04,2025-01-06,Delivered
4426,4426,2025-12-21,2025-12-28,Delivered
4427,4427,2025-10-06,2025-10-09,Delivered
4428,4428,2025-10-12,2025-10-21,Returned
4429,4429,2025-12-14,2025-12-17,Delivered
4430,4430,2024-05-15,2024-05-21,Delivered
4431,4431,,,Cancelled
4432,4432,2025-01-18,2025-01-22,Delivered
4433,4433,2024-05-15,2024-05-18,Delivered
4434,4434,2024-02-20,2024-02-25,Delivered
4435,4435,2024-01-05,2024-01-08,Returned
4436,4436,2024-12-20,2024-12-23,Delivered
4437,4437,2025-03-27,2025-04-03,Delivered
4438,4438,2025-08-24,2025-08-28,Delivered
4439,4439,2024-05-18,2024-05-21,Delivered
4440,4440,2024-06-15,2024-06-18,Delivered
4441,4441,2025-12-04,2025-12-11,Delivered
4442,4442,2025-01-23,2025-01-28,Delivered
4443,4443,2024-06-14,2024-06-20,Delivered
4444,4444,2024-08-14,2024-08-20,Returned
4445,4445,,,Cancelled
4446,4446,2025-07-11,2025-07-17,Delivered
4447,4447,2025-02-08,2025-02-10,Delivered
4448,4448,2024-07-27,2024-07-31,Delivered
4449,4449,2025-05-30,2025-06-02,Delivered
4450,4450,,,Cancelled
4451,4451,2025-02-07,2025-02-09,Returned
4452,4452,2024-02-14,2024-02-20,Delivered
4453,4453,2024-06-06,2024-06-11,Delivered
4454,4454,2025-02-09,2025-02-13,Delivered
4455,4455,2025-08-20,2025-08-24,Delivered
4456,4456,2024-09-20,2024-09-26,Delivered
4457,4457,2025-03-18,2025-03-21,Returned
4458,4458,2024-11-11,2024-11-17,Delivered
4459,4459,2024-08-21,2024-08-23,Delivered
4460,4460,2024-11-08,2024-11-13,Delivered
4461,4461,2025-04-11,2025-04-17,Delivered
4462,4462,2025-01-30,2025-02-06,Delivered
4463,4463,2024-05-02,2024-05-05,Delivered
4464,4464,2024-09-20,2024-09-24,Delivered
4465,4465,2024-05-23,2024-05-29,Delivered
4466,4466,2025-07-24,2025-07-27,Delivered
4467,4467,2024-06-06,2024-06-11,Delivered
4468,4468,,,Cancelled
4469,4469,2025-07-02,2025-07-09,Delivered
4470,4470,2025-12-07,2025-12-11,Delivered
4471,4471,2025-02-23,2025-02-25,Delivered
4472,4472,2024-11-15,2024-11-21,Delivered
4473,4473,2025-08-08,2025-08-10,Delivered
4474,4474,2024-07-25,2024-07-28,Delivered
4475,4475,2024-05-18,2024-05-25,Returned
4476,4476,,,Cancelled
4477,4477,2024-03-01,2024-03-03,Delivered
4478,4478,2024-09-10,2024-09-17,Returned
4479,4479,2024-02-06,2024-02-09,Delivered
4480,4480,,,Cancelled
4481,4481,2025-05-28,2025-06-02,Delivered
4482,4482,,,Cancelled
4483,4483,2025-02-05,2025-02-14,Delivered
4484,4484,2025-05-29,2025-06-05,Delivered
4485,4485,,,Cancelled
4486,4486,2024-10-02,2024-10-09,Delivered
4487,4487,2025-10-14,2025-10-17,Returned
4488,4488,2024-09-03,2024-09-06,Delivered
4489,4489,2024-10-06,2024-10-12,Delivered
4490,4490,2025-09-01,2025-09-04,Delivered
4491,4491,2024-03-07,2024-03-10,Delivered
4492,4492,2024-05-10,2024-05-17,Delivered
4493,4493,2025-01-16,2025-01-25,Delivered
4494,4494,2024-01-12,2024-01-19,Delivered
4495,4495,2025-09-27,2025-10-01,Delivered
4496,4496,2024-12-17,2024-12-21,Delivered
4497,4497,2024-05-28,2024-06-04,Delivered
4498,4498,2025-08-15,2025-08-21,Delivered
4499,4499,2025-04-03,2025-04-07,Delivered
4500,4500,2024-09-03,2024-09-09,Delivered
4501,4501,2024-05-20,2024-05-22,Delivered
4502,4502,2025-08-27,2025-08-31,Delivered
4503,4503,2024-05-06,2024-05-10,Delivered
4504,4504,2024-09-30,2024-10-03,Delivered
4505,4505,2024-09-13,2024-09-20,Returned
4506,4506,2024-05-02,2024-05-07,Delivered
4507,4507,2024-11-15,2024-11-19,Delivered
4508,4508,2025-04-09,2025-04-11,Delivered
4509,4509,2025-04-15,2025-04-19,Delivered
4510,4510,2025-12-01,2025-12-05,Delivered
4511,4511,2025-12-04,2025-12-10,Delivered
4512,4512,,,Cancelled
4513,4513,2024-05-06,2024-05-09,Delivered
4514,4514,,,Cancelled
4515,4515,2024-10-17,2024-10-23,Delivered
4516,4516,2025-11-07,2025-11-10,Delivered
4517,4517,2025-03-21,2025-03-25,Delivered
4518,4518,2024-10-01,2024-10-03,Delivered
4519,4519,2025-05-28,2025-06-03,Delivered
4520,4520,,,Cancelled
4521,4521,2025-11-25,2025-11-28,Delivered
4522,4522,,,Cancelled
4523,4523,2025-04-01,2025-04-05,Delivered
4524,4524,2025-03-19,2025-03-24,Delivered
4525,4525,2024-07-12,2024-07-15,Delivered
4526,4526,2024-10-14,2024-10-19,Delivered
4527,4527,2025-10-09,2025-10-13,Delivered
4528,4528,2025-03-28,2025-04-01,Delivered
4529,4529,2025-01-14,2025-01-19,Delivered
4530,4530,2024-02-19,2024-02-24,Delivered
4531,4531,2025-05-13,2025-05-19,Delivered
4532,4532,2024-03-09,2024-03-16,Delivered
4533,4533,2025-11-10,2025-11-14,Delivered
4534,4534,2025-09-12,2025-09-18,Delivered
4535,4535,2025-12-12,2025-12-17,Delivered
4536,4536,2025-02-12,2025-02-17,Delivered
4537,4537,2024-04-01,2024-04-03,Returned
4538,4538,2024-02-06,2024-02-09,Delivered
4539,4539,2025-09-30,2025-10-07,Delivered
4540,4540,2025-06-15,2025-06-19,Delivered
4541,4541,2024-01-31,2024-02-05,Delivered
4542,4542,2025-10-10,2025-10-14,Delivered
4543,4543,2024-05-12,2024-05-16,Delivered
4544,4544,2024-12-27,2025-01-03,Delivered
4545,4545,2024-08-30,2024-09-06,Delivered
4546,4546,2025-12-11,2025-12-18,Delivered
4547,4547,2024-07-16,2024-07-21,Delivered
4548,4548,2024-01-05,2024-01-09,Delivered
4549,4549,,,Cancelled
4550,4550,2024-08-18,2024-08-21,Delivered
4551,4551,2025-03-10,2025-03-17,Delivered
4552,4552,2024-02-07,2024-02-12,Delivered
4553,4553,2024-02-21,2024-02-24,Returned
4554,4554,2025-06-08,2025-06-13,Delivered
4555,4555,2024-05-06,2024-05-11,Delivered
4556,4556,2024-07-24,2024-07-27,Delivered
4557,4557,2025-05-20,2025-05-25,Delivered
4558,4558,,,Cancelled
4559,4559,,,Cancelled
4560,4560,2025-11-26,2025-11-29,Delivered
4561,4561,2025-12-26,2025-12-29,Returned
4562,4562,2025-11-16,2025-11-20,Delivered
4563,4563,,,Cancelled
4564,4564,2025-02-18,2025-02-22,Delivered
4565,4565,2024-09-27,2024-10-02,Delivered
4566,4566,2024-08-10,2024-08-13,Returned
4567,4567,2024-06-16,2024-06-19,Delivered
4568,4568,2024-04-19,2024-04-24,Delivered
4569,4569,2024-12-22,2024-12-26,Returned
4570,4570,2025-08-03,2025-08-07,Delivered
4571,4571,,,Cancelled
4572,4572,2024-12-30,2025-01-01,Delivered
4573,4573,2025-09-26,2025-09-29,Delivered
4574,4574,2024-02-21,2024-02-28,Delivered
4575,4575,2025-10-13,2025-10-17,Delivered
4576,4576,,,Cancelled
4577,4577,2025-06-30,2025-07-04,Delivered
4578,4578,2025-05-20,2025-05-27,Delivered
4579,4579,2024-01-10,2024-01-12,Delivered
4580,4580,2025-07-28,2025-08-03,Delivered
4581,4581,2025-07-30,2025-08-01,Delivered
4582,4582,2025-11-07,2025-11-12,Delivered
4583,4583,2024-06-29,2024-07-05,Delivered
4584,4584,2024-10-21,2024-10-25,Delivered
4585,4585,2025-05-01,2025-05-05,Delivered
4586,4586,2024-11-20,2024-11-25,Delivered
4587,4587,2024-02-17,2024-02-21,Delivered
4588,4588,2024-03-18,2024-03-22,Returned
4589,4589,2024-03-10,2024-03-14,Delivered
4590,4590,2024-10-04,2024-10-07,Delivered
4591,4591,2025-11-22,2025-11-25,Delivered
4592,4592,2024-01-21,2024-01-25,Returned
4593,4593,2025-08-16,2025-08-18,Delivered
4594,4594,2025-08-31,2025-09-05,Delivered
4595,4595,2025-01-04,2025-01-08,Delivered
4596,4596,2024-01-02,2024-01-05,Delivered
4597,4597,2025-03-24,2025-03-28,Delivered
4598,4598,2025-10-01,2025-10-10,Delivered
4599,4599,2025-11-09,2025-11-12,Delivered
4600,4600,2024-07-28,2024-08-02,Delivered
4601,4601,2025-03-19,2025-03-23,Delivered
4602,4602,2025-08-06,2025-08-11,Delivered
4603,4603,2025-08-04,2025-08-09,Delivered
4604,4604,2024-06-20,2024-06-22,Delivered
4605,4605,2024-08-26,2024-08-31,Delivered
4606,4606,2024-07-09,2024-07-13,Delivered
4607,4607,2025-11-25,2025-11-28,Delivered
4608,4608,2025-12-15,2025-12-19,Returned
4609,4609,2025-09-29,2025-10-04,Delivered
4610,4610,,,Cancelled
4611,4611,2024-08-02,2024-08-09,Delivered
4612,4612,2025-12-19,2025-12-23,Delivered
4613,4613,2025-09-10,2025-09-13,Delivered
4614,4614,2024-12-05,2024-12-12,Delivered
4615,4615,2025-06-11,2025-06-20,Delivered
4616,4616,2025-10-17,2025-10-19,Delivered
4617,4617,2024-05-30,2024-06-05,Delivered
4618,4618,,,Cancelled
4619,4619,2024-12-25,2024-12-29,Delivered
4620,4620,2024-10-18,2024-10-22,Delivered
4621,4621,2024-10-19,2024-10-24,Delivered
4622,4622,2024-01-05,2024-01-11,Delivered
4623,4623,2025-04-23,2025-04-29,Delivered
4624,4624,2025-11-15,2025-11-20,Delivered
4625,4625,2025-08-11,2025-08-13,Delivered
4626,4626,2024-11-13,2024-11-15,Delivered
4627,4627,2025-01-31,2025-02-03,Delivered
4628,4628,2024-09-21,2024-09-25,Delivered
4629,4629,2024-09-10,2024-09-14,Delivered
4630,4630,2025-04-28,2025-05-05,Delivered
4631,4631,2025-02-01,2025-02-05,Delivered
4632,4632,2024-07-11,2024-07-13,Delivered
4633,4633,2025-10-14,2025-10-21,Delivered
4634,4634,2025-08-07,2025-08-16,Delivered
4635,4635,2024-07-30,2024-08-06,Delivered
4636,4636,2025-04-23,2025-04-28,Delivered
4637,4637,2024-12-25,2024-12-29,Delivered
4638,4638,2025-04-20,2025-04-29,Delivered
4639,4639,2024-11-04,2024-11-08,Returned
4640,4640,2024-11-18,2024-11-23,Delivered
4641,4641,,,Cancelled
4642,4642,2024-12-10,2024-12-13,Delivered
4643,4643,2024-10-17,2024-10-21,Delivered
4644,4644,2024-11-03,2024-11-10,Delivered
4645,4645,2024-10-29,2024-11-01,Delivered
4646,4646,2024-09-21,2024-09-25,Delivered
4647,4647,2025-09-19,2025-09-23,Delivered
4648,4648,2025-09-10,2025-09-13,Delivered
4649,4649,2024-09-06,2024-09-10,Returned
4650,4650,2024-10-12,2024-10-18,Delivered
4651,4651,,,Cancelled
4652,4652,2024-01-20,2024-01-23,Delivered
4653,4653,2025-11-07,2025-11-11,Delivered
4654,4654,2024-08-20,2024-08-27,Delivered
4655,4655,2025-03-07,2025-03-10,Delivered
4656,4656,2024-08-12,2024-08-16,Delivered
4657,4657,2025-10-20,2025-10-22,Delivered
4658,4658,2024-10-05,2024-10-11,Delivered
4659,4659,2024-01-12,2024-01-18,Delivered
4660,4660,2025-12-09,2025-12-14,Delivered
4661,4661,2024-02-17,2024-02-21,Delivered
4662,4662,2025-06-17,2025-06-19,Delivered
4663,4663,2025-12-30,2026-01-03,Delivered
4664,4664,,,Cancelled
4665,4665,2024-02-11,2024-02-15,Delivered
4666,4666,2024-10-12,2024-10-17,Delivered
4667,4667,2025-01-26,2025-01-31,Delivered
4668,4668,2024-08-19,2024-08-23,Delivered
4669,4669,,,Cancelled
4670,4670,2024-05-21,2024-05-30,Delivered
4671,4671,,,Cancelled
4672,4672,2025-01-02,2025-01-06,Delivered
4673,4673,2024-07-14,2024-07-17,Delivered
4674,4674,2025-11-26,2025-12-02,Returned
4675,4675,2025-03-17,2025-03-20,Returned
4676,4676,2024-08-12,2024-08-16,Delivered
4677,4677,2025-07-22,2025-07-26,Delivered
4678,4678,2024-12-04,2024-12-10,Delivered
4679,4679,2024-03-16,2024-03-22,Returned
4680,4680,,,Cancelled
4681,4681,,,Cancelled
4682,4682,2025-11-20,2025-11-25,Delivered
4683,4683,2024-09-14,2024-09-17,Delivered
4684,4684,2024-07-07,2024-07-10,Delivered
4685,4685,2024-04-23,2024-04-28,Delivered
4686,4686,2025-04-08,2025-04-15,Delivered
4687,4687,2025-12-13,2025-12-18,Delivered
4688,4688,2025-07-08,2025-07-14,Delivered
4689,4689,2025-10-30,2025-11-04,Delivered
4690,4690,,,Cancelled
4691,4691,2025-08-21,2025-08-30,Delivered
4692,4692,2025-11-03,2025-11-09,Delivered
4693,4693,,,Cancelled
4694,4694,2025-04-24,2025-04-27,Delivered
4695,4695,,,Cancelled
4696,4696,2024-06-09,2024-06-15,Delivered
4697,4697,2025-01-13,2025-01-19,Delivered
4698,4698,2025-07-28,2025-07-31,Returned
4699,4699,2025-02-05,2025-02-08,Delivered
4700,4700,,,Cancelled
4701,4701,2024-06-14,2024-06-18,Delivered
4702,4702,2024-06-08,2024-06-14,Delivered
4703,4703,2024-05-21,2024-05-24,Delivered
4704,4704,2025-08-11,2025-08-14,Delivered
4705,4705,2024-01-14,2024-01-17,Delivered
4706,4706,2024-09-17,2024-09-20,Delivered
4707,4707,2025-12-12,2025-12-15,Delivered
4708,4708,2025-04-14,2025-04-18,Returned
4709,4709,2025-03-26,2025-04-01,Delivered
4710,4710,2025-09-18,2025-09-22,Delivered
4711,4711,,,Cancelled
4712,4712,2024-06-27,2024-06-30,Delivered
4713,4713,2024-02-29,2024-03-07,Returned
4714,4714,2024-08-26,2024-08-31,Delivered
4715,4715,2024-09-22,2024-09-29,Delivered
4716,4716,2024-08-10,2024-08-15,Delivered
4717,4717,2024-05-16,2024-05-20,Delivered
4718,4718,2025-04-15,2025-04-19,Returned
4719,4719,2025-08-21,2025-08-25,Delivered
4720,4720,2024-01-19,2024-01-23,Delivered
4721,4721,2024-06-19,2024-06-28,Delivered
4722,4722,2024-02-25,2024-03-03,Delivered
4723,4723,2025-02-28,2025-03-05,Delivered
4724,4724,2025-04-21,2025-04-25,Delivered
4725,4725,2025-05-03,2025-05-09,Delivered
4726,4726,2024-11-26,2024-12-01,Delivered
4727,4727,2025-09-09,2025-09-12,Returned
4728,4728,2025-02-01,2025-02-04,Delivered
4729,4729,2025-07-06,2025-07-11,Delivered
4730,4730,2025-04-26,2025-04-30,Delivered
4731,4731,2024-03-08,2024-03-13,Delivered
4732,4732,2024-02-14,2024-02-17,Delivered
4733,4733,2025-01-31,2025-02-03,Delivered
4734,4734,,,Cancelled
4735,4735,2024-05-31,2024-06-06,Delivered
4736,4736,2024-07-14,2024-07-18,Delivered
4737,4737,2024-03-22,2024-03-26,Delivered
4738,4738,2024-03-31,2024-04-06,Delivered
4739,4739,2025-06-10,2025-06-13,Delivered
4740,4740,2025-12-07,2025-12-14,Delivered
4741,4741,2025-09-23,2025-09-27,Delivered
4742,4742,,,Cancelled
4743,4743,2025-05-14,2025-05-19,Delivered
4744,4744,2025-10-09,2025-10-13,Delivered
4745,4745,2024-04-18,2024-04-21,Returned
4746,4746,2024-09-17,2024-09-21,Delivered
4747,4747,,,Cancelled
4748,4748,2024-04-24,2024-04-30,Delivered
4749,4749,2024-05-26,2024-05-31,Returned
4750,4750,2024-09-18,2024-09-23,Delivered
4751,4751,2024-07-08,2024-07-11,Delivered
4752,4752,2024-10-25,2024-10-29,Delivered
4753,4753,2024-07-02,2024-07-06,Delivered
4754,4754,,,Cancelled
4755,4755,2024-07-17,2024-07-24,Delivered
4756,4756,2025-12-12,2025-12-18,Delivered
4757,4757,2024-10-25,2024-10-28,Delivered
4758,4758,2024-01-20,2024-01-24,Delivered
4759,4759,2025-05-28,2025-06-02,Delivered
4760,4760,2024-12-07,2024-12-14,Delivered
4761,4761,,,Cancelled
4762,4762,2025-12-02,2025-12-07,Delivered
4763,4763,2024-12-26,2024-12-28,Delivered
4764,4764,2024-11-18,2024-11-20,Delivered
4765,4765,2025-05-26,2025-05-28,Delivered
4766,4766,2024-07-08,2024-07-11,Delivered
4767,4767,2024-08-03,2024-08-09,Returned
4768,4768,2024-11-22,2024-11-25,Delivered
4769,4769,2025-04-09,2025-04-13,Delivered
4770,4770,,,Cancelled
4771,4771,2024-06-09,2024-06-15,Delivered
4772,4772,2025-02-14,2025-02-20,Delivered
4773,4773,2025-09-13,2025-09-16,Delivered
4774,4774,2025-08-12,2025-08-16,Returned
4775,4775,2025-09-01,2025-09-05,Delivered
4776,4776,2025-02-27,2025-03-03,Delivered
4777,4777,2024-11-24,2024-12-01,Delivered
4778,4778,2025-08-20,2025-08-29,Delivered
4779,4779,2025-04-21,2025-04-24,Delivered
4780,4780,2025-10-24,2025-10-29,Delivered
4781,4781,2024-11-01,2024-11-05,Delivered
4782,4782,2024-02-14,2024-02-17,Delivered
4783,4783,2025-11-13,2025-11-17,Delivered
4784,4784,2025-10-26,2025-10-31,Delivered
4785,4785,2024-07-21,2024-07-26,Delivered
4786,4786,2025-11-04,2025-11-10,Delivered
4787,4787,2024-02-15,2024-02-17,Delivered
4788,4788,,,Cancelled
4789,4789,2025-10-21,2025-10-25,Delivered
4790,4790,2024-04-07,2024-04-13,Delivered
4791,4791,2024-11-01,2024-11-07,Delivered
4792,4792,2024-04-26,2024-04-30,Delivered
4793,4793,2025-03-22,2025-03-25,Delivered
4794,4794,,,Cancelled
4795,4795,2025-08-22,2025-08-25,Delivered
4796,4796,2025-07-25,2025-07-31,Delivered
4797,4797,,,Cancelled
4798,4798,2024-01-02,2024-01-06,Delivered
4799,4799,,,Cancelled
4800,4800,2025-03-30,2025-04-04,Delivered
4801,4801,2024-11-19,2024-11-26,Delivered
4802,4802,2025-02-02,2025-02-08,Delivered
4803,4803,2025-02-14,2025-02-20,Delivered
4804,4804,2024-05-04,2024-05-09,Delivered
4805,4805,2024-08-11,2024-08-14,Delivered
4806,4806,2025-09-18,2025-09-22,Delivered
4807,4807,2024-05-29,2024-06-07,Delivered
4808,4808,2024-01-19,2024-01-21,Delivered
4809,4809,2024-10-20,2024-10-26,Delivered
4810,4810,2024-08-11,2024-08-15,Delivered
4811,4811,2025-06-09,2025-06-14,Delivered
4812,4812,2024-04-25,2024-05-01,Delivered
4813,4813,,,Cancelled
4814,4814,2025-08-26,2025-08-28,Delivered
4815,4815,2024-10-13,2024-10-18,Delivered
4816,4816,2025-11-01,2025-11-05,Delivered
4817,4817,2024-04-25,2024-04-29,Delivered
4818,4818,2024-08-14,2024-08-23,Delivered
4819,4819,2025-12-08,2025-12-10,Delivered
4820,4820,2024-03-06,2024-03-11,Delivered
4821,4821,2024-06-16,2024-06-22,Delivered
4822,4822,,,Cancelled
4823,4823,2024-11-26,2024-11-28,Delivered
4824,4824,2024-07-05,2024-07-11,Delivered
4825,4825,2024-08-31,2024-09-03,Delivered
4826,4826,2025-01-01,2025-01-07,Delivered
4827,4827,2025-03-06,2025-03-12,Delivered
4828,4828,2025-08-04,2025-08-08,Delivered
4829,4829,2025-02-12,2025-02-19,Delivered
4830,4830,2025-04-15,2025-04-18,Returned
4831,4831,,,Cancelled
4832,4832,2024-07-31,2024-08-04,Delivered
4833,4833,2025-11-21,2025-11-25,Delivered
4834,4834,2025-02-22,2025-02-26,Delivered
4835,4835,,,Cancelled
4836,4836,2025-07-12,2025-07-17,Delivered
4837,4837,2024-04-19,2024-04-26,Delivered
4838,4838,2024-04-24,2024-04-28,Returned
4839,4839,2024-06-08,2024-06-10,Delivered
4840,4840,2024-07-26,2024-07-30,Delivered
4841,4841,2024-04-13,2024-04-18,Delivered
4842,4842,,,Cancelled
4843,4843,,,Cancelled
4844,4844,2025-05-06,2025-05-13,Delivered
4845,4845,2025-12-21,2025-12-27,Delivered
4846,4846,2025-05-10,2025-05-15,Delivered
4847,4847,2024-02-15,2024-02-18,Delivered
4848,4848,2025-01-15,2025-01-21,Delivered
4849,4849,2025-07-06,2025-07-08,Delivered
4850,4850,2024-10-01,2024-10-08,Delivered
4851,4851,2024-05-12,2024-05-17,Delivered
4852,4852,2025-02-26,2025-03-05,Delivered
4853,4853,2025-12-15,2025-12-19,Delivered
4854,4854,,,Cancelled
4855,4855,2024-09-12,2024-09-15,Delivered
4856,4856,2025-11-09,2025-11-12,Delivered
4857,4857,,,Cancelled
4858,4858,2025-12-20,2025-12-22,Delivered
4859,4859,2025-02-15,2025-02-22,Delivered
4860,4860,2025-09-19,2025-09-26,Delivered
4861,4861,2024-05-22,2024-05-24,Delivered
4862,4862,2025-09-25,2025-10-04,Delivered
4863,4863,2024-06-18,2024-06-22,Delivered
4864,4864,2024-10-07,2024-10-09,Delivered
4865,4865,2024-01-12,2024-01-14,Delivered
4866,4866,,,Cancelled
4867,4867,2025-04-03,2025-04-07,Delivered
4868,4868,2025-09-27,2025-10-06,Delivered
4869,4869,2024-03-08,2024-03-14,Delivered
4870,4870,2025-05-14,2025-05-20,Delivered
4871,4871,2025-09-04,2025-09-09,Delivered
4872,4872,2025-05-26,2025-05-31,Delivered
4873,4873,2025-09-25,2025-09-28,Delivered
4874,4874,2024-03-20,2024-03-24,Delivered
4875,4875,2025-06-01,2025-06-04,Delivered
4876,4876,,,Cancelled
4877,4877,2025-10-09,2025-10-13,Delivered
4878,4878,2025-08-20,2025-08-24,Delivered
4879,4879,2025-01-26,2025-02-01,Delivered
4880,4880,2024-02-01,2024-02-06,Delivered
4881,4881,2025-09-12,2025-09-17,Delivered
4882,4882,2025-02-10,2025-02-15,Delivered
4883,4883,2024-05-02,2024-05-06,Delivered
4884,4884,2025-04-16,2025-04-20,Delivered
4885,4885,,,Cancelled
4886,4886,2025-07-14,2025-07-17,Delivered
4887,4887,2024-09-16,2024-09-20,Delivered
4888,4888,2024-08-16,2024-08-21,Delivered
4889,4889,2025-08-10,2025-08-16,Delivered
4890,4890,2024-02-13,2024-02-22,Delivered
4891,4891,2025-07-08,2025-07-12,Delivered
4892,4892,,,Cancelled
4893,4893,2024-04-19,2024-04-24,Delivered
4894,4894,2024-08-31,2024-09-03,Delivered
4895,4895,,,Cancelled
4896,4896,2024-01-02,2024-01-07,Delivered
4897,4897,2025-02-05,2025-02-07,Delivered
4898,4898,2025-09-05,2025-09-12,Delivered
4899,4899,2025-01-02,2025-01-07,Delivered
4900,4900,2024-09-26,2024-09-30,Delivered
4901,4901,,,Cancelled
4902,4902,2025-03-19,2025-03-26,Delivered
4903,4903,,,Cancelled
4904,4904,2024-05-04,2024-05-08,Delivered
4905,4905,2025-10-23,2025-10-26,Delivered
4906,4906,2024-07-28,2024-08-03,Delivered
4907,4907,2024-05-08,2024-05-11,Delivered
4908,4908,2024-11-01,2024-11-05,Returned
4909,4909,2024-05-15,2024-05-24,Delivered
4910,4910,2025-02-08,2025-02-13,Delivered
4911,4911,,,Cancelled
4912,4912,2025-01-20,2025-01-27,Delivered
4913,4913,2025-01-23,2025-01-27,Delivered
4914,4914,,,Cancelled
4915,4915,,,Cancelled
4916,4916,2024-11-19,2024-11-24,Delivered
4917,4917,2024-07-06,2024-07-12,Delivered
4918,4918,2024-08-31,2024-09-04,Returned
4919,4919,2025-11-08,2025-11-10,Delivered
4920,4920,2024-09-24,2024-09-28,Delivered
4921,4921,2025-02-03,2025-02-06,Delivered
4922,4922,2024-11-30,2024-12-05,Delivered
4923,4923,2025-03-24,2025-03-29,Delivered
4924,4924,2024-08-26,2024-08-29,Delivered
4925,4925,2025-05-18,2025-05-27,Returned
4926,4926,2024-12-10,2024-12-14,Delivered
4927,4927,,,Cancelled
4928,4928,2025-09-04,2025-09-06,Delivered
4929,4929,2025-02-08,2025-02-11,Delivered
4930,4930,2024-04-04,2024-04-08,Returned
4931,4931,2025-05-01,2025-05-06,Returned
4932,4932,2024-05-29,2024-06-02,Returned
4933,4933,2024-06-11,2024-06-16,Delivered
4934,4934,2025-10-22,2025-10-24,Delivered
4935,4935,2024-12-23,2024-12-27,Delivered
4936,4936,2024-11-25,2024-11-30,Delivered
4937,4937,2025-08-24,2025-08-27,Delivered
4938,4938,2024-12-23,2024-12-27,Delivered
4939,4939,2024-04-16,2024-04-18,Delivered
4940,4940,2024-12-02,2024-12-05,Delivered
4941,4941,2025-04-07,2025-04-11,Delivered
4942,4942,,,Cancelled
4943,4943,2025-01-08,2025-01-13,Delivered
4944,4944,2025-04-05,2025-04-11,Delivered
4945,4945,2024-08-26,2024-09-01,Delivered
4946,4946,2024-05-27,2024-06-03,Delivered
4947,4947,,,Cancelled
4948,4948,2025-04-18,2025-04-21,Delivered
4949,4949,2025-12-21,2025-12-23,Delivered
4950,4950,2024-10-26,2024-10-30,Delivered
4951,4951,2024-08-25,2024-08-31,Delivered
4952,4952,2024-08-16,2024-08-20,Delivered
4953,4953,,,Cancelled
4954,4954,2025-12-06,2025-12-08,Delivered
4955,4955,2025-06-20,2025-06-24,Returned
4956,4956,2024-02-10,2024-02-14,Delivered
4957,4957,2024-06-30,2024-07-04,Delivered
4958,4958,2024-06-28,2024-07-01,Delivered
4959,4959,,,Cancelled
4960,4960,2024-07-08,2024-07-11,Delivered
4961,4961,2024-07-06,2024-07-13,Delivered
4962,4962,,,Cancelled
4963,4963,2024-12-04,2024-12-06,Delivered
4964,4964,2025-06-09,2025-06-18,Delivered
4965,4965,2024-04-22,2024-04-26,Delivered
4966,4966,2024-07-12,2024-07-14,Delivered
4967,4967,2025-05-26,2025-05-31,Delivered
4968,4968,2025-01-25,2025-02-03,Delivered
4969,4969,2025-08-28,2025-09-02,Returned
4970,4970,2024-08-03,2024-08-06,Delivered
4971,4971,,,Cancelled
4972,4972,2025-03-19,2025-03-22,Returned
4973,4973,2024-02-25,2024-02-28,Delivered
4974,4974,2024-02-01,2024-02-03,Delivered
4975,4975,2025-07-02,2025-07-06,Delivered
4976,4976,2024-08-22,2024-08-28,Delivered
4977,4977,2024-08-30,2024-09-04,Delivered
4978,4978,2024-04-10,2024-04-13,Delivered
4979,4979,2025-02-24,2025-03-03,Delivered
4980,4980,2024-10-23,2024-10-29,Delivered
4981,4981,2024-10-13,2024-10-18,Returned
4982,4982,2025-06-16,2025-06-20,Delivered
4983,4983,2025-11-20,2025-11-23,Delivered
4984,4984,2025-01-17,2025-01-20,Delivered
4985,4985,2025-01-16,2025-01-21,Delivered
4986,4986,2025-08-08,2025-08-11,Delivered
4987,4987,2025-06-15,2025-06-21,Delivered
4988,4988,2024-02-23,2024-02-28,Delivered
4989,4989,2025-08-21,2025-08-24,Delivered
4990,4990,,,Cancelled
4991,4991,2024-03-18,2024-03-23,Delivered
4992,4992,2024-07-13,2024-07-15,Delivered
4993,4993,2025-04-08,2025-04-10,Delivered
4994,4994,2024-12-05,2024-12-07,Delivered
4995,4995,2024-09-27,2024-09-30,Delivered
4996,4996,2024-10-01,2024-10-08,Delivered
4997,4997,2024-06-13,2024-06-17,Returned
4998,4998,2024-04-18,2024-04-21,Delivered
4999,4999,2025-10-16,2025-10-25,Delivered
5000,5000,,,Cancelled
